go_id	name
GO:0000009	alpha-1,6-mannosyltransferase activity
GO:0000010	heptaprenyl diphosphate synthase activity
GO:0000012	single strand break repair
GO:0000014	single-stranded DNA endonuclease activity
GO:0000015	phosphopyruvate hydratase complex
GO:0000019	regulation of mitotic recombination
GO:0000025	maltose catabolic process
GO:0000026	alpha-1,2-mannosyltransferase activity
GO:0000027	ribosomal large subunit assembly
GO:0000028	ribosomal small subunit assembly
GO:0000030	mannosyltransferase activity
GO:0000032	cell wall mannoprotein biosynthetic process
GO:0000035	acyl binding
GO:0000036	acyl carrier activity
GO:0000041	transition metal ion transport
GO:0000045	autophagosome assembly
GO:0000049	tRNA binding
GO:0000050	urea cycle
GO:0000053	GO:0000053
GO:0000054	ribosomal subunit export from nucleus
GO:0000055	ribosomal large subunit export from nucleus
GO:0000056	ribosomal small subunit export from nucleus
GO:0000062	fatty-acyl-CoA binding
GO:0000064	L-ornithine transmembrane transporter activity
GO:0000070	mitotic sister chromatid segregation
GO:0000076	DNA replication checkpoint signaling
GO:0000077	DNA damage checkpoint signaling
GO:0000079	regulation of cyclin-dependent protein serine/threonine kinase activity
GO:0000082	G1/S transition of mitotic cell cycle
GO:0000086	G2/M transition of mitotic cell cycle
GO:0000095	S-adenosyl-L-methionine transmembrane transporter activity
GO:0000103	sulfate assimilation
GO:0000105	L-histidine biosynthetic process
GO:0000107	imidazoleglycerol-phosphate synthase activity
GO:0000109	nucleotide-excision repair complex
GO:0000110	nucleotide-excision repair factor 1 complex
GO:0000111	nucleotide-excision repair factor 2 complex
GO:0000112	nucleotide-excision repair factor 3 complex
GO:0000118	histone deacetylase complex
GO:0000120	RNA polymerase I transcription regulator complex
GO:0000122	negative regulation of transcription by RNA polymerase II
GO:0000123	histone acetyltransferase complex
GO:0000124	SAGA complex
GO:0000126	transcription factor TFIIIB complex
GO:0000127	transcription factor TFIIIC complex
GO:0000132	establishment of mitotic spindle orientation
GO:0000138	Golgi trans cisterna
GO:0000139	Golgi membrane
GO:0000145	exocyst
GO:0000146	microfilament motor activity
GO:0000148	1,3-beta-D-glucan synthase complex
GO:0000149	SNARE binding
GO:0000150	DNA strand exchange activity
GO:0000151	ubiquitin ligase complex
GO:0000152	nuclear ubiquitin ligase complex
GO:0000153	cytoplasmic ubiquitin ligase complex
GO:0000155	phosphorelay sensor kinase activity
GO:0000156	phosphorelay response regulator activity
GO:0000159	protein phosphatase type 2A complex
GO:0000160	phosphorelay signal transduction system
GO:0000162	L-tryptophan biosynthetic process
GO:0000165	MAPK cascade
GO:0000166	nucleotide binding
GO:0000172	ribonuclease MRP complex
GO:0000175	3'-5'-RNA exonuclease activity
GO:0000176	nuclear exosome (RNase complex)
GO:0000177	cytoplasmic exosome (RNase complex)
GO:0000178	exosome (RNase complex)
GO:0000179	rRNA (adenine-N6,N6-)-dimethyltransferase activity
GO:0000184	nuclear-transcribed mRNA catabolic process, nonsense-mediated decay
GO:0000209	protein polyubiquitination
GO:0000210	NAD+ diphosphatase activity
GO:0000212	meiotic spindle organization
GO:0000213	tRNA-intron lyase activity
GO:0000214	tRNA-intron endonuclease complex
GO:0000215	tRNA 2'-phosphotransferase activity
GO:0000217	DNA secondary structure binding
GO:0000220	vacuolar proton-transporting V-type ATPase, V0 domain
GO:0000221	vacuolar proton-transporting V-type ATPase, V1 domain
GO:0000224	peptide-N4-(N-acetyl-beta-glucosaminyl)asparagine amidase activity
GO:0000225	N-acetylglucosaminylphosphatidylinositol deacetylase activity
GO:0000226	microtubule cytoskeleton organization
GO:0000228	nuclear chromosome
GO:0000234	phosphoethanolamine N-methyltransferase activity
GO:0000243	commitment complex
GO:0000244	spliceosomal tri-snRNP complex assembly
GO:0000245	spliceosomal complex assembly
GO:0000247	C-8 sterol isomerase activity
GO:0000248	C-5 sterol desaturase activity
GO:0000249	C-22 sterol desaturase (NADPH) activity
GO:0000254	C-4 methylsterol oxidase activity
GO:0000256	allantoin catabolic process
GO:0000257	nitrilase activity
GO:0000262	mitochondrial chromosome
GO:0000266	mitochondrial fission
GO:0000271	polysaccharide biosynthetic process
GO:0000272	polysaccharide catabolic process
GO:0000278	mitotic cell cycle
GO:0000280	nuclear division
GO:0000281	mitotic cytokinesis
GO:0000285	1-phosphatidylinositol-3-phosphate 5-kinase activity
GO:0000287	magnesium ion binding
GO:0000288	nuclear-transcribed mRNA catabolic process, deadenylation-dependent decay
GO:0000289	nuclear-transcribed mRNA poly(A) tail shortening
GO:0000290	deadenylation-dependent decapping of nuclear-transcribed mRNA
GO:0000293	ferric-chelate reductase activity
GO:0000301	retrograde transport, vesicle recycling within Golgi
GO:0000302	response to reactive oxygen species
GO:0000307	cyclin-dependent protein kinase holoenzyme complex
GO:0000309	nicotinamide-nucleotide adenylyltransferase activity
GO:0000312	plastid small ribosomal subunit
GO:0000322	storage vacuole
GO:0000323	lytic vacuole
GO:0000325	plant-type vacuole
GO:0000333	telomerase catalytic core complex
GO:0000338	protein deneddylation
GO:0000339	RNA cap binding
GO:0000340	RNA 7-methylguanosine cap binding
GO:0000346	transcription export complex
GO:0000347	THO complex
GO:0000349	generation of catalytic spliceosome for first transesterification step
GO:0000350	generation of catalytic spliceosome for second transesterification step
GO:0000373	Group II intron splicing
GO:0000375	RNA splicing, via transesterification reactions
GO:0000377	RNA splicing, via transesterification reactions with bulged adenosine as nucleophile
GO:0000379	tRNA-type intron splice site recognition and cleavage
GO:0000380	alternative mRNA splicing, via spliceosome
GO:0000381	regulation of alternative mRNA splicing, via spliceosome
GO:0000386	second spliceosomal transesterification activity
GO:0000387	spliceosomal snRNP assembly
GO:0000389	mRNA 3'-splice site recognition
GO:0000390	spliceosomal complex disassembly
GO:0000395	mRNA 5'-splice site recognition
GO:0000398	mRNA splicing, via spliceosome
GO:0000400	four-way junction DNA binding
GO:0000403	Y-form DNA binding
GO:0000406	double-strand/single-strand DNA junction binding
GO:0000407	phagophore assembly site
GO:0000408	EKC/KEOPS complex
GO:0000413	protein peptidyl-prolyl isomerization
GO:0000417	HIR complex
GO:0000418	RNA polymerase IV complex
GO:0000419	RNA polymerase V complex
GO:0000421	autophagosome membrane
GO:0000422	autophagy of mitochondrion
GO:0000423	mitophagy
GO:0000425	pexophagy
GO:0000427	plastid-encoded plastid RNA polymerase complex
GO:0000428	DNA-directed RNA polymerase complex
GO:0000439	transcription factor TFIIH core complex
GO:0000444	MIS12/MIND type complex
GO:0000445	THO complex part of transcription export complex
GO:0000447	endonucleolytic cleavage in ITS1 to separate SSU-rRNA from 5.8S rRNA and LSU-rRNA from tricistronic rRNA transcript (SSU-rRNA, 5.8S rRNA, LSU-rRNA)
GO:0000448	cleavage in ITS2 between 5.8S rRNA and LSU-rRNA of tricistronic rRNA transcript (SSU-rRNA, 5.8S rRNA, LSU-rRNA)
GO:0000454	snoRNA guided rRNA pseudouridine synthesis
GO:0000455	enzyme-directed rRNA pseudouridine synthesis
GO:0000460	maturation of 5.8S rRNA
GO:0000461	endonucleolytic cleavage to generate mature 3'-end of SSU-rRNA from (SSU-rRNA, 5.8S rRNA, LSU-rRNA)
GO:0000462	maturation of SSU-rRNA from tricistronic rRNA transcript (SSU-rRNA, 5.8S rRNA, LSU-rRNA)
GO:0000463	maturation of LSU-rRNA from tricistronic rRNA transcript (SSU-rRNA, 5.8S rRNA, LSU-rRNA)
GO:0000466	maturation of 5.8S rRNA from tricistronic rRNA transcript (SSU-rRNA, 5.8S rRNA, LSU-rRNA)
GO:0000467	exonucleolytic trimming to generate mature 3'-end of 5.8S rRNA from tricistronic rRNA transcript (SSU-rRNA, 5.8S rRNA, LSU-rRNA)
GO:0000470	maturation of LSU-rRNA
GO:0000472	endonucleolytic cleavage to generate mature 5'-end of SSU-rRNA from (SSU-rRNA, 5.8S rRNA, LSU-rRNA)
GO:0000479	endonucleolytic cleavage of tricistronic rRNA transcript (SSU-rRNA, 5.8S rRNA, LSU-rRNA)
GO:0000480	endonucleolytic cleavage in 5'-ETS of tricistronic rRNA transcript (SSU-rRNA, 5.8S rRNA, LSU-rRNA)
GO:0000481	maturation of 5S rRNA
GO:0000488	maturation of LSU-rRNA from tetracistronic rRNA transcript (SSU-rRNA, LSU-rRNA, 4.5S-rRNA, 5S-rRNA)
GO:0000489	maturation of SSU-rRNA from tetracistronic rRNA transcript (SSU-rRNA, LSU-rRNA, 4.5S-rRNA, 5S-rRNA)
GO:0000491	small nucleolar ribonucleoprotein complex assembly
GO:0000492	box C/D snoRNP assembly
GO:0000493	box H/ACA snoRNP assembly
GO:0000494	box C/D sno(s)RNA 3'-end processing
GO:0000495	box H/ACA sno(s)RNA 3'-end processing
GO:0000500	RNA polymerase I upstream activating factor complex
GO:0000502	proteasome complex
GO:0000506	glycosylphosphatidylinositol-N-acetylglucosaminyltransferase (GPI-GnT) complex
GO:0000578	embryonic axis specification
GO:0000701	purine-specific mismatch base pair DNA N-glycosylase activity
GO:0000703	oxidized pyrimidine nucleobase lesion DNA N-glycosylase activity
GO:0000706	meiotic DNA double-strand break processing
GO:0000707	meiotic DNA recombinase assembly
GO:0000709	meiotic joint molecule formation
GO:0000710	meiotic mismatch repair
GO:0000712	resolution of meiotic recombination intermediates
GO:0000719	photoreactive repair
GO:0000722	telomere maintenance via recombination
GO:0000723	telomere maintenance
GO:0000724	double-strand break repair via homologous recombination
GO:0000725	recombinational repair
GO:0000727	double-strand break repair via break-induced replication
GO:0000729	DNA double-strand break processing
GO:0000730	DNA recombinase assembly
GO:0000731	DNA synthesis involved in DNA repair
GO:0000741	karyogamy
GO:0000773	phosphatidyl-N-methylethanolamine N-methyltransferase activity
GO:0000774	adenyl-nucleotide exchange factor activity
GO:0000775	chromosome, centromeric region
GO:0000776	kinetochore
GO:0000779	condensed chromosome, centromeric region
GO:0000781	chromosome, telomeric region
GO:0000783	nuclear telomere cap complex
GO:0000785	chromatin
GO:0000786	nucleosome
GO:0000791	euchromatin
GO:0000792	heterochromatin
GO:0000793	condensed chromosome
GO:0000794	condensed nuclear chromosome
GO:0000795	synaptonemal complex
GO:0000796	condensin complex
GO:0000811	GINS complex
GO:0000812	Swr1 complex
GO:0000813	ESCRT I complex
GO:0000814	ESCRT II complex
GO:0000815	ESCRT III complex
GO:0000819	sister chromatid segregation
GO:0000822	inositol hexakisphosphate binding
GO:0000828	inositol hexakisphosphate kinase activity
GO:0000836	Hrd1p ubiquitin ligase complex
GO:0000839	Hrd1p ubiquitin ligase ERAD-L complex
GO:0000902	cell morphogenesis
GO:0000906	6,7-dimethyl-8-ribityllumazine synthase activity
GO:0000911	cytokinesis by cell plate formation
GO:0000914	phragmoplast assembly
GO:0000919	cell plate assembly
GO:0000922	spindle pole
GO:0000923	equatorial microtubule organizing center
GO:0000930	gamma-tubulin complex
GO:0000931	gamma-tubulin ring complex
GO:0000932	P-body
GO:0000938	GARP complex
GO:0000940	outer kinetochore
GO:0000949	GO:0000949
GO:0000956	nuclear-transcribed mRNA catabolic process
GO:0000957	mitochondrial RNA catabolic process
GO:0000958	mitochondrial mRNA catabolic process
GO:0000959	mitochondrial RNA metabolic process
GO:0000963	mitochondrial RNA processing
GO:0000965	mitochondrial RNA 3'-end processing
GO:0000967	rRNA 5'-end processing
GO:0000972	transcription-dependent tethering of RNA polymerase II gene DNA at nuclear periphery
GO:0000973	post-transcriptional tethering of RNA polymerase II gene DNA at nuclear periphery
GO:0000974	Prp19 complex
GO:0000976	transcription cis-regulatory region binding
GO:0000977	RNA polymerase II transcription regulatory region sequence-specific DNA binding
GO:0000978	RNA polymerase II cis-regulatory region sequence-specific DNA binding
GO:0000981	DNA-binding transcription factor activity, RNA polymerase II-specific
GO:0000987	cis-regulatory region sequence-specific DNA binding
GO:0000992	RNA polymerase III cis-regulatory region sequence-specific DNA binding
GO:0000993	RNA polymerase II complex binding
GO:0000994	RNA polymerase III core binding
GO:0000995	RNA polymerase III general transcription initiation factor activity
GO:0001002	RNA polymerase III type 1 promoter sequence-specific DNA binding
GO:0001003	RNA polymerase III type 2 promoter sequence-specific DNA binding
GO:0001006	RNA polymerase III type 3 promoter sequence-specific DNA binding
GO:0001042	RNA polymerase I core binding
GO:0001046	core promoter sequence-specific DNA binding
GO:0001067	transcription regulatory region nucleic acid binding
GO:0001091	RNA polymerase II general transcription initiation factor binding
GO:0001096	TFIIF-class transcription factor complex binding
GO:0001097	TFIIH-class transcription factor complex binding
GO:0001113	transcription open complex formation at RNA polymerase II promoter
GO:0001156	TFIIIC-class transcription factor complex binding
GO:0001164	RNA polymerase I core promoter sequence-specific DNA binding
GO:0001181	RNA polymerase I general transcription initiation factor activity
GO:0001188	RNA polymerase I preinitiation complex assembly
GO:0001193	maintenance of transcriptional fidelity during transcription elongation by RNA polymerase II
GO:0001216	DNA-binding transcription activator activity
GO:0001227	DNA-binding transcription repressor activity, RNA polymerase II-specific
GO:0001228	DNA-binding transcription activator activity, RNA polymerase II-specific
GO:0001401	SAM complex
GO:0001405	PAM complex, Tim23 associated import motor
GO:0001510	RNA methylation
GO:0001522	pseudouridine synthesis
GO:0001558	regulation of cell growth
GO:0001561	fatty acid alpha-oxidation
GO:0001578	microtubule bundle formation
GO:0001650	fibrillar center
GO:0001653	peptide receptor activity
GO:0001659	temperature homeostasis
GO:0001664	G protein-coupled receptor binding
GO:0001666	response to hypoxia
GO:0001671	ATPase activator activity
GO:0001676	long-chain fatty acid metabolic process
GO:0001678	intracellular glucose homeostasis
GO:0001680	tRNA 3'-terminal CCA addition
GO:0001682	tRNA 5'-leader removal
GO:0001708	cell fate specification
GO:0001709	cell fate determination
GO:0001727	lipid kinase activity
GO:0001729	ceramide kinase activity
GO:0001731	formation of translation preinitiation complex
GO:0001732	formation of cytoplasmic translation initiation complex
GO:0001735	prenylcysteine oxidase activity
GO:0001758	retinal dehydrogenase (NAD+) activity
GO:0001763	morphogenesis of a branching structure
GO:0001786	phosphatidylserine binding
GO:0001881	receptor recycling
GO:0001934	positive regulation of protein phosphorylation
GO:0002058	uracil binding
GO:0002084	protein depalmitoylation
GO:0002097	tRNA wobble base modification
GO:0002098	tRNA wobble uridine modification
GO:0002100	tRNA wobble adenosine to inosine editing
GO:0002101	tRNA wobble cytosine modification
GO:0002128	tRNA nucleoside ribose methylation
GO:0002131	wobble position cytosine ribose methylation
GO:0002132	wobble position uridine ribose methylation
GO:0002138	retinoic acid biosynthetic process
GO:0002143	tRNA wobble position uridine thiolation
GO:0002144	cytosolic tRNA wobble base thiouridylase complex
GO:0002151	G-quadruplex RNA binding
GO:0002161	aminoacyl-tRNA deacylase activity
GO:0002181	cytoplasmic translation
GO:0002182	cytoplasmic translational elongation
GO:0002183	cytoplasmic translational initiation
GO:0002184	cytoplasmic translational termination
GO:0002188	translation reinitiation
GO:0002189	ribose phosphate diphosphokinase complex
GO:0002191	cap-dependent translational initiation
GO:0002196	Ser-tRNA(Ala) deacylase activity
GO:0002215	defense response to nematode
GO:0002221	pattern recognition receptor signaling pathway
GO:0002229	defense response to oomycetes
GO:0002237	response to molecule of bacterial origin
GO:0002238	response to molecule of fungal origin
GO:0002239	response to oomycetes
GO:0002376	immune system process
GO:0002831	regulation of response to biotic stimulus
GO:0002926	tRNA wobble base 5-methoxycarbonylmethyl-2-thiouridinylation
GO:0002938	tRNA guanine ribose methylation
GO:0002939	tRNA N1-guanine methylation
GO:0002940	tRNA N2-guanine methylation
GO:0002943	tRNA dihydrouridine synthesis
GO:0002949	tRNA threonylcarbamoyladenosine modification
GO:0002953	5'-deoxynucleotidase activity
GO:0003002	regionalization
GO:0003006	developmental process involved in reproduction
GO:0003032	detection of oxygen
GO:0003333	amino acid transmembrane transport
GO:0003400	GO:0003400
GO:0003674	molecular_function
GO:0003676	nucleic acid binding
GO:0003677	DNA binding
GO:0003678	DNA helicase activity
GO:0003680	minor groove of adenine-thymine-rich DNA binding
GO:0003681	bent DNA binding
GO:0003682	chromatin binding
GO:0003684	damaged DNA binding
GO:0003688	DNA replication origin binding
GO:0003689	DNA clamp loader activity
GO:0003690	double-stranded DNA binding
GO:0003691	double-stranded telomeric DNA binding
GO:0003697	single-stranded DNA binding
GO:0003700	DNA-binding transcription factor activity
GO:0003711	transcription elongation factor activity
GO:0003712	transcription coregulator activity
GO:0003713	transcription coactivator activity
GO:0003714	transcription corepressor activity
GO:0003723	RNA binding
GO:0003724	RNA helicase activity
GO:0003725	double-stranded RNA binding
GO:0003726	double-stranded RNA adenosine deaminase activity
GO:0003727	single-stranded RNA binding
GO:0003729	mRNA binding
GO:0003730	mRNA 3'-UTR binding
GO:0003735	structural constituent of ribosome
GO:0003743	translation initiation factor activity
GO:0003746	translation elongation factor activity
GO:0003747	translation release factor activity
GO:0003755	peptidyl-prolyl cis-trans isomerase activity
GO:0003756	protein disulfide isomerase activity
GO:0003774	cytoskeletal motor activity
GO:0003777	microtubule motor activity
GO:0003779	actin binding
GO:0003785	actin monomer binding
GO:0003824	catalytic activity
GO:0003825	alpha,alpha-trehalose-phosphate synthase (UDP-forming) activity
GO:0003827	alpha-1,3-mannosylglycoprotein 2-beta-N-acetylglucosaminyltransferase activity
GO:0003830	beta-1,4-mannosylglycoprotein 4-beta-N-acetylglucosaminyltransferase activity
GO:0003837	beta-ureidopropionase activity
GO:0003838	sterol 24-C-methyltransferase activity
GO:0003839	gamma-glutamylcyclotransferase activity
GO:0003841	1-acylglycerol-3-phosphate O-acyltransferase activity
GO:0003842	L-glutamate gamma-semialdehyde dehydrogenase activity
GO:0003843	1,3-beta-D-glucan synthase activity
GO:0003844	1,4-alpha-glucan branching enzyme activity
GO:0003848	2-amino-4-hydroxy-6-hydroxymethyldihydropteridine diphosphokinase activity
GO:0003849	3-deoxy-7-phosphoheptulonate synthase activity
GO:0003852	2-isopropylmalate synthase activity
GO:0003854	3-beta-hydroxy-Delta5-steroid dehydrogenase (NAD+) activity
GO:0003855	3-dehydroquinate dehydratase activity
GO:0003856	3-dehydroquinate synthase activity
GO:0003857	(3S)-3-hydroxyacyl-CoA dehydrogenase (NAD+) activity
GO:0003858	3-hydroxybutyrate dehydrogenase activity
GO:0003860	3-hydroxyisobutyryl-CoA hydrolase activity
GO:0003861	3-isopropylmalate dehydratase activity
GO:0003862	3-isopropylmalate dehydrogenase activity
GO:0003863	branched-chain 2-oxo acid dehydrogenase activity
GO:0003864	3-methyl-2-oxobutanoate hydroxymethyltransferase activity
GO:0003865	3-oxo-5-alpha-steroid 4-dehydrogenase activity
GO:0003866	3-phosphoshikimate 1-carboxyvinyltransferase activity
GO:0003868	4-hydroxyphenylpyruvate dioxygenase activity
GO:0003871	5-methyltetrahydropteroyltriglutamate-homocysteine S-methyltransferase activity
GO:0003872	6-phosphofructokinase activity
GO:0003873	6-phosphofructo-2-kinase activity
GO:0003876	AMP deaminase activity
GO:0003878	ATP citrate synthase activity
GO:0003879	ATP phosphoribosyltransferase activity
GO:0003881	CDP-diacylglycerol-inositol 3-phosphatidyltransferase activity
GO:0003882	CDP-diacylglycerol-serine O-phosphatidyltransferase activity
GO:0003883	CTP synthase activity
GO:0003885	D-arabinono-1,4-lactone oxidase activity
GO:0003886	DNA (cytosine-5-)-methyltransferase activity
GO:0003887	DNA-directed DNA polymerase activity
GO:0003899	DNA-directed RNA polymerase activity
GO:0003904	deoxyribodipyrimidine photo-lyase activity
GO:0003905	alkylbase DNA N-glycosylase activity
GO:0003906	DNA-(apurinic or apyrimidinic site) endonuclease activity
GO:0003910	DNA ligase (ATP) activity
GO:0003913	DNA photolyase activity
GO:0003914	DNA (6-4) photolyase activity
GO:0003916	DNA topoisomerase activity
GO:0003917	DNA topoisomerase type I (single strand cut, ATP-independent) activity
GO:0003918	DNA topoisomerase type II (double strand cut, ATP-hydrolyzing) activity
GO:0003919	FMN adenylyltransferase activity
GO:0003921	GMP synthase activity
GO:0003923	GPI-anchor transamidase activity
GO:0003924	GTPase activity
GO:0003925	G protein activity
GO:0003933	GTP cyclohydrolase activity
GO:0003934	GTP cyclohydrolase I activity
GO:0003935	GTP cyclohydrolase II activity
GO:0003937	IMP cyclohydrolase activity
GO:0003938	IMP dehydrogenase activity
GO:0003941	L-serine ammonia-lyase activity
GO:0003942	N-acetyl-gamma-glutamyl-phosphate reductase activity
GO:0003948	N4-(beta-N-acetylglucosaminyl)-L-asparaginase activity
GO:0003949	1-(5-phosphoribosyl)-5-[(5-phosphoribosylamino)methylideneamino]imidazole-4-carboxamide isomerase activity
GO:0003950	NAD+ poly-ADP-ribosyltransferase activity
GO:0003951	NAD+ kinase activity
GO:0003952	NAD+ synthase (glutamine-hydrolyzing) activity
GO:0003954	NADH dehydrogenase activity
GO:0003955	NAD(P)H dehydrogenase (quinone) activity
GO:0003958	NADPH-hemoprotein reductase activity
GO:0003959	NADPH dehydrogenase activity
GO:0003960	quinone reductase (NADPH) activity
GO:0003962	cystathionine gamma-synthase activity
GO:0003964	RNA-directed DNA polymerase activity
GO:0003968	RNA-directed RNA polymerase activity
GO:0003972	RNA ligase (ATP) activity
GO:0003973	(S)-2-hydroxy-acid oxidase activity
GO:0003975	UDP-N-acetylglucosamine-dolichyl-phosphate N-acetylglucosaminephosphotransferase activity
GO:0003977	UDP-N-acetylglucosamine diphosphorylase activity
GO:0003978	UDP-glucose 4-epimerase activity
GO:0003979	UDP-glucose 6-dehydrogenase activity
GO:0003980	UDP-glucose:glycoprotein glucosyltransferase activity
GO:0003983	UTP:glucose-1-phosphate uridylyltransferase activity
GO:0003984	acetolactate synthase activity
GO:0003985	acetyl-CoA C-acetyltransferase activity
GO:0003986	acetyl-CoA hydrolase activity
GO:0003987	acetyl-CoA synthetase activity
GO:0003988	acetyl-CoA C-acyltransferase activity
GO:0003989	acetyl-CoA carboxylase activity
GO:0003991	acetylglutamate kinase activity
GO:0003992	N2-acetyl-L-ornithine:2-oxoglutarate 5-transaminase activity
GO:0003993	acid phosphatase activity
GO:0003994	aconitate hydratase activity
GO:0003995	acyl-CoA dehydrogenase activity
GO:0003997	acyl-CoA oxidase activity
GO:0003998	acylphosphatase activity
GO:0003999	adenine phosphoribosyltransferase activity
GO:0004000	adenosine deaminase activity
GO:0004001	adenosine kinase activity
GO:0004013	adenosylhomocysteinase activity
GO:0004014	adenosylmethionine decarboxylase activity
GO:0004015	S-adenosyl-L-methionine:8-amino-7-oxononanoate transaminase activity
GO:0004017	AMP kinase activity
GO:0004018	N6-(1,2-dicarboxyethyl)AMP AMP-lyase (fumarate-forming) activity
GO:0004019	adenylosuccinate synthase activity
GO:0004020	adenylylsulfate kinase activity
GO:0004021	L-alanine:2-oxoglutarate transaminase activity
GO:0004022	alcohol dehydrogenase (NAD+) activity
GO:0004029	aldehyde dehydrogenase (NAD+) activity
GO:0004032	aldose reductase (NADPH) activity
GO:0004034	aldose 1-epimerase activity
GO:0004038	allantoinase activity
GO:0004042	L-glutamate N-acetyltransferase activity, acting on acetyl-CoA as donor
GO:0004044	amidophosphoribosyltransferase activity
GO:0004045	peptidyl-tRNA hydrolase activity
GO:0004046	aminoacylase activity
GO:0004047	aminomethyltransferase activity
GO:0004048	anthranilate phosphoribosyltransferase activity
GO:0004049	anthranilate synthase activity
GO:0004050	apyrase activity
GO:0004053	arginase activity
GO:0004055	argininosuccinate synthase activity
GO:0004056	argininosuccinate lyase activity
GO:0004057	arginyl-tRNA--protein transferase activity
GO:0004059	aralkylamine N-acetyltransferase activity
GO:0004061	arylformamidase activity
GO:0004066	asparagine synthase (glutamine-hydrolyzing) activity
GO:0004067	asparaginase activity
GO:0004069	L-aspartate:2-oxoglutarate transaminase activity
GO:0004070	aspartate carbamoyltransferase activity
GO:0004072	aspartate kinase activity
GO:0004073	aspartate-semialdehyde dehydrogenase activity
GO:0004075	biotin carboxylase activity
GO:0004076	biotin synthase activity
GO:0004077	biotin--[biotin carboxyl-carrier protein] ligase activity
GO:0004081	bis(5'-nucleosyl)-tetraphosphatase (asymmetrical) activity
GO:0004084	branched-chain-amino-acid:2-oxoglutarate transaminase activity
GO:0004087	carbamoyl-phosphate synthase (ammonia) activity
GO:0004088	carbamoyl-phosphate synthase (glutamine-hydrolyzing) activity
GO:0004089	carbonate dehydratase activity
GO:0004096	catalase activity
GO:0004097	catechol oxidase activity
GO:0004103	choline kinase activity
GO:0004105	choline-phosphate cytidylyltransferase activity
GO:0004106	chorismate mutase activity
GO:0004107	chorismate synthase activity
GO:0004109	coproporphyrinogen oxidase activity
GO:0004113	2',3'-cyclic-nucleotide 3'-phosphodiesterase activity
GO:0004124	cysteine synthase activity
GO:0004126	cytidine deaminase activity
GO:0004128	cytochrome-b5 reductase activity, acting on NAD(P)H
GO:0004129	cytochrome-c oxidase activity
GO:0004132	dCMP deaminase activity
GO:0004134	4-alpha-glucanotransferase activity
GO:0004140	dephospho-CoA kinase activity
GO:0004141	dethiobiotin synthase activity
GO:0004142	diacylglycerol cholinephosphotransferase activity
GO:0004143	ATP-dependent diacylglycerol kinase activity
GO:0004144	diacylglycerol O-acyltransferase activity
GO:0004146	dihydrofolate reductase activity
GO:0004148	dihydrolipoyl dehydrogenase (NADH) activity
GO:0004149	dihydrolipoyllysine-residue succinyltransferase activity
GO:0004150	dihydroneopterin aldolase activity
GO:0004151	dihydroorotase activity
GO:0004156	dihydropteroate synthase activity
GO:0004157	dihydropyrimidinase activity
GO:0004160	dihydroxy-acid dehydratase activity
GO:0004161	dimethylallyltranstransferase activity
GO:0004163	diphosphomevalonate decarboxylase activity
GO:0004164	diphthine synthase activity
GO:0004165	delta(3)-delta(2)-enoyl-CoA isomerase activity
GO:0004167	dopachrome isomerase activity
GO:0004168	dolichol kinase activity
GO:0004170	dUTP diphosphatase activity
GO:0004174	electron-transferring-flavoprotein dehydrogenase activity
GO:0004175	endopeptidase activity
GO:0004176	ATP-dependent peptidase activity
GO:0004177	aminopeptidase activity
GO:0004180	carboxypeptidase activity
GO:0004181	metallocarboxypeptidase activity
GO:0004185	serine-type carboxypeptidase activity
GO:0004190	aspartic-type endopeptidase activity
GO:0004197	cysteine-type endopeptidase activity
GO:0004198	calcium-dependent cysteine-type endopeptidase activity
GO:0004222	metalloendopeptidase activity
GO:0004239	initiator methionyl aminopeptidase activity
GO:0004252	serine-type endopeptidase activity
GO:0004298	threonine-type endopeptidase activity
GO:0004300	enoyl-CoA hydratase activity
GO:0004301	epoxide hydrolase activity
GO:0004305	ethanolamine kinase activity
GO:0004306	ethanolamine-phosphate cytidylyltransferase activity
GO:0004307	ethanolaminephosphotransferase activity
GO:0004309	exopolyphosphatase activity
GO:0004311	geranylgeranyl diphosphate synthase activity
GO:0004314	[acyl-carrier-protein] S-malonyltransferase activity
GO:0004315	3-oxoacyl-[acyl-carrier-protein] synthase activity
GO:0004316	3-oxoacyl-[acyl-carrier-protein] reductase (NADPH) activity
GO:0004318	enoyl-[acyl-carrier-protein] reductase (NADH) activity
GO:0004322	ferroxidase activity
GO:0004324	ferredoxin-NADP+ reductase activity
GO:0004325	protoporphyrin ferrochelatase activity
GO:0004326	tetrahydrofolylpolyglutamate synthase activity
GO:0004329	formate-tetrahydrofolate ligase activity
GO:0004331	fructose-2,6-bisphosphate 2-phosphatase activity
GO:0004332	fructose-bisphosphate aldolase activity
GO:0004333	fumarate hydratase activity
GO:0004334	fumarylacetoacetase activity
GO:0004335	galactokinase activity
GO:0004337	(2E,6E)-farnesyl diphosphate synthase activity
GO:0004340	glucokinase activity
GO:0004343	glucosamine 6-phosphate N-acetyltransferase activity
GO:0004345	glucose-6-phosphate dehydrogenase activity
GO:0004347	glucose-6-phosphate isomerase activity
GO:0004348	glucosylceramidase activity
GO:0004349	glutamate 5-kinase activity
GO:0004350	glutamate-5-semialdehyde dehydrogenase activity
GO:0004351	glutamate decarboxylase activity
GO:0004352	L-glutamate dehydrogenase (NAD+) activity
GO:0004353	L-glutamate dehydrogenase [NAD(P)+] activity
GO:0004354	L-glutamate dehydrogenase (NADP+) activity
GO:0004356	glutamine synthetase activity
GO:0004357	glutamate-cysteine ligase activity
GO:0004358	L-glutamate N-acetyltransferase activity, acting on acetyl-L-ornithine as donor
GO:0004359	glutaminase activity
GO:0004360	L-glutamine:D-fructose-6-phosphate transaminase (isomerizing) activity
GO:0004362	glutathione-disulfide reductase (NADPH) activity
GO:0004363	glutathione synthase activity
GO:0004364	glutathione transferase activity
GO:0004365	glyceraldehyde-3-phosphate dehydrogenase (NAD+) (phosphorylating) activity
GO:0004366	glycerol-3-phosphate O-acyltransferase activity
GO:0004368	glycerol-3-phosphate dehydrogenase (quinone) activity
GO:0004370	glycerol kinase activity
GO:0004371	glycerone kinase activity
GO:0004372	glycine hydroxymethyltransferase activity
GO:0004373	alpha-1,4-glucan glucosyltransferase (UDP-glucose donor) activity
GO:0004375	glycine dehydrogenase (decarboxylating) activity
GO:0004376	GPI mannosyltransferase activity
GO:0004377	GDP-Man:Man(3)GlcNAc(2)-PP-Dol alpha-1,2-mannosyltransferase activity
GO:0004378	GDP-Man:Man(1)GlcNAc(2)-PP-Dol alpha-1,3-mannosyltransferase activity
GO:0004379	glycylpeptide N-tetradecanoyltransferase activity
GO:0004385	GMP kinase activity
GO:0004386	helicase activity
GO:0004392	heme oxygenase (decyclizing) activity
GO:0004399	histidinol dehydrogenase activity
GO:0004400	L-histidinol-phosphate:2-oxoglutarate transaminase activity
GO:0004401	histidinol-phosphatase activity
GO:0004402	histone acetyltransferase activity
GO:0004407	histone deacetylase activity
GO:0004411	homogentisate 1,2-dioxygenase activity
GO:0004412	homoserine dehydrogenase activity
GO:0004413	homoserine kinase activity
GO:0004416	hydroxyacylglutathione hydrolase activity
GO:0004417	hydroxyethylthiazole kinase activity
GO:0004418	hydroxymethylbilane synthase activity
GO:0004419	hydroxymethylglutaryl-CoA lyase activity
GO:0004420	hydroxymethylglutaryl-CoA reductase (NADPH) activity
GO:0004421	hydroxymethylglutaryl-CoA synthase activity
GO:0004422	hypoxanthine phosphoribosyltransferase activity
GO:0004424	imidazoleglycerol-phosphate dehydratase activity
GO:0004425	indole-3-glycerol-phosphate synthase activity
GO:0004427	inorganic diphosphate phosphatase activity
GO:0004430	1-phosphatidylinositol 4-kinase activity
GO:0004435	phosphatidylinositol-4,5-bisphosphate phospholipase C activity
GO:0004438	phosphatidylinositol-3-phosphate phosphatase activity
GO:0004439	phosphatidylinositol-4,5-bisphosphate 5-phosphatase activity
GO:0004441	inositol-1,4-bisphosphate 1-phosphatase activity
GO:0004445	inositol-polyphosphate 5-phosphatase activity
GO:0004449	isocitrate dehydrogenase (NAD+) activity
GO:0004450	isocitrate dehydrogenase (NADP+) activity
GO:0004451	isocitrate lyase activity
GO:0004452	isopentenyl-diphosphate delta-isomerase activity
GO:0004455	ketol-acid reductoisomerase activity
GO:0004458	D-lactate dehydrogenase (cytochrome) activity
GO:0004459	L-lactate dehydrogenase (NAD+) activity
GO:0004462	lactoylglutathione lyase activity
GO:0004464	leukotriene-C4 synthase activity
GO:0004467	long-chain fatty acid-CoA ligase activity
GO:0004470	malic enzyme activity
GO:0004471	malate dehydrogenase (decarboxylating) (NAD+) activity
GO:0004473	malate dehydrogenase (decarboxylating) (NADP+) activity
GO:0004474	malate synthase activity
GO:0004475	mannose-1-phosphate guanylyltransferase (GTP) activity
GO:0004476	mannose-6-phosphate isomerase activity
GO:0004477	methenyltetrahydrofolate cyclohydrolase activity
GO:0004478	methionine adenosyltransferase activity
GO:0004479	methionyl-tRNA formyltransferase activity
GO:0004482	mRNA 5'-cap (guanine-N7-)-methyltransferase activity
GO:0004484	mRNA guanylyltransferase activity
GO:0004485	methylcrotonoyl-CoA carboxylase activity
GO:0004488	methylenetetrahydrofolate dehydrogenase (NADP+) activity
GO:0004490	methylglutaconyl-CoA hydratase activity
GO:0004491	methylmalonate-semialdehyde dehydrogenase (acylating, NAD) activity
GO:0004496	mevalonate kinase activity
GO:0004497	monooxygenase activity
GO:0004499	N,N-dimethylaniline monooxygenase activity
GO:0004506	squalene monooxygenase activity
GO:0004512	inositol-3-phosphate synthase activity
GO:0004514	nicotinate-nucleotide diphosphorylase (carboxylating) activity
GO:0004515	nicotinate-nucleotide adenylyltransferase activity
GO:0004516	nicotinate phosphoribosyltransferase activity
GO:0004518	nuclease activity
GO:0004519	endonuclease activity
GO:0004520	DNA endonuclease activity
GO:0004521	RNA endonuclease activity
GO:0004523	RNA-DNA hybrid ribonuclease activity
GO:0004525	ribonuclease III activity
GO:0004526	ribonuclease P activity
GO:0004527	exonuclease activity
GO:0004528	phosphodiesterase I activity
GO:0004532	RNA exonuclease activity
GO:0004534	5'-3' RNA exonuclease activity
GO:0004535	poly(A)-specific ribonuclease activity
GO:0004536	DNA nuclease activity
GO:0004540	RNA nuclease activity
GO:0004550	nucleoside diphosphate kinase activity
GO:0004551	dinucleotide phosphatase activity
GO:0004553	hydrolase activity, hydrolyzing O-glycosyl compounds
GO:0004555	alpha,alpha-trehalase activity
GO:0004556	alpha-amylase activity
GO:0004557	alpha-galactosidase activity
GO:0004558	alpha-1,4-glucosidase activity
GO:0004559	alpha-mannosidase activity
GO:0004560	alpha-L-fucosidase activity
GO:0004561	alpha-N-acetylglucosaminidase activity
GO:0004563	beta-N-acetylhexosaminidase activity
GO:0004564	beta-fructofuranosidase activity
GO:0004565	beta-galactosidase activity
GO:0004566	beta-glucuronidase activity
GO:0004567	beta-mannosidase activity
GO:0004568	chitinase activity
GO:0004571	mannosyl-oligosaccharide 1,2-alpha-mannosidase activity
GO:0004572	mannosyl-oligosaccharide 1,3-1,6-alpha-mannosidase activity
GO:0004573	Glc3Man9GlcNAc2 oligosaccharide glucosidase activity
GO:0004575	sucrose alpha-glucosidase activity
GO:0004576	oligosaccharyl transferase activity
GO:0004577	N-acetylglucosaminyldiphosphodolichol N-acetylglucosaminyltransferase activity
GO:0004578	chitobiosyldiphosphodolichol beta-mannosyltransferase activity
GO:0004579	dolichyl-diphosphooligosaccharide-protein glycotransferase activity
GO:0004581	dolichyl-phosphate beta-glucosyltransferase activity
GO:0004582	dolichyl-phosphate beta-D-mannosyltransferase activity
GO:0004585	ornithine carbamoyltransferase activity
GO:0004586	ornithine decarboxylase activity
GO:0004587	L-ornithine transaminase activity
GO:0004588	orotate phosphoribosyltransferase activity
GO:0004590	orotidine-5'-phosphate decarboxylase activity
GO:0004591	oxoglutarate dehydrogenase (succinyl-transferring) activity
GO:0004592	pantoate-beta-alanine ligase activity
GO:0004594	pantothenate kinase activity
GO:0004595	pantetheine-phosphate adenylyltransferase activity
GO:0004596	protein-N-terminal amino-acid acetyltransferase activity
GO:0004601	peroxidase activity
GO:0004602	glutathione peroxidase activity
GO:0004604	phosphoadenylyl-sulfate reductase (thioredoxin) activity
GO:0004605	phosphatidate cytidylyltransferase activity
GO:0004608	phosphatidylethanolamine N-methyltransferase activity
GO:0004609	phosphatidylserine decarboxylase activity
GO:0004610	phosphoacetylglucosamine mutase activity
GO:0004611	phosphoenolpyruvate carboxykinase activity
GO:0004612	phosphoenolpyruvate carboxykinase (ATP) activity
GO:0004614	phosphoglucomutase activity
GO:0004615	phosphomannomutase activity
GO:0004616	phosphogluconate dehydrogenase (decarboxylating) activity
GO:0004617	phosphoglycerate dehydrogenase activity
GO:0004618	phosphoglycerate kinase activity
GO:0004619	phosphoglycerate mutase activity
GO:0004620	glycerophospholipase activity
GO:0004623	A2-type glycerophospholipase activity
GO:0004629	C-type glycerophospholipase activity
GO:0004630	D-type glycerophospholipase activity
GO:0004631	phosphomevalonate kinase activity
GO:0004632	phosphopantothenate--cysteine ligase activity
GO:0004633	phosphopantothenoylcysteine decarboxylase activity
GO:0004634	phosphopyruvate hydratase activity
GO:0004635	phosphoribosyl-AMP cyclohydrolase activity
GO:0004636	phosphoribosyl-ATP diphosphatase activity
GO:0004637	phosphoribosylamine-glycine ligase activity
GO:0004638	phosphoribosylaminoimidazole carboxylase activity
GO:0004639	phosphoribosylaminoimidazolesuccinocarboxamide synthase activity
GO:0004640	phosphoribosylanthranilate isomerase activity
GO:0004641	phosphoribosylformylglycinamidine cyclo-ligase activity
GO:0004642	phosphoribosylformylglycinamidine synthase activity
GO:0004643	phosphoribosylaminoimidazolecarboxamide formyltransferase activity
GO:0004644	phosphoribosylglycinamide formyltransferase activity
GO:0004645	1,4-alpha-oligoglucan phosphorylase activity
GO:0004648	O-phospho-L-serine:2-oxoglutarate transaminase activity
GO:0004649	poly(ADP-ribose) glycohydrolase activity
GO:0004650	polygalacturonase activity
GO:0004654	polyribonucleotide nucleotidyltransferase activity
GO:0004655	porphobilinogen synthase activity
GO:0004656	procollagen-proline 4-dioxygenase activity
GO:0004657	proline dehydrogenase activity
GO:0004659	prenyltransferase activity
GO:0004660	protein farnesyltransferase activity
GO:0004662	CAAX-protein geranylgeranyltransferase activity
GO:0004663	Rab geranylgeranyltransferase activity
GO:0004664	prephenate dehydratase activity
GO:0004665	prephenate dehydrogenase (NADP+) activity
GO:0004668	protein-arginine deiminase activity
GO:0004671	protein C-terminal S-isoprenylcysteine carboxyl O-methyltransferase activity
GO:0004672	protein kinase activity
GO:0004673	protein histidine kinase activity
GO:0004674	protein serine/threonine kinase activity
GO:0004675	transmembrane receptor protein serine/threonine kinase activity
GO:0004683	calcium/calmodulin-dependent protein kinase activity
GO:0004691	cAMP-dependent protein kinase activity
GO:0004693	cyclin-dependent protein serine/threonine kinase activity
GO:0004694	eukaryotic translation initiation factor 2alpha kinase activity
GO:0004707	MAP kinase activity
GO:0004708	MAP kinase kinase activity
GO:0004709	MAP kinase kinase kinase activity
GO:0004712	protein serine/threonine/tyrosine kinase activity
GO:0004713	protein tyrosine kinase activity
GO:0004714	transmembrane receptor protein tyrosine kinase activity
GO:0004715	non-membrane spanning protein tyrosine kinase activity
GO:0004719	protein-L-isoaspartate (D-aspartate) O-methyltransferase activity
GO:0004721	phosphoprotein phosphatase activity
GO:0004722	protein serine/threonine phosphatase activity
GO:0004725	protein tyrosine phosphatase activity
GO:0004729	protoporphyrinogen oxidase activity, oxygen as acceptor
GO:0004730	pseudouridylate synthase activity
GO:0004733	pyridoxamine phosphate oxidase activity
GO:0004735	pyrroline-5-carboxylate reductase activity
GO:0004737	pyruvate decarboxylase activity
GO:0004739	pyruvate dehydrogenase (acetyl-transferring) activity
GO:0004740	pyruvate dehydrogenase (acetyl-transferring) kinase activity
GO:0004742	dihydrolipoyllysine-residue acetyltransferase activity
GO:0004743	pyruvate kinase activity
GO:0004746	riboflavin synthase activity
GO:0004747	ribokinase activity
GO:0004748	ribonucleoside-diphosphate reductase activity, thioredoxin disulfide as acceptor
GO:0004749	ribose phosphate diphosphokinase activity
GO:0004750	D-ribulose-phosphate 3-epimerase activity
GO:0004751	ribose-5-phosphate isomerase activity
GO:0004753	saccharopine dehydrogenase activity
GO:0004758	serine C-palmitoyltransferase activity
GO:0004760	L-serine:pyruvate transaminase activity
GO:0004764	shikimate 3-dehydrogenase (NADP+) activity
GO:0004765	shikimate kinase activity
GO:0004766	spermidine synthase activity
GO:0004768	stearoyl-CoA 9-desaturase activity
GO:0004769	steroid Delta-isomerase activity
GO:0004775	succinate-CoA ligase (ADP-forming) activity
GO:0004776	succinate-CoA ligase (GDP-forming) activity
GO:0004777	succinate-semialdehyde dehydrogenase (NAD+) activity
GO:0004781	sulfate adenylyltransferase (ATP) activity
GO:0004784	superoxide dismutase activity
GO:0004788	thiamine diphosphokinase activity
GO:0004789	thiamine-phosphate diphosphorylase activity
GO:0004791	thioredoxin-disulfide reductase (NADPH) activity
GO:0004792	thiosulfate-cyanide sulfurtransferase activity
GO:0004794	threonine deaminase activity
GO:0004795	threonine synthase activity
GO:0004797	thymidine kinase activity
GO:0004798	dTMP kinase activity
GO:0004799	thymidylate synthase activity
GO:0004801	transaldolase activity
GO:0004802	transketolase activity
GO:0004803	transposase activity
GO:0004805	trehalose-phosphatase activity
GO:0004806	triacylglycerol lipase activity
GO:0004807	triose-phosphate isomerase activity
GO:0004812	aminoacyl-tRNA ligase activity
GO:0004813	alanine-tRNA ligase activity
GO:0004814	arginine-tRNA ligase activity
GO:0004815	aspartate-tRNA ligase activity
GO:0004816	asparagine-tRNA ligase activity
GO:0004817	cysteine-tRNA ligase activity
GO:0004818	glutamate-tRNA ligase activity
GO:0004819	glutamine-tRNA ligase activity
GO:0004820	glycine-tRNA ligase activity
GO:0004821	histidine-tRNA ligase activity
GO:0004822	isoleucine-tRNA ligase activity
GO:0004823	leucine-tRNA ligase activity
GO:0004824	lysine-tRNA ligase activity
GO:0004825	methionine-tRNA ligase activity
GO:0004826	phenylalanine-tRNA ligase activity
GO:0004827	proline-tRNA ligase activity
GO:0004828	serine-tRNA ligase activity
GO:0004829	threonine-tRNA ligase activity
GO:0004830	tryptophan-tRNA ligase activity
GO:0004831	tyrosine-tRNA ligase activity
GO:0004832	valine-tRNA ligase activity
GO:0004834	tryptophan synthase activity
GO:0004837	tyrosine decarboxylase activity
GO:0004838	L-tyrosine:2-oxoglutarate transaminase activity
GO:0004839	ubiquitin activating enzyme activity
GO:0004842	ubiquitin-protein transferase activity
GO:0004843	cysteine-type deubiquitinase activity
GO:0004844	uracil DNA N-glycosylase activity
GO:0004845	uracil phosphoribosyltransferase activity
GO:0004846	urate oxidase activity
GO:0004848	ureidoglycolate hydrolase activity
GO:0004849	uridine kinase activity
GO:0004851	uroporphyrin-III C-methyltransferase activity
GO:0004852	uroporphyrinogen-III synthase activity
GO:0004853	uroporphyrinogen decarboxylase activity
GO:0004854	xanthine dehydrogenase activity
GO:0004856	D-xylulokinase activity
GO:0004857	enzyme inhibitor activity
GO:0004860	protein kinase inhibitor activity
GO:0004861	cyclin-dependent protein serine/threonine kinase inhibitor activity
GO:0004864	protein phosphatase inhibitor activity
GO:0004865	protein serine/threonine phosphatase inhibitor activity
GO:0004866	endopeptidase inhibitor activity
GO:0004867	serine-type endopeptidase inhibitor activity
GO:0004869	cysteine-type endopeptidase inhibitor activity
GO:0004930	G protein-coupled receptor activity
GO:0004970	glutamate-gated receptor activity
GO:0005047	signal recognition particle binding
GO:0005048	signal sequence receptor activity
GO:0005049	nuclear export signal receptor activity
GO:0005052	peroxisome matrix targeting signal-1 binding
GO:0005053	peroxisome matrix targeting signal-2 binding
GO:0005078	MAP kinase scaffold activity
GO:0005080	protein kinase C binding
GO:0005085	guanyl-nucleotide exchange factor activity
GO:0005092	GDP-dissociation inhibitor activity
GO:0005093	Rab GDP-dissociation inhibitor activity
GO:0005094	Rho GDP-dissociation inhibitor activity
GO:0005096	GTPase activator activity
GO:0005102	signaling receptor binding
GO:0005125	cytokine activity
GO:0005179	hormone activity
GO:0005198	structural molecule activity
GO:0005199	structural constituent of cell wall
GO:0005200	structural constituent of cytoskeleton
GO:0005215	transporter activity
GO:0005216	monoatomic ion channel activity
GO:0005222	intracellularly cAMP-activated cation channel activity
GO:0005227	calcium-activated cation channel activity
GO:0005242	inward rectifier potassium channel activity
GO:0005245	voltage-gated calcium channel activity
GO:0005246	calcium channel regulator activity
GO:0005247	voltage-gated chloride channel activity
GO:0005249	voltage-gated potassium channel activity
GO:0005254	chloride channel activity
GO:0005261	monoatomic cation channel activity
GO:0005262	calcium channel activity
GO:0005267	potassium channel activity
GO:0005274	allantoin:proton symporter activity
GO:0005310	dicarboxylic acid transmembrane transporter activity
GO:0005313	L-glutamate transmembrane transporter activity
GO:0005315	phosphate transmembrane transporter activity
GO:0005319	lipid carrier activity
GO:0005324	long-chain fatty acid transmembrane transporter activity
GO:0005337	nucleoside transmembrane transporter activity
GO:0005338	nucleotide-sugar transmembrane transporter activity
GO:0005344	oxygen carrier activity
GO:0005345	purine nucleobase transmembrane transporter activity
GO:0005347	ATP transmembrane transporter activity
GO:0005351	carbohydrate:proton symporter activity
GO:0005353	fructose transmembrane transporter activity
GO:0005363	maltose transmembrane transporter activity
GO:0005366	myo-inositol:proton symporter activity
GO:0005372	water transmembrane transporter activity
GO:0005375	copper ion transmembrane transporter activity
GO:0005381	iron ion transmembrane transporter activity
GO:0005384	manganese ion transmembrane transporter activity
GO:0005385	zinc ion transmembrane transporter activity
GO:0005388	P-type calcium transporter activity
GO:0005452	solute:inorganic anion antiporter activity
GO:0005457	GDP-fucose transmembrane transporter activity
GO:0005458	GDP-mannose transmembrane transporter activity
GO:0005459	UDP-galactose transmembrane transporter activity
GO:0005460	UDP-glucose transmembrane transporter activity
GO:0005463	UDP-N-acetylgalactosamine transmembrane transporter activity
GO:0005464	UDP-xylose transmembrane transporter activity
GO:0005469	succinate:fumarate antiporter activity
GO:0005471	ATP:ADP antiporter activity
GO:0005483	soluble NSF attachment protein activity
GO:0005484	SNAP receptor activity
GO:0005488	binding
GO:0005496	steroid binding
GO:0005504	fatty acid binding
GO:0005506	iron ion binding
GO:0005507	copper ion binding
GO:0005509	calcium ion binding
GO:0005515	protein binding
GO:0005516	calmodulin binding
GO:0005524	ATP binding
GO:0005525	GTP binding
GO:0005536	D-glucose binding
GO:0005537	D-mannose binding
GO:0005542	folic acid binding
GO:0005543	phospholipid binding
GO:0005544	calcium-dependent phospholipid binding
GO:0005545	1-phosphatidylinositol binding
GO:0005546	phosphatidylinositol-4,5-bisphosphate binding
GO:0005548	GO:0005548
GO:0005575	cellular_component
GO:0005576	extracellular region
GO:0005615	GO:0005615
GO:0005618	cell wall
GO:0005622	intracellular anatomical structure
GO:0005634	nucleus
GO:0005635	nuclear envelope
GO:0005637	nuclear inner membrane
GO:0005640	nuclear outer membrane
GO:0005643	nuclear pore
GO:0005652	nuclear lamina
GO:0005654	nucleoplasm
GO:0005655	nucleolar ribonuclease P complex
GO:0005656	nuclear pre-replicative complex
GO:0005657	replication fork
GO:0005658	alpha DNA polymerase:primase complex
GO:0005662	DNA replication factor A complex
GO:0005663	DNA replication factor C complex
GO:0005664	nuclear origin of replication recognition complex
GO:0005665	RNA polymerase II, core complex
GO:0005666	RNA polymerase III complex
GO:0005667	transcription regulator complex
GO:0005668	RNA polymerase transcription factor SL1 complex
GO:0005669	transcription factor TFIID complex
GO:0005672	transcription factor TFIIA complex
GO:0005673	transcription factor TFIIE complex
GO:0005674	transcription factor TFIIF complex
GO:0005675	transcription factor TFIIH holo complex
GO:0005680	anaphase-promoting complex
GO:0005681	spliceosomal complex
GO:0005682	U5 snRNP
GO:0005684	U2-type spliceosomal complex
GO:0005685	U1 snRNP
GO:0005686	U2 snRNP
GO:0005687	U4 snRNP
GO:0005688	U6 snRNP
GO:0005689	U12-type spliceosomal complex
GO:0005694	chromosome
GO:0005697	telomerase holoenzyme complex
GO:0005730	nucleolus
GO:0005732	sno(s)RNA-containing ribonucleoprotein complex
GO:0005736	RNA polymerase I complex
GO:0005737	cytoplasm
GO:0005739	mitochondrion
GO:0005740	mitochondrial envelope
GO:0005741	mitochondrial outer membrane
GO:0005742	mitochondrial outer membrane translocase complex
GO:0005743	mitochondrial inner membrane
GO:0005744	TIM23 mitochondrial import inner membrane translocase complex
GO:0005745	m-AAA complex
GO:0005757	mitochondrial permeability transition pore complex
GO:0005758	mitochondrial intermembrane space
GO:0005759	mitochondrial matrix
GO:0005761	mitochondrial ribosome
GO:0005762	mitochondrial large ribosomal subunit
GO:0005763	mitochondrial small ribosomal subunit
GO:0005764	lysosome
GO:0005765	lysosomal membrane
GO:0005768	endosome
GO:0005769	early endosome
GO:0005770	late endosome
GO:0005771	multivesicular body
GO:0005773	vacuole
GO:0005774	vacuolar membrane
GO:0005775	vacuolar lumen
GO:0005776	autophagosome
GO:0005777	peroxisome
GO:0005778	peroxisomal membrane
GO:0005782	peroxisomal matrix
GO:0005783	endoplasmic reticulum
GO:0005784	Sec61 translocon complex
GO:0005785	signal recognition particle receptor complex
GO:0005786	signal recognition particle, endoplasmic reticulum targeting
GO:0005787	signal peptidase complex
GO:0005788	endoplasmic reticulum lumen
GO:0005789	endoplasmic reticulum membrane
GO:0005793	endoplasmic reticulum-Golgi intermediate compartment
GO:0005794	Golgi apparatus
GO:0005795	Golgi stack
GO:0005797	Golgi medial cisterna
GO:0005798	Golgi-associated vesicle
GO:0005801	cis-Golgi network
GO:0005802	trans-Golgi network
GO:0005811	lipid droplet
GO:0005813	centrosome
GO:0005814	centriole
GO:0005815	microtubule organizing center
GO:0005819	spindle
GO:0005828	kinetochore microtubule
GO:0005829	cytosol
GO:0005832	chaperonin-containing T-complex
GO:0005834	heterotrimeric G-protein complex
GO:0005838	proteasome regulatory particle
GO:0005839	proteasome core complex
GO:0005840	ribosome
GO:0005846	nuclear cap binding complex
GO:0005847	mRNA cleavage and polyadenylation specificity factor complex
GO:0005848	mRNA cleavage stimulating factor complex
GO:0005849	mRNA cleavage factor complex
GO:0005850	eukaryotic translation initiation factor 2 complex
GO:0005851	eukaryotic translation initiation factor 2B complex
GO:0005852	eukaryotic translation initiation factor 3 complex
GO:0005853	eukaryotic translation elongation factor 1 complex
GO:0005854	nascent polypeptide-associated complex
GO:0005856	cytoskeleton
GO:0005868	cytoplasmic dynein complex
GO:0005871	kinesin complex
GO:0005874	microtubule
GO:0005875	microtubule associated complex
GO:0005876	spindle microtubule
GO:0005880	nuclear microtubule
GO:0005881	cytoplasmic microtubule
GO:0005884	actin filament
GO:0005885	Arp2/3 protein complex
GO:0005886	plasma membrane
GO:0005901	caveola
GO:0005905	clathrin-coated pit
GO:0005911	cell-cell junction
GO:0005929	cilium
GO:0005938	cell cortex
GO:0005948	acetolactate synthase complex
GO:0005951	carbamoyl-phosphate synthase complex
GO:0005952	cAMP-dependent protein kinase complex
GO:0005953	CAAX-protein geranylgeranyltransferase complex
GO:0005956	protein kinase CK2 complex
GO:0005958	DNA-dependent protein kinase-DNA ligase 4 complex
GO:0005960	glycine cleavage complex
GO:0005965	protein farnesyltransferase complex
GO:0005968	Rab-protein geranylgeranyltransferase complex
GO:0005971	ribonucleoside-diphosphate reductase complex
GO:0005975	carbohydrate metabolic process
GO:0005976	polysaccharide metabolic process
GO:0005977	glycogen metabolic process
GO:0005978	glycogen biosynthetic process
GO:0005980	glycogen catabolic process
GO:0005982	starch metabolic process
GO:0005983	starch catabolic process
GO:0005984	disaccharide metabolic process
GO:0005985	sucrose metabolic process
GO:0005986	sucrose biosynthetic process
GO:0005987	sucrose catabolic process
GO:0005990	lactose catabolic process
GO:0005992	trehalose biosynthetic process
GO:0005993	trehalose catabolic process
GO:0005997	xylulose metabolic process
GO:0006000	fructose metabolic process
GO:0006002	fructose 6-phosphate metabolic process
GO:0006003	fructose 2,6-bisphosphate metabolic process
GO:0006004	fucose metabolic process
GO:0006006	glucose metabolic process
GO:0006007	glucose catabolic process
GO:0006011	UDP-alpha-D-glucose metabolic process
GO:0006012	galactose metabolic process
GO:0006013	mannose metabolic process
GO:0006015	5-phosphoribose 1-diphosphate biosynthetic process
GO:0006020	inositol metabolic process
GO:0006021	inositol biosynthetic process
GO:0006024	glycosaminoglycan biosynthetic process
GO:0006026	aminoglycan catabolic process
GO:0006030	chitin metabolic process
GO:0006032	chitin catabolic process
GO:0006040	amino sugar metabolic process
GO:0006044	N-acetylglucosamine metabolic process
GO:0006047	UDP-N-acetylglucosamine metabolic process
GO:0006048	UDP-N-acetylglucosamine biosynthetic process
GO:0006060	D-sorbitol metabolic process
GO:0006065	UDP-glucuronate biosynthetic process
GO:0006071	glycerol metabolic process
GO:0006072	glycerol-3-phosphate metabolic process
GO:0006074	(1->3)-beta-D-glucan metabolic process
GO:0006075	(1->3)-beta-D-glucan biosynthetic process
GO:0006081	aldehyde metabolic process
GO:0006084	acetyl-CoA metabolic process
GO:0006085	acetyl-CoA biosynthetic process
GO:0006086	pyruvate decarboxylation to acetyl-CoA
GO:0006089	lactate metabolic process
GO:0006090	pyruvate metabolic process
GO:0006094	gluconeogenesis
GO:0006096	glycolytic process
GO:0006097	glyoxylate cycle
GO:0006098	pentose-phosphate shunt
GO:0006099	tricarboxylic acid cycle
GO:0006101	citrate metabolic process
GO:0006102	isocitrate metabolic process
GO:0006103	2-oxoglutarate metabolic process
GO:0006104	succinyl-CoA metabolic process
GO:0006106	fumarate metabolic process
GO:0006107	oxaloacetate metabolic process
GO:0006108	malate metabolic process
GO:0006110	regulation of glycolytic process
GO:0006114	glycerol biosynthetic process
GO:0006119	oxidative phosphorylation
GO:0006120	mitochondrial electron transport, NADH to ubiquinone
GO:0006121	mitochondrial electron transport, succinate to ubiquinone
GO:0006122	mitochondrial electron transport, ubiquinol to cytochrome c
GO:0006123	mitochondrial electron transport, cytochrome c to oxygen
GO:0006124	ferredoxin metabolic process
GO:0006127	glycerol-3-phosphate shuttle
GO:0006139	nucleobase-containing compound metabolic process
GO:0006144	purine nucleobase metabolic process
GO:0006145	purine nucleobase catabolic process
GO:0006152	purine nucleoside catabolic process
GO:0006154	adenosine catabolic process
GO:0006163	purine nucleotide metabolic process
GO:0006164	purine nucleotide biosynthetic process
GO:0006166	purine ribonucleoside salvage
GO:0006168	adenine salvage
GO:0006169	adenosine salvage
GO:0006177	GMP biosynthetic process
GO:0006178	guanine salvage
GO:0006183	GTP biosynthetic process
GO:0006188	IMP biosynthetic process
GO:0006189	'de novo' IMP biosynthetic process
GO:0006203	dGTP catabolic process
GO:0006207	'de novo' pyrimidine nucleobase biosynthetic process
GO:0006208	pyrimidine nucleobase catabolic process
GO:0006210	thymine catabolic process
GO:0006212	uracil catabolic process
GO:0006220	pyrimidine nucleotide metabolic process
GO:0006221	pyrimidine nucleotide biosynthetic process
GO:0006223	uracil salvage
GO:0006225	UDP biosynthetic process
GO:0006226	dUMP biosynthetic process
GO:0006227	dUDP biosynthetic process
GO:0006228	UTP biosynthetic process
GO:0006231	dTMP biosynthetic process
GO:0006233	dTDP biosynthetic process
GO:0006235	dTTP biosynthetic process
GO:0006241	CTP biosynthetic process
GO:0006253	dCTP catabolic process
GO:0006259	DNA metabolic process
GO:0006260	DNA replication
GO:0006261	DNA-templated DNA replication
GO:0006264	mitochondrial DNA replication
GO:0006265	DNA topological change
GO:0006269	DNA replication, synthesis of primer
GO:0006270	DNA replication initiation
GO:0006271	DNA strand elongation involved in DNA replication
GO:0006272	leading strand elongation
GO:0006273	lagging strand elongation
GO:0006275	regulation of DNA replication
GO:0006278	RNA-templated DNA biosynthetic process
GO:0006281	DNA repair
GO:0006282	regulation of DNA repair
GO:0006283	transcription-coupled nucleotide-excision repair
GO:0006284	base-excision repair
GO:0006285	base-excision repair, AP site formation
GO:0006287	base-excision repair, gap-filling
GO:0006289	nucleotide-excision repair
GO:0006294	nucleotide-excision repair, preincision complex assembly
GO:0006297	nucleotide-excision repair, DNA gap filling
GO:0006298	mismatch repair
GO:0006301	DNA damage tolerance
GO:0006302	double-strand break repair
GO:0006303	double-strand break repair via nonhomologous end joining
GO:0006307	DNA alkylation repair
GO:0006308	DNA catabolic process
GO:0006310	DNA recombination
GO:0006312	mitotic recombination
GO:0006313	DNA transposition
GO:0006315	homing of group II introns
GO:0006325	chromatin organization
GO:0006334	nucleosome assembly
GO:0006335	DNA replication-dependent chromatin assembly
GO:0006337	nucleosome disassembly
GO:0006338	chromatin remodeling
GO:0006346	DNA methylation-dependent constitutive heterochromatin formation
GO:0006351	DNA-templated transcription
GO:0006352	DNA-templated transcription initiation
GO:0006353	DNA-templated transcription termination
GO:0006354	DNA-templated transcription elongation
GO:0006355	regulation of DNA-templated transcription
GO:0006356	regulation of transcription by RNA polymerase I
GO:0006357	regulation of transcription by RNA polymerase II
GO:0006360	transcription by RNA polymerase I
GO:0006361	transcription initiation at RNA polymerase I promoter
GO:0006362	transcription elongation by RNA polymerase I
GO:0006363	termination of RNA polymerase I transcription
GO:0006364	rRNA processing
GO:0006366	transcription by RNA polymerase II
GO:0006367	transcription initiation at RNA polymerase II promoter
GO:0006368	transcription elongation by RNA polymerase II
GO:0006369	termination of RNA polymerase II transcription
GO:0006370	7-methylguanosine mRNA capping
GO:0006376	mRNA splice site recognition
GO:0006382	adenosine to inosine editing
GO:0006383	transcription by RNA polymerase III
GO:0006384	transcription initiation at RNA polymerase III promoter
GO:0006386	termination of RNA polymerase III transcription
GO:0006388	tRNA splicing, via endonucleolytic cleavage and ligation
GO:0006390	mitochondrial transcription
GO:0006396	RNA processing
GO:0006397	mRNA processing
GO:0006398	mRNA 3'-end processing by stem-loop binding and cleavage
GO:0006399	tRNA metabolic process
GO:0006400	tRNA modification
GO:0006401	RNA catabolic process
GO:0006402	mRNA catabolic process
GO:0006403	RNA localization
GO:0006405	RNA export from nucleus
GO:0006406	mRNA export from nucleus
GO:0006408	snRNA export from nucleus
GO:0006409	tRNA export from nucleus
GO:0006412	translation
GO:0006413	translational initiation
GO:0006414	translational elongation
GO:0006415	translational termination
GO:0006417	regulation of translation
GO:0006418	tRNA aminoacylation for protein translation
GO:0006419	alanyl-tRNA aminoacylation
GO:0006420	arginyl-tRNA aminoacylation
GO:0006421	asparaginyl-tRNA aminoacylation
GO:0006422	aspartyl-tRNA aminoacylation
GO:0006423	cysteinyl-tRNA aminoacylation
GO:0006424	glutamyl-tRNA aminoacylation
GO:0006425	glutaminyl-tRNA aminoacylation
GO:0006426	glycyl-tRNA aminoacylation
GO:0006427	histidyl-tRNA aminoacylation
GO:0006428	isoleucyl-tRNA aminoacylation
GO:0006429	leucyl-tRNA aminoacylation
GO:0006430	lysyl-tRNA aminoacylation
GO:0006431	methionyl-tRNA aminoacylation
GO:0006432	phenylalanyl-tRNA aminoacylation
GO:0006433	prolyl-tRNA aminoacylation
GO:0006434	seryl-tRNA aminoacylation
GO:0006435	threonyl-tRNA aminoacylation
GO:0006436	tryptophanyl-tRNA aminoacylation
GO:0006437	tyrosyl-tRNA aminoacylation
GO:0006438	valyl-tRNA aminoacylation
GO:0006446	regulation of translational initiation
GO:0006449	regulation of translational termination
GO:0006450	regulation of translational fidelity
GO:0006457	protein folding
GO:0006465	GO:0006465
GO:0006468	protein phosphorylation
GO:0006469	negative regulation of protein kinase activity
GO:0006470	protein dephosphorylation
GO:0006473	protein acetylation
GO:0006474	N-terminal protein amino acid acetylation
GO:0006479	protein methylation
GO:0006480	N-terminal protein amino acid methylation
GO:0006481	C-terminal protein methylation
GO:0006482	protein demethylation
GO:0006487	protein N-linked glycosylation
GO:0006488	dolichol-linked oligosaccharide biosynthetic process
GO:0006491	N-glycan processing
GO:0006493	protein O-linked glycosylation
GO:0006497	protein lipidation
GO:0006501	C-terminal protein lipidation
GO:0006505	GPI anchor metabolic process
GO:0006506	GPI anchor biosynthetic process
GO:0006508	proteolysis
GO:0006509	membrane protein ectodomain proteolysis
GO:0006511	ubiquitin-dependent protein catabolic process
GO:0006513	protein monoubiquitination
GO:0006515	protein quality control for misfolded or incompletely synthesized proteins
GO:0006516	glycoprotein catabolic process
GO:0006517	protein deglycosylation
GO:0006518	peptide metabolic process
GO:0006520	amino acid metabolic process
GO:0006526	L-arginine biosynthetic process
GO:0006527	L-arginine catabolic process
GO:0006528	GO:0006528
GO:0006534	GO:0006534
GO:0006535	GO:0006535
GO:0006536	glutamate metabolic process
GO:0006537	GO:0006537
GO:0006538	L-glutamate catabolic process
GO:0006541	L-glutamine metabolic process
GO:0006542	GO:0006542
GO:0006545	glycine biosynthetic process
GO:0006552	L-leucine catabolic process
GO:0006555	L-methionine metabolic process
GO:0006556	S-adenosylmethionine biosynthetic process
GO:0006559	L-phenylalanine catabolic process
GO:0006563	L-serine metabolic process
GO:0006564	L-serine biosynthetic process
GO:0006565	L-serine catabolic process
GO:0006567	L-threonine catabolic process
GO:0006569	L-tryptophan catabolic process
GO:0006570	GO:0006570
GO:0006571	L-tyrosine biosynthetic process
GO:0006572	L-tyrosine catabolic process
GO:0006574	L-valine catabolic process
GO:0006575	modified amino acid metabolic process
GO:0006592	L-ornithine biosynthetic process
GO:0006596	polyamine biosynthetic process
GO:0006597	spermine biosynthetic process
GO:0006598	polyamine catabolic process
GO:0006605	protein targeting
GO:0006606	protein import into nucleus
GO:0006607	NLS-bearing protein import into nucleus
GO:0006611	protein export from nucleus
GO:0006612	protein targeting to membrane
GO:0006614	SRP-dependent cotranslational protein targeting to membrane
GO:0006616	SRP-dependent cotranslational protein targeting to membrane, translocation
GO:0006617	SRP-dependent cotranslational protein targeting to membrane, signal sequence recognition
GO:0006620	post-translational protein targeting to endoplasmic reticulum membrane
GO:0006621	protein retention in ER lumen
GO:0006623	protein targeting to vacuole
GO:0006624	vacuolar protein processing
GO:0006625	protein targeting to peroxisome
GO:0006626	GO:0006626
GO:0006627	GO:0006627
GO:0006629	lipid metabolic process
GO:0006631	fatty acid metabolic process
GO:0006633	fatty acid biosynthetic process
GO:0006635	fatty acid beta-oxidation
GO:0006636	unsaturated fatty acid biosynthetic process
GO:0006637	acyl-CoA metabolic process
GO:0006639	acylglycerol metabolic process
GO:0006641	triglyceride metabolic process
GO:0006644	phospholipid metabolic process
GO:0006646	phosphatidylethanolamine biosynthetic process
GO:0006651	diacylglycerol biosynthetic process
GO:0006654	phosphatidic acid biosynthetic process
GO:0006655	phosphatidylglycerol biosynthetic process
GO:0006656	phosphatidylcholine biosynthetic process
GO:0006657	CDP-choline pathway
GO:0006659	phosphatidylserine biosynthetic process
GO:0006661	phosphatidylinositol biosynthetic process
GO:0006665	sphingolipid metabolic process
GO:0006666	3-keto-sphinganine metabolic process
GO:0006670	sphingosine metabolic process
GO:0006672	ceramide metabolic process
GO:0006679	glucosylceramide biosynthetic process
GO:0006680	glucosylceramide catabolic process
GO:0006691	leukotriene metabolic process
GO:0006694	steroid biosynthetic process
GO:0006695	cholesterol biosynthetic process
GO:0006720	isoprenoid metabolic process
GO:0006721	terpenoid metabolic process
GO:0006722	triterpenoid metabolic process
GO:0006729	tetrahydrobiopterin biosynthetic process
GO:0006730	one-carbon metabolic process
GO:0006739	NADP+ metabolic process
GO:0006740	NADPH regeneration
GO:0006741	NADP+ biosynthetic process
GO:0006742	NADP+ catabolic process
GO:0006744	ubiquinone biosynthetic process
GO:0006747	FAD biosynthetic process
GO:0006749	glutathione metabolic process
GO:0006750	glutathione biosynthetic process
GO:0006751	glutathione catabolic process
GO:0006753	nucleoside phosphate metabolic process
GO:0006754	ATP biosynthetic process
GO:0006760	folic acid-containing compound metabolic process
GO:0006771	riboflavin metabolic process
GO:0006772	thiamine metabolic process
GO:0006777	Mo-molybdopterin cofactor biosynthetic process
GO:0006779	porphyrin-containing compound biosynthetic process
GO:0006780	uroporphyrinogen III biosynthetic process
GO:0006782	GO:0006782
GO:0006783	heme biosynthetic process
GO:0006784	heme A biosynthetic process
GO:0006787	porphyrin-containing compound catabolic process
GO:0006788	heme oxidation
GO:0006790	sulfur compound metabolic process
GO:0006796	phosphate-containing compound metabolic process
GO:0006801	superoxide metabolic process
GO:0006808	regulation of nitrogen utilization
GO:0006809	nitric oxide biosynthetic process
GO:0006810	transport
GO:0006811	monoatomic ion transport
GO:0006812	monoatomic cation transport
GO:0006813	potassium ion transport
GO:0006814	sodium ion transport
GO:0006816	calcium ion transport
GO:0006817	phosphate ion transport
GO:0006820	monoatomic anion transport
GO:0006821	chloride transport
GO:0006825	copper ion transport
GO:0006826	iron ion transport
GO:0006828	manganese ion transport
GO:0006829	zinc ion transport
GO:0006833	water transport
GO:0006839	mitochondrial transport
GO:0006850	pyruvate import into mitochondria
GO:0006851	mitochondrial calcium ion transmembrane transport
GO:0006857	oligopeptide transport
GO:0006858	extracellular transport
GO:0006862	nucleotide transport
GO:0006865	amino acid transport
GO:0006869	lipid transport
GO:0006873	intracellular monoatomic ion homeostasis
GO:0006874	intracellular calcium ion homeostasis
GO:0006878	intracellular copper ion homeostasis
GO:0006879	intracellular iron ion homeostasis
GO:0006882	intracellular zinc ion homeostasis
GO:0006884	cell volume homeostasis
GO:0006885	regulation of pH
GO:0006886	intracellular protein transport
GO:0006887	exocytosis
GO:0006888	endoplasmic reticulum to Golgi vesicle-mediated transport
GO:0006890	retrograde vesicle-mediated transport, Golgi to endoplasmic reticulum
GO:0006891	intra-Golgi vesicle-mediated transport
GO:0006892	post-Golgi vesicle-mediated transport
GO:0006893	Golgi to plasma membrane transport
GO:0006895	Golgi to endosome transport
GO:0006896	Golgi to vacuole transport
GO:0006897	endocytosis
GO:0006898	receptor-mediated endocytosis
GO:0006900	vesicle budding from membrane
GO:0006904	GO:0006904
GO:0006906	vesicle fusion
GO:0006913	nucleocytoplasmic transport
GO:0006914	autophagy
GO:0006949	GO:0006949
GO:0006950	response to stress
GO:0006952	defense response
GO:0006955	immune response
GO:0006970	response to osmotic stress
GO:0006972	hyperosmotic response
GO:0006974	DNA damage response
GO:0006979	response to oxidative stress
GO:0006986	response to unfolded protein
GO:0006995	cellular response to nitrogen starvation
GO:0006996	organelle organization
GO:0006997	nucleus organization
GO:0006998	nuclear envelope organization
GO:0006999	nuclear pore organization
GO:0007004	telomere maintenance via telomerase
GO:0007005	mitochondrion organization
GO:0007009	plasma membrane organization
GO:0007010	cytoskeleton organization
GO:0007015	actin filament organization
GO:0007017	microtubule-based process
GO:0007018	microtubule-based movement
GO:0007019	microtubule depolymerization
GO:0007020	microtubule nucleation
GO:0007021	tubulin complex assembly
GO:0007023	post-chaperonin tubulin folding pathway
GO:0007029	endoplasmic reticulum organization
GO:0007030	Golgi organization
GO:0007031	peroxisome organization
GO:0007032	endosome organization
GO:0007033	vacuole organization
GO:0007034	vacuolar transport
GO:0007035	vacuolar acidification
GO:0007039	protein catabolic process in the vacuole
GO:0007040	lysosome organization
GO:0007041	lysosomal transport
GO:0007043	cell-cell junction assembly
GO:0007049	cell cycle
GO:0007051	spindle organization
GO:0007052	mitotic spindle organization
GO:0007059	chromosome segregation
GO:0007062	sister chromatid cohesion
GO:0007064	mitotic sister chromatid cohesion
GO:0007076	mitotic chromosome condensation
GO:0007080	mitotic metaphase chromosome alignment
GO:0007091	metaphase/anaphase transition of mitotic cell cycle
GO:0007094	mitotic spindle assembly checkpoint signaling
GO:0007095	mitotic G2 DNA damage checkpoint signaling
GO:0007096	regulation of exit from mitosis
GO:0007097	nuclear migration
GO:0007098	centrosome cycle
GO:0007099	centriole replication
GO:0007112	male meiosis cytokinesis
GO:0007129	homologous chromosome pairing at meiosis
GO:0007130	synaptonemal complex assembly
GO:0007131	reciprocal meiotic recombination
GO:0007140	male meiotic nuclear division
GO:0007142	male meiosis II
GO:0007143	female meiotic nuclear division
GO:0007154	cell communication
GO:0007155	cell adhesion
GO:0007163	establishment or maintenance of cell polarity
GO:0007165	signal transduction
GO:0007166	cell surface receptor signaling pathway
GO:0007186	G protein-coupled receptor signaling pathway
GO:0007188	adenylate cyclase-modulating G protein-coupled receptor signaling pathway
GO:0007189	adenylate cyclase-activating G protein-coupled receptor signaling pathway
GO:0007200	phospholipase C-activating G protein-coupled receptor signaling pathway
GO:0007219	Notch signaling pathway
GO:0007229	integrin-mediated signaling pathway
GO:0007264	small GTPase-mediated signal transduction
GO:0007265	Ras protein signal transduction
GO:0007266	Rho protein signal transduction
GO:0007275	multicellular organism development
GO:0007276	gamete generation
GO:0007281	germ cell development
GO:0007292	female gamete generation
GO:0007346	regulation of mitotic cell cycle
GO:0007389	pattern specification process
GO:0007584	response to nutrient
GO:0007623	circadian rhythm
GO:0008017	microtubule binding
GO:0008021	synaptic vesicle
GO:0008023	transcription elongation factor complex
GO:0008024	cyclin/CDK positive transcription elongation factor complex
GO:0008033	tRNA processing
GO:0008037	cell recognition
GO:0008047	enzyme activator activity
GO:0008061	chitin binding
GO:0008064	regulation of actin polymerization or depolymerization
GO:0008066	glutamate receptor activity
GO:0008080	N-acetyltransferase activity
GO:0008081	phosphoric diester hydrolase activity
GO:0008083	growth factor activity
GO:0008090	retrograde axonal transport
GO:0008092	cytoskeletal protein binding
GO:0008093	cytoskeletal adaptor activity
GO:0008094	ATP-dependent activity, acting on DNA
GO:0008097	5S rRNA binding
GO:0008104	intracellular protein localization
GO:0008106	alcohol dehydrogenase (NADP+) activity
GO:0008107	galactoside 2-alpha-L-fucosyltransferase activity
GO:0008108	UDP-glucose:hexose-1-phosphate uridylyltransferase activity
GO:0008113	peptide-methionine (S)-S-oxide reductase activity
GO:0008114	phosphogluconate 2-dehydrogenase activity
GO:0008115	sarcosine oxidase activity
GO:0008117	sphinganine-1-phosphate aldolase activity
GO:0008120	ceramide glucosyltransferase activity
GO:0008121	quinol-cytochrome-c reductase activity
GO:0008124	4-alpha-hydroxytetrahydrobiopterin dehydratase activity
GO:0008131	primary methylamine oxidase activity
GO:0008134	transcription factor binding
GO:0008137	NADH dehydrogenase (ubiquinone) activity
GO:0008138	protein tyrosine/serine/threonine phosphatase activity
GO:0008139	nuclear localization sequence binding
GO:0008143	poly(A) binding
GO:0008146	sulfotransferase activity
GO:0008150	biological_process
GO:0008152	metabolic process
GO:0008153	4-aminobenzoate biosynthetic process
GO:0008157	protein phosphatase 1 binding
GO:0008160	protein tyrosine phosphatase activator activity
GO:0008168	methyltransferase activity
GO:0008169	C-methyltransferase activity
GO:0008171	O-methyltransferase activity
GO:0008173	RNA methyltransferase activity
GO:0008175	tRNA methyltransferase activity
GO:0008176	tRNA (guanine(46)-N7)-methyltransferase activity
GO:0008177	succinate dehydrogenase (quinone) activity
GO:0008179	adenylate cyclase binding
GO:0008180	COP9 signalosome
GO:0008184	glycogen phosphorylase activity
GO:0008186	ATP-dependent activity, acting on RNA
GO:0008187	poly-pyrimidine tract binding
GO:0008193	tRNA guanylyltransferase activity
GO:0008194	UDP-glycosyltransferase activity
GO:0008195	phosphatidate phosphatase activity
GO:0008198	ferrous iron binding
GO:0008199	ferric iron binding
GO:0008200	ion channel inhibitor activity
GO:0008202	steroid metabolic process
GO:0008203	cholesterol metabolic process
GO:0008233	peptidase activity
GO:0008234	cysteine-type peptidase activity
GO:0008235	metalloexopeptidase activity
GO:0008236	serine-type peptidase activity
GO:0008237	metallopeptidase activity
GO:0008238	exopeptidase activity
GO:0008239	dipeptidyl-peptidase activity
GO:0008240	tripeptidyl-peptidase activity
GO:0008242	omega peptidase activity
GO:0008250	oligosaccharyltransferase complex
GO:0008251	tRNA-specific adenosine deaminase activity
GO:0008252	nucleotidase activity
GO:0008253	5'-nucleotidase activity
GO:0008265	molybdenum cofactor sulfurtransferase activity
GO:0008266	poly(U) RNA binding
GO:0008270	zinc ion binding
GO:0008271	secondary active sulfate transmembrane transporter activity
GO:0008275	gamma-tubulin small complex
GO:0008276	protein methyltransferase activity
GO:0008278	cohesin complex
GO:0008281	sulfonylurea receptor activity
GO:0008283	cell population proliferation
GO:0008284	positive regulation of cell population proliferation
GO:0008285	negative regulation of cell population proliferation
GO:0008287	protein serine/threonine phosphatase complex
GO:0008289	lipid binding
GO:0008290	F-actin capping protein complex
GO:0008295	spermidine biosynthetic process
GO:0008296	3'-5'-DNA exonuclease activity
GO:0008297	single-stranded DNA exodeoxyribonuclease activity
GO:0008298	intracellular mRNA localization
GO:0008299	isoprenoid biosynthetic process
GO:0008308	voltage-gated monoatomic anion channel activity
GO:0008309	double-stranded DNA exodeoxyribonuclease activity
GO:0008310	single-stranded DNA 3'-5' DNA exonuclease activity
GO:0008311	double-stranded DNA 3'-5' DNA exonuclease activity
GO:0008312	7S RNA binding
GO:0008320	transmembrane protein transporter activity
GO:0008324	monoatomic cation transmembrane transporter activity
GO:0008330	protein tyrosine/threonine phosphatase activity
GO:0008333	endosome to lysosome transport
GO:0008334	histone mRNA metabolic process
GO:0008352	katanin complex
GO:0008353	RNA polymerase II CTD heptapeptide repeat kinase activity
GO:0008356	asymmetric cell division
GO:0008360	regulation of cell shape
GO:0008361	regulation of cell size
GO:0008373	sialyltransferase activity
GO:0008374	GO:0008374
GO:0008375	acetylglucosaminyltransferase activity
GO:0008378	galactosyltransferase activity
GO:0008379	thioredoxin peroxidase activity
GO:0008380	RNA splicing
GO:0008381	mechanosensitive monoatomic ion channel activity
GO:0008398	sterol 14-demethylase activity
GO:0008408	3'-5' exonuclease activity
GO:0008409	5'-3' exonuclease activity
GO:0008412	4-hydroxybenzoate polyprenyltransferase activity
GO:0008413	8-oxo-7,8-dihydroguanosine triphosphate pyrophosphatase activity
GO:0008418	protein-N-terminal asparagine amidohydrolase activity
GO:0008419	RNA lariat debranching enzyme activity
GO:0008420	RNA polymerase II CTD heptapeptide repeat phosphatase activity
GO:0008422	beta-glucosidase activity
GO:0008425	2-methoxy-6-polyprenyl-1,4-benzoquinol methyltransferase activity
GO:0008428	ribonuclease inhibitor activity
GO:0008429	phosphatidylethanolamine binding
GO:0008430	selenium binding
GO:0008440	inositol-1,4,5-trisphosphate 3-kinase activity
GO:0008441	3'(2'),5'-bisphosphate nucleotidase activity
GO:0008442	3-hydroxyisobutyrate dehydrogenase activity
GO:0008444	CDP-diacylglycerol-glycerol-3-phosphate 3-phosphatidyltransferase activity
GO:0008446	GDP-mannose 4,6-dehydratase activity
GO:0008447	L-ascorbate oxidase activity
GO:0008453	L-alanine:glyoxylate transaminase activity
GO:0008455	alpha-1,6-mannosylglycoprotein 2-beta-N-acetylglucosaminyltransferase activity
GO:0008460	dTDP-glucose 4,6-dehydratase activity
GO:0008465	hydroxypyruvate reductase (NADH) activity
GO:0008470	3-methylbutanoyl-CoA dehydrogenase activity
GO:0008474	palmitoyl-(protein) hydrolase activity
GO:0008477	purine nucleosidase activity
GO:0008478	pyridoxal kinase activity
GO:0008479	tRNA-guanosine(34) queuine transglycosylase activity
GO:0008481	sphingosine kinase activity
GO:0008482	sulfite oxidase activity
GO:0008483	transaminase activity
GO:0008494	translation activator activity
GO:0008495	protoheme IX farnesyltransferase activity
GO:0008506	sucrose:proton symporter activity
GO:0008511	sodium:potassium:chloride symporter activity
GO:0008515	sucrose transmembrane transporter activity
GO:0008517	folic acid transmembrane transporter activity
GO:0008519	ammonium channel activity
GO:0008526	phosphatidylinositol transfer activity
GO:0008531	riboflavin kinase activity
GO:0008534	oxidized purine nucleobase lesion DNA N-glycosylase activity
GO:0008540	proteasome regulatory particle, base subcomplex
GO:0008541	proteasome regulatory particle, lid subcomplex
GO:0008553	P-type proton-exporting transporter activity
GO:0008559	ABC-type xenobiotic transporter activity
GO:0008568	microtubule severing ATPase activity
GO:0008574	plus-end-directed microtubule motor activity
GO:0008608	attachment of spindle microtubules to kinetochore
GO:0008610	lipid biosynthetic process
GO:0008612	peptidyl-hypusine biosynthetic process
GO:0008614	pyridoxine metabolic process
GO:0008615	pyridoxine biosynthetic process
GO:0008622	epsilon DNA polymerase complex
GO:0008623	CHRAC
GO:0008641	ubiquitin-like modifier activating enzyme activity
GO:0008643	carbohydrate transport
GO:0008649	rRNA methyltransferase activity
GO:0008650	rRNA (uridine-2'-O-ribose)-methyltransferase activity
GO:0008652	amino acid biosynthetic process
GO:0008654	phospholipid biosynthetic process
GO:0008656	cysteine-type endopeptidase activator activity involved in apoptotic process
GO:0008661	1-deoxy-D-xylulose-5-phosphate synthase activity
GO:0008663	2',3'-cyclic-nucleotide 2'-phosphodiesterase activity
GO:0008667	2,3-dihydro-2,3-dihydroxybenzoate dehydrogenase activity
GO:0008670	2,4-dienoyl-CoA reductase (NADPH) activity
GO:0008676	3-deoxy-8-phosphooctulonate synthase activity
GO:0008681	2-octaprenyl-6-methoxyphenol hydroxylase activity
GO:0008685	2-C-methyl-D-erythritol 2,4-cyclodiphosphate synthase activity
GO:0008686	3,4-dihydroxy-2-butanone-4-phosphate synthase activity
GO:0008690	3-deoxy-manno-octulosonate cytidylyltransferase activity
GO:0008692	3-hydroxybutyryl-CoA epimerase activity
GO:0008696	4-amino-4-deoxychorismate lyase activity
GO:0008703	5-amino-6-(5-phosphoribosylamino)uracil reductase activity
GO:0008705	methionine synthase activity
GO:0008716	D-alanine-D-alanine ligase activity
GO:0008720	D-lactate dehydrogenase (NAD+) activity
GO:0008721	D-serine ammonia-lyase activity
GO:0008725	DNA-3-methyladenine glycosylase activity
GO:0008728	GTP diphosphokinase activity
GO:0008732	L-allo-threonine aldolase activity
GO:0008734	L-aspartate oxidase activity
GO:0008757	S-adenosylmethionine-dependent methyltransferase activity
GO:0008760	UDP-N-acetylglucosamine 1-carboxyvinyltransferase activity
GO:0008762	UDP-N-acetylmuramate dehydrogenase activity
GO:0008763	UDP-N-acetylmuramate-L-alanine ligase activity
GO:0008764	UDP-N-acetylmuramoylalanine-D-glutamate ligase activity
GO:0008777	acetylornithine deacetylase activity
GO:0008780	acyl-[acyl-carrier-protein]-UDP-N-acetylglucosamine O-acyltransferase activity
GO:0008783	agmatinase activity
GO:0008792	arginine decarboxylase activity
GO:0008793	aromatic-amino-acid:2-oxoglutarate transaminase activity
GO:0008794	arsenate reductase (glutaredoxin) activity
GO:0008798	beta-aspartyl-peptidase activity
GO:0008802	betaine-aldehyde dehydrogenase (NAD+) activity
GO:0008808	cardiolipin synthase activity
GO:0008810	cellulase activity
GO:0008821	crossover junction DNA endonuclease activity
GO:0008824	cyanate hydratase activity
GO:0008830	dTDP-4-dehydrorhamnose 3,5-epimerase activity
GO:0008831	dTDP-4-dehydrorhamnose reductase activity
GO:0008832	dGTPase activity
GO:0008835	diaminohydroxyphosphoribosylaminopyrimidine deaminase activity
GO:0008836	diaminopimelate decarboxylase activity
GO:0008837	diaminopimelate epimerase activity
GO:0008839	4-hydroxy-tetrahydrodipicolinate reductase activity
GO:0008840	4-hydroxy-tetrahydrodipicolinate synthase activity
GO:0008841	dihydrofolate synthase activity
GO:0008843	endochitinase activity
GO:0008863	formate dehydrogenase (NAD+) activity
GO:0008864	formyltetrahydrofolate deformylase activity
GO:0008865	fructokinase activity
GO:0008878	glucose-1-phosphate adenylyltransferase activity
GO:0008883	glutamyl-tRNA reductase activity
GO:0008886	glyceraldehyde-3-phosphate dehydrogenase (NADP+) (non-phosphorylating) activity
GO:0008887	glycerate kinase activity
GO:0008889	glycerophosphodiester phosphodiesterase activity
GO:0008893	guanosine-3',5'-bis(diphosphate) 3'-diphosphatase activity
GO:0008897	holo-[acyl-carrier-protein] synthase activity
GO:0008898	S-adenosylmethionine-homocysteine S-methyltransferase activity
GO:0008902	hydroxymethylpyrimidine kinase activity
GO:0008909	isochorismate synthase activity
GO:0008911	lactaldehyde dehydrogenase (NAD+) activity
GO:0008915	lipid-A-disaccharide synthase activity
GO:0008922	long-chain fatty acid [acyl-carrier-protein] ligase activity
GO:0008930	methylthioadenosine nucleosidase activity
GO:0008934	inositol monophosphate 1-phosphatase activity
GO:0008935	1,4-dihydroxy-2-naphthoyl-CoA synthase activity
GO:0008936	nicotinamidase activity
GO:0008942	nitrite reductase [NAD(P)H] activity
GO:0008948	oxaloacetate decarboxylase activity
GO:0008955	peptidoglycan glycosyltransferase activity
GO:0008962	phosphatidylglycerophosphatase activity
GO:0008963	phospho-N-acetylmuramoyl-pentapeptide-transferase activity
GO:0008964	phosphoenolpyruvate carboxylase activity
GO:0008967	phosphoglycolate phosphatase activity
GO:0008970	glycerophospholipid phospholipase A1 activity
GO:0008972	phosphomethylpyrimidine kinase activity
GO:0008974	phosphoribulokinase activity
GO:0008977	prephenate dehydrogenase (NAD+) activity
GO:0008987	quinolinate synthetase A activity
GO:0008988	rRNA (adenine-N6-)-methyltransferase activity
GO:0009001	L-serine O-acetyltransferase activity
GO:0009003	signal peptidase activity
GO:0009008	DNA-methyltransferase activity
GO:0009011	alpha-1,4-glucan glucosyltransferase (ADP-glucose donor) activity
GO:0009029	lipid-A 4'-kinase activity
GO:0009039	urease activity
GO:0009044	xylan 1,4-beta-xylosidase activity
GO:0009045	xylose isomerase activity
GO:0009051	pentose-phosphate shunt, oxidative branch
GO:0009052	pentose-phosphate shunt, non-oxidative branch
GO:0009055	electron transfer activity
GO:0009056	catabolic process
GO:0009057	macromolecule catabolic process
GO:0009058	biosynthetic process
GO:0009059	macromolecule biosynthetic process
GO:0009060	aerobic respiration
GO:0009062	fatty acid catabolic process
GO:0009063	amino acid catabolic process
GO:0009073	aromatic amino acid biosynthetic process
GO:0009074	aromatic amino acid catabolic process
GO:0009079	pyruvate family amino acid biosynthetic process
GO:0009082	branched-chain amino acid biosynthetic process
GO:0009083	branched-chain amino acid catabolic process
GO:0009085	L-lysine biosynthetic process
GO:0009086	GO:0009086
GO:0009088	L-threonine biosynthetic process
GO:0009089	GO:0009089
GO:0009090	L-homoserine biosynthetic process
GO:0009094	L-phenylalanine biosynthetic process
GO:0009095	GO:0009095
GO:0009097	GO:0009097
GO:0009098	L-leucine biosynthetic process
GO:0009099	L-valine biosynthetic process
GO:0009100	glycoprotein metabolic process
GO:0009101	glycoprotein biosynthetic process
GO:0009102	biotin biosynthetic process
GO:0009107	lipoate biosynthetic process
GO:0009113	purine nucleobase biosynthetic process
GO:0009116	nucleoside metabolic process
GO:0009117	nucleotide metabolic process
GO:0009123	nucleoside monophosphate metabolic process
GO:0009134	nucleoside diphosphate catabolic process
GO:0009142	nucleoside triphosphate biosynthetic process
GO:0009143	nucleoside triphosphate catabolic process
GO:0009150	purine ribonucleotide metabolic process
GO:0009156	ribonucleoside monophosphate biosynthetic process
GO:0009165	nucleotide biosynthetic process
GO:0009177	pyrimidine deoxyribonucleoside monophosphate biosynthetic process
GO:0009187	cyclic nucleotide metabolic process
GO:0009204	deoxyribonucleoside triphosphate catabolic process
GO:0009221	pyrimidine deoxyribonucleotide biosynthetic process
GO:0009225	nucleotide-sugar metabolic process
GO:0009226	nucleotide-sugar biosynthetic process
GO:0009228	thiamine biosynthetic process
GO:0009229	thiamine diphosphate biosynthetic process
GO:0009231	riboflavin biosynthetic process
GO:0009234	menaquinone biosynthetic process
GO:0009240	isopentenyl diphosphate biosynthetic process
GO:0009245	lipid A biosynthetic process
GO:0009247	glycolipid biosynthetic process
GO:0009249	protein lipoylation
GO:0009250	glucan biosynthetic process
GO:0009251	glucan catabolic process
GO:0009252	peptidoglycan biosynthetic process
GO:0009257	10-formyltetrahydrofolate biosynthetic process
GO:0009259	ribonucleotide metabolic process
GO:0009263	deoxyribonucleotide biosynthetic process
GO:0009264	deoxyribonucleotide catabolic process
GO:0009266	response to temperature stimulus
GO:0009267	cellular response to starvation
GO:0009269	response to desiccation
GO:0009298	GDP-mannose biosynthetic process
GO:0009299	mRNA transcription
GO:0009301	snRNA transcription
GO:0009306	protein secretion
GO:0009308	amine metabolic process
GO:0009311	oligosaccharide metabolic process
GO:0009312	oligosaccharide biosynthetic process
GO:0009314	response to radiation
GO:0009317	acetyl-CoA carboxylase complex
GO:0009328	phenylalanine-tRNA ligase complex
GO:0009330	DNA topoisomerase type II (double strand cut, ATP-hydrolyzing) complex
GO:0009331	glycerol-3-phosphate dehydrogenase (FAD) complex
GO:0009337	sulfite reductase complex (NADPH)
GO:0009341	beta-galactosidase complex
GO:0009344	nitrite reductase complex [NAD(P)H]
GO:0009349	riboflavin synthase complex
GO:0009360	DNA polymerase III complex
GO:0009361	succinate-CoA ligase complex (ADP-forming)
GO:0009368	endopeptidase Clp complex
GO:0009378	four-way junction helicase activity
GO:0009383	rRNA (cytosine-C5-)-methyltransferase activity
GO:0009395	phospholipid catabolic process
GO:0009396	folic acid-containing compound biosynthetic process
GO:0009398	FMN biosynthetic process
GO:0009404	toxin metabolic process
GO:0009407	toxin catabolic process
GO:0009408	response to heat
GO:0009409	response to cold
GO:0009411	response to UV
GO:0009414	response to water deprivation
GO:0009415	response to water
GO:0009416	response to light stimulus
GO:0009423	chorismate biosynthetic process
GO:0009435	NAD+ biosynthetic process
GO:0009436	glyoxylate catabolic process
GO:0009440	cyanate catabolic process
GO:0009443	pyridoxal 5'-phosphate salvage
GO:0009446	putrescine biosynthetic process
GO:0009448	GO:0009448
GO:0009450	GABA catabolic process
GO:0009451	RNA modification
GO:0009452	7-methylguanosine RNA capping
GO:0009496	plastoquinol--plastocyanin reductase activity
GO:0009501	amyloplast
GO:0009504	cell plate
GO:0009505	plant-type cell wall
GO:0009506	plasmodesma
GO:0009507	chloroplast
GO:0009509	chromoplast
GO:0009512	cytochrome b6f complex
GO:0009513	etioplast
GO:0009514	glyoxysome
GO:0009519	middle lamella
GO:0009521	photosystem
GO:0009522	photosystem I
GO:0009523	photosystem II
GO:0009524	phragmoplast
GO:0009526	plastid envelope
GO:0009527	plastid outer membrane
GO:0009528	plastid inner membrane
GO:0009531	secondary cell wall
GO:0009532	plastid stroma
GO:0009534	chloroplast thylakoid
GO:0009535	chloroplast thylakoid membrane
GO:0009536	plastid
GO:0009537	proplastid
GO:0009538	photosystem I reaction center
GO:0009539	photosystem II reaction center
GO:0009543	chloroplast thylakoid lumen
GO:0009553	embryo sac development
GO:0009554	megasporogenesis
GO:0009555	pollen development
GO:0009556	microsporogenesis
GO:0009559	embryo sac central cell differentiation
GO:0009561	megagametogenesis
GO:0009567	double fertilization forming a zygote and endosperm
GO:0009570	chloroplast stroma
GO:0009574	preprophase band
GO:0009579	thylakoid
GO:0009584	detection of visible light
GO:0009585	red, far-red light phototransduction
GO:0009606	tropism
GO:0009608	response to symbiont
GO:0009609	response to symbiotic bacterium
GO:0009610	response to symbiotic fungus
GO:0009611	response to wounding
GO:0009615	response to virus
GO:0009617	response to bacterium
GO:0009620	response to fungus
GO:0009624	response to nematode
GO:0009625	response to insect
GO:0009626	plant-type hypersensitive response
GO:0009627	systemic acquired resistance
GO:0009628	response to abiotic stimulus
GO:0009629	response to gravity
GO:0009630	gravitropism
GO:0009631	cold acclimation
GO:0009635	response to herbicide
GO:0009636	response to toxic substance
GO:0009637	response to blue light
GO:0009638	phototropism
GO:0009639	response to red or far red light
GO:0009640	photomorphogenesis
GO:0009642	response to light intensity
GO:0009644	response to high light intensity
GO:0009646	response to absence of light
GO:0009647	skotomorphogenesis
GO:0009648	photoperiodism
GO:0009649	entrainment of circadian clock
GO:0009650	UV protection
GO:0009651	response to salt stress
GO:0009652	thigmotropism
GO:0009653	anatomical structure morphogenesis
GO:0009654	photosystem II oxygen evolving complex
GO:0009657	plastid organization
GO:0009658	chloroplast organization
GO:0009662	etioplast organization
GO:0009664	plant-type cell wall organization
GO:0009668	plastid membrane organization
GO:0009670	triose-phosphate:phosphate antiporter activity
GO:0009671	nitrate:proton symporter activity
GO:0009678	diphosphate hydrolysis-driven proton transmembrane transporter activity
GO:0009684	indoleacetic acid biosynthetic process
GO:0009685	gibberellin metabolic process
GO:0009686	gibberellin biosynthetic process
GO:0009687	abscisic acid metabolic process
GO:0009688	abscisic acid biosynthetic process
GO:0009690	cytokinin metabolic process
GO:0009691	cytokinin biosynthetic process
GO:0009692	ethylene metabolic process
GO:0009693	ethylene biosynthetic process
GO:0009694	jasmonic acid metabolic process
GO:0009695	jasmonic acid biosynthetic process
GO:0009696	salicylic acid metabolic process
GO:0009698	phenylpropanoid metabolic process
GO:0009699	phenylpropanoid biosynthetic process
GO:0009702	L-arabinokinase activity
GO:0009703	nitrate reductase (NADH) activity
GO:0009704	de-etiolation
GO:0009705	plant-type vacuole membrane
GO:0009706	chloroplast inner membrane
GO:0009707	chloroplast outer membrane
GO:0009717	isoflavonoid biosynthetic process
GO:0009718	anthocyanin-containing compound biosynthetic process
GO:0009723	response to ethylene
GO:0009725	response to hormone
GO:0009729	detection of brassinosteroid stimulus
GO:0009733	response to auxin
GO:0009734	auxin-activated signaling pathway
GO:0009735	response to cytokinin
GO:0009736	cytokinin-activated signaling pathway
GO:0009737	response to abscisic acid
GO:0009738	abscisic acid-activated signaling pathway
GO:0009739	response to gibberellin
GO:0009740	gibberellic acid mediated signaling pathway
GO:0009741	response to brassinosteroid
GO:0009742	brassinosteroid mediated signaling pathway
GO:0009743	response to carbohydrate
GO:0009744	response to sucrose
GO:0009745	sucrose mediated signaling
GO:0009749	response to glucose
GO:0009751	response to salicylic acid
GO:0009753	response to jasmonic acid
GO:0009755	hormone-mediated signaling pathway
GO:0009765	photosynthesis, light harvesting
GO:0009767	photosynthetic electron transport chain
GO:0009768	photosynthesis, light harvesting in photosystem I
GO:0009772	photosynthetic electron transport in photosystem II
GO:0009773	photosynthetic electron transport in photosystem I
GO:0009785	blue light signaling pathway
GO:0009786	regulation of asymmetric cell division
GO:0009787	regulation of abscisic acid-activated signaling pathway
GO:0009788	negative regulation of abscisic acid-activated signaling pathway
GO:0009789	positive regulation of abscisic acid-activated signaling pathway
GO:0009790	embryo development
GO:0009791	post-embryonic development
GO:0009793	embryo development ending in seed dormancy
GO:0009800	cinnamic acid biosynthetic process
GO:0009805	coumarin biosynthetic process
GO:0009807	lignan biosynthetic process
GO:0009808	lignin metabolic process
GO:0009809	lignin biosynthetic process
GO:0009812	flavonoid metabolic process
GO:0009813	flavonoid biosynthetic process
GO:0009815	1-aminocyclopropane-1-carboxylate oxidase activity
GO:0009820	alkaloid metabolic process
GO:0009821	alkaloid biosynthetic process
GO:0009824	AMP dimethylallyltransferase activity
GO:0009825	multidimensional cell growth
GO:0009826	unidimensional cell growth
GO:0009827	plant-type cell wall modification
GO:0009828	plant-type cell wall loosening
GO:0009830	cell wall modification involved in abscission
GO:0009832	plant-type cell wall biogenesis
GO:0009833	plant-type primary cell wall biogenesis
GO:0009834	plant-type secondary cell wall biogenesis
GO:0009835	fruit ripening
GO:0009836	fruit ripening, climacteric
GO:0009840	chloroplastic endopeptidase Clp complex
GO:0009845	seed germination
GO:0009846	pollen germination
GO:0009850	auxin metabolic process
GO:0009851	auxin biosynthetic process
GO:0009852	auxin catabolic process
GO:0009853	photorespiration
GO:0009854	oxidative photosynthetic carbon pathway
GO:0009855	determination of bilateral symmetry
GO:0009856	pollination
GO:0009860	pollen tube growth
GO:0009862	systemic acquired resistance, salicylic acid mediated signaling pathway
GO:0009863	salicylic acid mediated signaling pathway
GO:0009864	induced systemic resistance, jasmonic acid mediated signaling pathway
GO:0009865	pollen tube adhesion
GO:0009867	jasmonic acid mediated signaling pathway
GO:0009873	ethylene-activated signaling pathway
GO:0009875	pollen-pistil interaction
GO:0009877	nodulation
GO:0009881	photoreceptor activity
GO:0009882	blue light photoreceptor activity
GO:0009884	cytokinin receptor activity
GO:0009888	tissue development
GO:0009891	positive regulation of biosynthetic process
GO:0009893	positive regulation of metabolic process
GO:0009896	positive regulation of catabolic process
GO:0009898	cytoplasmic side of plasma membrane
GO:0009899	ent-kaurene synthase activity
GO:0009901	anther dehiscence
GO:0009902	chloroplast relocation
GO:0009903	chloroplast avoidance movement
GO:0009904	chloroplast accumulation movement
GO:0009908	flower development
GO:0009909	regulation of flower development
GO:0009910	negative regulation of flower development
GO:0009911	positive regulation of flower development
GO:0009914	hormone transport
GO:0009916	alternative oxidase activity
GO:0009920	cell plate formation involved in plant-type cell wall biogenesis
GO:0009922	fatty acid elongase activity
GO:0009925	basal plasma membrane
GO:0009926	auxin polar transport
GO:0009927	histidine phosphotransfer kinase activity
GO:0009931	calcium-dependent protein serine/threonine kinase activity
GO:0009932	cell tip growth
GO:0009933	meristem structural organization
GO:0009934	regulation of meristem structural organization
GO:0009937	regulation of gibberellic acid mediated signaling pathway
GO:0009938	negative regulation of gibberellic acid mediated signaling pathway
GO:0009939	positive regulation of gibberellic acid mediated signaling pathway
GO:0009941	chloroplast envelope
GO:0009942	longitudinal axis specification
GO:0009944	polarity specification of adaxial/abaxial axis
GO:0009945	radial axis specification
GO:0009953	dorsal/ventral pattern formation
GO:0009955	adaxial/abaxial pattern specification
GO:0009956	radial pattern formation
GO:0009958	positive gravitropism
GO:0009959	negative gravitropism
GO:0009960	endosperm development
GO:0009965	leaf morphogenesis
GO:0009966	regulation of signal transduction
GO:0009967	positive regulation of signal transduction
GO:0009969	xyloglucan biosynthetic process
GO:0009973	adenylyl-sulfate reductase activity
GO:0009975	cyclase activity
GO:0009976	tocopherol cyclase activity
GO:0009977	proton motive force dependent protein transmembrane transporter activity
GO:0009978	allene oxide synthase activity
GO:0009982	pseudouridine synthase activity
GO:0009987	cellular process
GO:0010005	cortical microtubule, transverse to long axis
GO:0010007	magnesium chelatase complex
GO:0010008	endosome membrane
GO:0010011	auxin binding
GO:0010014	meristem initiation
GO:0010015	root morphogenesis
GO:0010016	shoot system morphogenesis
GO:0010017	red or far-red light signaling pathway
GO:0010019	chloroplast-nucleus signaling pathway
GO:0010020	chloroplast fission
GO:0010021	amylopectin biosynthetic process
GO:0010022	meristem determinacy
GO:0010024	phytochromobilin biosynthetic process
GO:0010025	wax biosynthetic process
GO:0010026	trichome differentiation
GO:0010027	thylakoid membrane organization
GO:0010028	xanthophyll cycle
GO:0010029	regulation of seed germination
GO:0010030	positive regulation of seed germination
GO:0010031	circumnutation
GO:0010032	meiotic chromosome condensation
GO:0010037	response to carbon dioxide
GO:0010038	response to metal ion
GO:0010039	response to iron ion
GO:0010043	response to zinc ion
GO:0010044	response to aluminum ion
GO:0010047	fruit dehiscence
GO:0010048	vernalization response
GO:0010052	guard cell differentiation
GO:0010067	procambium histogenesis
GO:0010071	root meristem specification
GO:0010072	primary shoot apical meristem specification
GO:0010073	meristem maintenance
GO:0010074	maintenance of meristem identity
GO:0010075	regulation of meristem growth
GO:0010078	maintenance of root meristem identity
GO:0010082	regulation of root meristem growth
GO:0010087	phloem or xylem histogenesis
GO:0010088	phloem development
GO:0010089	xylem development
GO:0010090	trichome morphogenesis
GO:0010091	trichome branching
GO:0010095	specification of petal identity
GO:0010097	specification of stamen identity
GO:0010098	suspensor development
GO:0010099	regulation of photomorphogenesis
GO:0010100	negative regulation of photomorphogenesis
GO:0010102	lateral root morphogenesis
GO:0010103	stomatal complex morphogenesis
GO:0010104	regulation of ethylene-activated signaling pathway
GO:0010105	negative regulation of ethylene-activated signaling pathway
GO:0010106	cellular response to iron ion starvation
GO:0010109	regulation of photosynthesis
GO:0010112	regulation of systemic acquired resistance
GO:0010113	negative regulation of systemic acquired resistance
GO:0010114	response to red light
GO:0010115	regulation of abscisic acid biosynthetic process
GO:0010117	photoprotection
GO:0010118	stomatal movement
GO:0010119	regulation of stomatal movement
GO:0010120	camalexin biosynthetic process
GO:0010121	GO:0010121
GO:0010124	phenylacetate catabolic process
GO:0010133	GO:0010133
GO:0010136	ureide catabolic process
GO:0010142	farnesyl diphosphate biosynthetic process, mevalonate pathway
GO:0010143	cutin biosynthetic process
GO:0010150	leaf senescence
GO:0010152	pollen maturation
GO:0010154	fruit development
GO:0010157	response to chlorate
GO:0010158	abaxial cell fate specification
GO:0010162	seed dormancy process
GO:0010165	response to X-ray
GO:0010166	wax metabolic process
GO:0010167	response to nitrate
GO:0010168	ER body
GO:0010170	glucose-1-phosphate adenylyltransferase complex
GO:0010179	IAA-Ala conjugate hydrolase activity
GO:0010181	FMN binding
GO:0010182	sugar mediated signaling pathway
GO:0010183	pollen tube guidance
GO:0010187	negative regulation of seed germination
GO:0010189	vitamin E biosynthetic process
GO:0010190	cytochrome b6f complex assembly
GO:0010193	response to ozone
GO:0010196	nonphotochemical quenching
GO:0010197	polar nucleus fusion
GO:0010200	response to chitin
GO:0010205	photoinhibition
GO:0010206	photosystem II repair
GO:0010207	photosystem II assembly
GO:0010212	response to ionizing radiation
GO:0010215	cellulose microfibril organization
GO:0010218	response to far red light
GO:0010222	stem vascular tissue pattern formation
GO:0010223	secondary shoot formation
GO:0010224	response to UV-B
GO:0010225	response to UV-C
GO:0010227	floral organ abscission
GO:0010228	vegetative to reproductive phase transition of meristem
GO:0010229	inflorescence development
GO:0010230	alternative respiration
GO:0010231	maintenance of seed dormancy
GO:0010235	guard mother cell cytokinesis
GO:0010236	plastoquinone biosynthetic process
GO:0010239	chloroplast mRNA processing
GO:0010241	ent-kaurene oxidation to kaurenoic acid
GO:0010242	oxygen evolving activity
GO:0010244	response to low fluence blue light stimulus by blue low-fluence system
GO:0010253	UDP-rhamnose biosynthetic process
GO:0010256	endomembrane system organization
GO:0010257	NADH dehydrogenase complex assembly
GO:0010258	NADH dehydrogenase complex (plastoquinone) assembly
GO:0010264	myo-inositol hexakisphosphate biosynthetic process
GO:0010265	SCF complex assembly
GO:0010267	ta-siRNA processing
GO:0010268	brassinosteroid homeostasis
GO:0010270	photosystem II oxygen evolving complex assembly
GO:0010271	regulation of chlorophyll catabolic process
GO:0010273	detoxification of copper ion
GO:0010274	hydrotropism
GO:0010275	NAD(P)H dehydrogenase complex assembly
GO:0010276	phytol kinase activity
GO:0010277	chlorophyllide a oxygenase activity
GO:0010279	indole-3-acetic acid amido synthetase activity
GO:0010280	UDP-L-rhamnose synthase activity
GO:0010283	pinoresinol reductase activity
GO:0010284	lariciresinol reductase activity
GO:0010285	L,L-diaminopimelate:2-oxoglutarate transaminase activity
GO:0010286	heat acclimation
GO:0010287	plastoglobule
GO:0010291	beta-carotene 3-hydroxylase activity
GO:0010295	(+)-abscisic acid 8'-hydroxylase activity
GO:0010296	prenylcysteine methylesterase activity
GO:0010301	xanthoxin dehydrogenase (NAD+) activity
GO:0010304	PSII associated light-harvesting complex II catabolic process
GO:0010305	leaf vascular tissue pattern formation
GO:0010306	rhamnogalacturonan II biosynthetic process
GO:0010308	acireductone dioxygenase (Ni2+-requiring) activity
GO:0010309	acireductone dioxygenase [iron(II)-requiring] activity
GO:0010311	lateral root formation
GO:0010315	auxin export across the plasma membrane
GO:0010319	stromule
GO:0010325	raffinose family oligosaccharide biosynthetic process
GO:0010328	auxin influx transmembrane transporter activity
GO:0010329	auxin efflux transmembrane transporter activity
GO:0010330	cellulose synthase complex
GO:0010331	gibberellin binding
GO:0010332	response to gamma radiation
GO:0010333	terpene synthase activity
GO:0010334	sesquiterpene synthase activity
GO:0010336	gibberellic acid homeostasis
GO:0010343	singlet oxygen-mediated programmed cell death
GO:0010344	seed oilbody biogenesis
GO:0010345	suberin biosynthetic process
GO:0010349	L-galactose dehydrogenase activity
GO:0010351	lithium ion transport
GO:0010363	regulation of plant-type hypersensitive response
GO:0010366	negative regulation of ethylene biosynthetic process
GO:0010372	positive regulation of gibberellin biosynthetic process
GO:0010376	stomatal complex formation
GO:0010380	regulation of chlorophyll biosynthetic process
GO:0010384	cell wall proteoglycan metabolic process
GO:0010385	double-stranded methylated DNA binding
GO:0010387	COP9 signalosome assembly
GO:0010389	regulation of G2/M transition of mitotic cell cycle
GO:0010405	arabinogalactan protein metabolic process
GO:0010411	xyloglucan metabolic process
GO:0010417	glucuronoxylan biosynthetic process
GO:0010420	polyprenyldihydroxybenzoate methyltransferase activity
GO:0010427	abscisic acid binding
GO:0010436	carotenoid dioxygenase activity
GO:0010444	guard mother cell differentiation
GO:0010445	nuclear dicing body
GO:0010447	response to acidic pH
GO:0010449	root meristem growth
GO:0010467	gene expression
GO:0010468	regulation of gene expression
GO:0010476	gibberellin mediated signaling pathway
GO:0010478	chlororespiration
GO:0010484	histone H3 acetyltransferase activity
GO:0010485	histone H4 acetyltransferase activity
GO:0010486	manganese:proton antiporter activity
GO:0010487	thermospermine synthase activity
GO:0010488	UDP-galactose:N-glycan beta-1,3-galactosyltransferase activity
GO:0010492	maintenance of shoot apical meristem identity
GO:0010494	cytoplasmic stress granule
GO:0010496	intercellular transport
GO:0010497	plasmodesmata-mediated intercellular transport
GO:0010498	proteasomal protein catabolic process
GO:0010499	proteasomal ubiquitin-independent protein catabolic process
GO:0010506	regulation of autophagy
GO:0010508	positive regulation of autophagy
GO:0010510	regulation of pyruvate decarboxylation to acetyl-CoA
GO:0010521	telomerase inhibitor activity
GO:0010556	regulation of macromolecule biosynthetic process
GO:0010557	positive regulation of macromolecule biosynthetic process
GO:0010558	negative regulation of macromolecule biosynthetic process
GO:0010569	regulation of double-strand break repair via homologous recombination
GO:0010581	regulation of starch biosynthetic process
GO:0010582	floral meristem determinacy
GO:0010584	pollen exine formation
GO:0010586	miRNA metabolic process
GO:0010587	miRNA catabolic process
GO:0010597	green leaf volatile biosynthetic process
GO:0010598	NAD(P)H dehydrogenase complex (plastoquinone)
GO:0010604	positive regulation of macromolecule metabolic process
GO:0010605	negative regulation of macromolecule metabolic process
GO:0010608	post-transcriptional regulation of gene expression
GO:0010617	circadian regulation of calcium ion oscillation
GO:0010623	programmed cell death involved in cell development
GO:0010628	positive regulation of gene expression
GO:0010629	negative regulation of gene expression
GO:0010686	tetracyclic triterpenoid biosynthetic process
GO:0010705	meiotic DNA double-strand break processing involved in reciprocal meiotic recombination
GO:0010731	protein glutathionylation
GO:0010774	meiotic strand invasion involved in reciprocal meiotic recombination
GO:0010789	meiosis I sister chromatid cohesion
GO:0010792	DNA double-strand break processing involved in repair via single-strand annealing
GO:0010821	regulation of mitochondrion organization
GO:0010833	telomere maintenance via telomere lengthening
GO:0010876	lipid localization
GO:0010906	regulation of glucose metabolic process
GO:0010923	negative regulation of phosphatase activity
GO:0010927	cellular component assembly involved in morphogenesis
GO:0010928	regulation of auxin mediated signaling pathway
GO:0010945	coenzyme A diphosphatase activity
GO:0010960	magnesium ion homeostasis
GO:0010964	regulation of regulatory ncRNA-mediated heterochromatin formation
GO:0010968	regulation of microtubule nucleation
GO:0010971	positive regulation of G2/M transition of mitotic cell cycle
GO:0010992	ubiquitin recycling
GO:0010997	anaphase-promoting complex binding
GO:0012501	programmed cell death
GO:0012505	endomembrane system
GO:0012507	ER to Golgi transport vesicle membrane
GO:0012511	monolayer-surrounded lipid storage body
GO:0015018	galactosylgalactosylxylosylprotein 3-beta-glucuronosyltransferase activity
GO:0015019	heparan-alpha-glucosaminide N-acetyltransferase activity
GO:0015020	glucuronosyltransferase activity
GO:0015030	Cajal body
GO:0015031	protein transport
GO:0015035	protein-disulfide reductase activity
GO:0015036	disulfide oxidoreductase activity
GO:0015038	glutathione disulfide oxidoreductase activity
GO:0015074	DNA integration
GO:0015075	monoatomic ion transmembrane transporter activity
GO:0015078	proton transmembrane transporter activity
GO:0015079	potassium ion transmembrane transporter activity
GO:0015081	sodium ion transmembrane transporter activity
GO:0015085	calcium ion transmembrane transporter activity
GO:0015086	cadmium ion transmembrane transporter activity
GO:0015093	ferrous iron transmembrane transporter activity
GO:0015095	magnesium ion transmembrane transporter activity
GO:0015098	molybdate ion transmembrane transporter activity
GO:0015105	arsenite transmembrane transporter activity
GO:0015112	nitrate transmembrane transporter activity
GO:0015116	sulfate transmembrane transporter activity
GO:0015117	thiosulfate transmembrane transporter activity
GO:0015120	phosphoglycerate transmembrane transporter activity
GO:0015121	phosphoenolpyruvate:phosphate antiporter activity
GO:0015131	oxaloacetate transmembrane transporter activity
GO:0015136	sialic acid transmembrane transporter activity
GO:0015137	citrate transmembrane transporter activity
GO:0015139	alpha-ketoglutarate transmembrane transporter activity
GO:0015140	malate transmembrane transporter activity
GO:0015141	succinate transmembrane transporter activity
GO:0015142	tricarboxylic acid transmembrane transporter activity
GO:0015144	carbohydrate transmembrane transporter activity
GO:0015145	monosaccharide transmembrane transporter activity
GO:0015149	hexose transmembrane transporter activity
GO:0015154	disaccharide transmembrane transporter activity
GO:0015165	pyrimidine nucleotide-sugar transmembrane transporter activity
GO:0015171	amino acid transmembrane transporter activity
GO:0015172	acidic amino acid transmembrane transporter activity
GO:0015175	neutral L-amino acid transmembrane transporter activity
GO:0015179	L-amino acid transmembrane transporter activity
GO:0015180	L-alanine transmembrane transporter activity
GO:0015184	L-cystine transmembrane transporter activity
GO:0015185	gamma-aminobutyric acid transmembrane transporter activity
GO:0015189	L-lysine transmembrane transporter activity
GO:0015203	polyamine transmembrane transporter activity
GO:0015204	urea transmembrane transporter activity
GO:0015205	nucleobase transmembrane transporter activity
GO:0015211	purine nucleoside transmembrane transporter activity
GO:0015215	nucleotide transmembrane transporter activity
GO:0015217	ADP transmembrane transporter activity
GO:0015228	coenzyme A transmembrane transporter activity
GO:0015230	FAD transmembrane transporter activity
GO:0015232	heme transmembrane transporter activity
GO:0015245	fatty acid transmembrane transporter activity
GO:0015250	water channel activity
GO:0015252	proton channel activity
GO:0015267	channel activity
GO:0015271	outward rectifier potassium channel activity
GO:0015276	ligand-gated monoatomic ion channel activity
GO:0015288	porin activity
GO:0015291	secondary active transmembrane transporter activity
GO:0015292	uniporter activity
GO:0015293	symporter activity
GO:0015297	antiporter activity
GO:0015367	oxoglutarate:malate antiporter activity
GO:0015368	calcium:monoatomic cation antiporter activity
GO:0015369	calcium:proton antiporter activity
GO:0015385	sodium:proton antiporter activity
GO:0015386	potassium:proton antiporter activity
GO:0015410	ABC-type manganese transporter activity
GO:0015421	ABC-type oligopeptide transporter activity
GO:0015444	P-type magnesium transporter activity
GO:0015450	protein-transporting ATPase activity
GO:0015453	oxidoreduction-driven active transmembrane transporter activity
GO:0015462	ABC-type protein transporter activity
GO:0015485	cholesterol binding
GO:0015505	uracil:monoatomic cation symporter activity
GO:0015562	efflux transmembrane transporter activity
GO:0015605	organophosphate ester transmembrane transporter activity
GO:0015616	DNA translocase activity
GO:0015629	actin cytoskeleton
GO:0015630	microtubule cytoskeleton
GO:0015631	tubulin binding
GO:0015662	P-type ion transporter activity
GO:0015671	oxygen transport
GO:0015689	molybdate ion transport
GO:0015693	magnesium ion transport
GO:0015698	inorganic anion transport
GO:0015700	arsenite transport
GO:0015706	nitrate transmembrane transport
GO:0015709	thiosulfate transport
GO:0015714	phosphoenolpyruvate transport
GO:0015718	monocarboxylic acid transport
GO:0015729	oxaloacetate transport
GO:0015739	sialic acid transport
GO:0015741	fumarate transport
GO:0015743	malate transport
GO:0015744	succinate transport
GO:0015748	organophosphate ester transport
GO:0015749	monosaccharide transmembrane transport
GO:0015770	sucrose transport
GO:0015780	nucleotide-sugar transmembrane transport
GO:0015786	UDP-glucose transmembrane transport
GO:0015789	UDP-N-acetylgalactosamine transmembrane transport
GO:0015791	polyol transmembrane transport
GO:0015798	myo-inositol transport
GO:0015800	acidic amino acid transport
GO:0015804	neutral amino acid transport
GO:0015811	L-cystine transport
GO:0015812	gamma-aminobutyric acid transport
GO:0015833	peptide transport
GO:0015846	polyamine transport
GO:0015851	nucleobase transport
GO:0015853	adenine transport
GO:0015854	guanine transport
GO:0015866	ADP transport
GO:0015867	ATP transport
GO:0015886	heme transport
GO:0015908	fatty acid transport
GO:0015910	long-chain fatty acid import into peroxisome
GO:0015914	phospholipid transport
GO:0015919	peroxisomal membrane transport
GO:0015923	mannosidase activity
GO:0015924	mannosyl-oligosaccharide mannosidase activity
GO:0015925	galactosidase activity
GO:0015930	glutamate synthase activity
GO:0015931	nucleobase-containing compound transport
GO:0015934	large ribosomal subunit
GO:0015935	small ribosomal subunit
GO:0015936	coenzyme A metabolic process
GO:0015937	coenzyme A biosynthetic process
GO:0015938	coenzyme A catabolic process
GO:0015940	pantothenate biosynthetic process
GO:0015969	guanosine tetraphosphate metabolic process
GO:0015976	carbon utilization
GO:0015977	carbon fixation
GO:0015979	photosynthesis
GO:0015986	proton motive force-driven ATP synthesis
GO:0015988	energy coupled proton transmembrane transport, against electrochemical gradient
GO:0015990	electron transport coupled proton transport
GO:0015994	chlorophyll metabolic process
GO:0015995	chlorophyll biosynthetic process
GO:0015996	chlorophyll catabolic process
GO:0016002	GO:0016002
GO:0016004	phospholipase activator activity
GO:0016018	cyclosporin A binding
GO:0016020	membrane
GO:0016024	CDP-diacylglycerol biosynthetic process
GO:0016031	tRNA import into mitochondrion
GO:0016034	maleylacetoacetate isomerase activity
GO:0016035	zeta DNA polymerase complex
GO:0016036	cellular response to phosphate starvation
GO:0016040	glutamate synthase (NADH) activity
GO:0016041	glutamate synthase (ferredoxin) activity
GO:0016042	lipid catabolic process
GO:0016043	cellular component organization
GO:0016049	cell growth
GO:0016050	vesicle organization
GO:0016052	carbohydrate catabolic process
GO:0016070	RNA metabolic process
GO:0016071	mRNA metabolic process
GO:0016074	sno(s)RNA metabolic process
GO:0016075	rRNA catabolic process
GO:0016076	snRNA catabolic process
GO:0016077	sno(s)RNA catabolic process
GO:0016079	synaptic vesicle exocytosis
GO:0016094	polyprenol biosynthetic process
GO:0016095	polyprenol catabolic process
GO:0016101	diterpenoid metabolic process
GO:0016102	diterpenoid biosynthetic process
GO:0016104	triterpenoid biosynthetic process
GO:0016114	terpenoid biosynthetic process
GO:0016116	carotenoid metabolic process
GO:0016117	carotenoid biosynthetic process
GO:0016119	carotene metabolic process
GO:0016120	carotene biosynthetic process
GO:0016121	carotene catabolic process
GO:0016122	xanthophyll metabolic process
GO:0016123	xanthophyll biosynthetic process
GO:0016125	sterol metabolic process
GO:0016126	sterol biosynthetic process
GO:0016129	phytosteroid biosynthetic process
GO:0016131	brassinosteroid metabolic process
GO:0016132	brassinosteroid biosynthetic process
GO:0016135	saponin biosynthetic process
GO:0016137	glycoside metabolic process
GO:0016138	glycoside biosynthetic process
GO:0016139	glycoside catabolic process
GO:0016149	translation release factor activity, codon specific
GO:0016151	nickel cation binding
GO:0016157	sucrose synthase activity
GO:0016161	beta-amylase activity
GO:0016165	linoleate 13S-lipoxygenase activity
GO:0016166	phytoene dehydrogenase activity
GO:0016168	chlorophyll binding
GO:0016174	NAD(P)H oxidase H2O2-forming activity
GO:0016175	superoxide-generating NAD(P)H oxidase activity
GO:0016180	snRNA processing
GO:0016192	vesicle-mediated transport
GO:0016197	endosomal transport
GO:0016207	4-coumarate-CoA ligase activity
GO:0016208	AMP binding
GO:0016209	antioxidant activity
GO:0016210	naringenin-chalcone synthase activity
GO:0016212	L-kynurenine:2-oxoglutarate transaminase activity
GO:0016213	acyl-CoA 6-desaturase activity
GO:0016226	iron-sulfur cluster assembly
GO:0016233	telomere capping
GO:0016236	macroautophagy
GO:0016239	positive regulation of macroautophagy
GO:0016241	regulation of macroautophagy
GO:0016242	negative regulation of macroautophagy
GO:0016251	RNA polymerase II general transcription initiation factor activity
GO:0016255	attachment of GPI anchor to protein
GO:0016262	protein N-acetylglucosaminyltransferase activity
GO:0016272	prefoldin complex
GO:0016273	arginine N-methyltransferase activity
GO:0016274	protein-arginine N-methyltransferase activity
GO:0016278	lysine N-methyltransferase activity
GO:0016279	protein-lysine N-methyltransferase activity
GO:0016281	eukaryotic translation initiation factor 4F complex
GO:0016282	eukaryotic 43S preinitiation complex
GO:0016285	alanyl aminopeptidase activity
GO:0016297	fatty acyl-[ACP] hydrolase activity
GO:0016298	lipase activity
GO:0016301	kinase activity
GO:0016303	1-phosphatidylinositol-3-kinase activity
GO:0016308	1-phosphatidylinositol-4-phosphate 5-kinase activity
GO:0016310	phosphorylation
GO:0016311	dephosphorylation
GO:0016314	phosphatidylinositol-3,4,5-trisphosphate 3-phosphatase activity
GO:0016320	endoplasmic reticulum membrane fusion
GO:0016324	apical plasma membrane
GO:0016363	nuclear matrix
GO:0016405	CoA-ligase activity
GO:0016407	acetyltransferase activity
GO:0016409	palmitoyltransferase activity
GO:0016410	GO:0016410
GO:0016411	acylglycerol O-acyltransferase activity
GO:0016413	O-acetyltransferase activity
GO:0016421	CoA carboxylase activity
GO:0016423	tRNA (guanine) methyltransferase activity
GO:0016428	tRNA (cytidine-N5)-methyltransferase activity
GO:0016432	tRNA-uridine aminocarboxypropyltransferase activity
GO:0016435	rRNA (guanine) methyltransferase activity
GO:0016442	RISC complex
GO:0016444	somatic cell DNA recombination
GO:0016454	C-palmitoyltransferase activity
GO:0016459	myosin complex
GO:0016460	myosin II complex
GO:0016462	pyrophosphatase activity
GO:0016464	chloroplast protein-transporting ATPase activity
GO:0016469	proton-transporting two-sector ATPase complex
GO:0016471	vacuolar proton-transporting V-type ATPase complex
GO:0016477	cell migration
GO:0016480	negative regulation of transcription by RNA polymerase III
GO:0016482	cytosolic transport
GO:0016485	protein processing
GO:0016491	oxidoreductase activity
GO:0016504	peptidase activator activity
GO:0016505	peptidase activator activity involved in apoptotic process
GO:0016514	SWI/SNF complex
GO:0016530	metallochaperone activity
GO:0016531	copper chaperone activity
GO:0016532	superoxide dismutase copper chaperone activity
GO:0016538	cyclin-dependent protein serine/threonine kinase regulator activity
GO:0016540	protein autoprocessing
GO:0016554	cytidine to uridine editing
GO:0016556	mRNA modification
GO:0016558	protein import into peroxisome matrix
GO:0016559	peroxisome fission
GO:0016560	protein import into peroxisome matrix, docking
GO:0016567	protein ubiquitination
GO:0016579	protein deubiquitination
GO:0016591	RNA polymerase II, holoenzyme
GO:0016592	mediator complex
GO:0016593	Cdc73/Paf1 complex
GO:0016594	glycine binding
GO:0016597	amino acid binding
GO:0016598	protein arginylation
GO:0016602	CCAAT-binding factor complex
GO:0016603	glutaminyl-peptide cyclotransferase activity
GO:0016604	nuclear body
GO:0016605	PML body
GO:0016607	nuclear speck
GO:0016614	oxidoreductase activity, acting on CH-OH group of donors
GO:0016616	oxidoreductase activity, acting on the CH-OH group of donors, NAD or NADP as acceptor
GO:0016618	hydroxypyruvate reductase [NAD(P)H] activity
GO:0016620	oxidoreductase activity, acting on the aldehyde or oxo group of donors, NAD or NADP as acceptor
GO:0016621	cinnamoyl-CoA reductase activity
GO:0016627	oxidoreductase activity, acting on the CH-CH group of donors
GO:0016628	oxidoreductase activity, acting on the CH-CH group of donors, NAD or NADP as acceptor
GO:0016629	12-oxophytodienoate reductase activity
GO:0016630	protochlorophyllide reductase activity
GO:0016633	galactonolactone dehydrogenase activity
GO:0016639	oxidoreductase activity, acting on the CH-NH2 group of donors, NAD or NADP as acceptor
GO:0016646	oxidoreductase activity, acting on the CH-NH group of donors, NAD or NADP as acceptor
GO:0016651	oxidoreductase activity, acting on NAD(P)H
GO:0016653	oxidoreductase activity, acting on NAD(P)H, heme protein as acceptor
GO:0016655	oxidoreductase activity, acting on NAD(P)H, quinone or similar compound as acceptor
GO:0016656	monodehydroascorbate reductase (NADH) activity
GO:0016667	oxidoreductase activity, acting on a sulfur group of donors
GO:0016670	oxidoreductase activity, acting on a sulfur group of donors, oxygen as acceptor
GO:0016671	oxidoreductase activity, acting on a sulfur group of donors, disulfide as acceptor
GO:0016682	oxidoreductase activity, acting on diphenols and related substances as donors, oxygen as acceptor
GO:0016684	oxidoreductase activity, acting on peroxide as acceptor
GO:0016688	L-ascorbate peroxidase activity
GO:0016701	oxidoreductase activity, acting on single donors with incorporation of molecular oxygen
GO:0016702	oxidoreductase activity, acting on single donors with incorporation of molecular oxygen, incorporation of two atoms of oxygen
GO:0016705	oxidoreductase activity, acting on paired donors, with incorporation or reduction of molecular oxygen
GO:0016706	2-oxoglutarate-dependent dioxygenase activity
GO:0016707	gibberellin 3-beta-dioxygenase activity
GO:0016709	oxidoreductase activity, acting on paired donors, with incorporation or reduction of molecular oxygen, NAD(P)H as one donor, and incorporation of one atom of oxygen
GO:0016710	trans-cinnamate 4-monooxygenase activity
GO:0016711	flavonoid 3'-monooxygenase activity
GO:0016712	oxidoreductase activity, acting on paired donors, with incorporation or reduction of molecular oxygen, reduced flavin or flavoprotein as one donor, and incorporation of one atom of oxygen
GO:0016713	oxidoreductase activity, acting on paired donors, with incorporation or reduction of molecular oxygen, reduced iron-sulfur protein as one donor, and incorporation of one atom of oxygen
GO:0016717	oxidoreductase activity, acting on paired donors, with oxidation of a pair of donors resulting in the reduction of molecular oxygen to two molecules of water
GO:0016719	9,9'-di-cis-zeta-carotene desaturase activity
GO:0016721	oxidoreductase activity, acting on superoxide radicals as acceptor
GO:0016726	oxidoreductase activity, acting on CH or CH2 groups, NAD or NADP as acceptor
GO:0016730	oxidoreductase activity, acting on iron-sulfur proteins as donors
GO:0016740	transferase activity
GO:0016741	transferase activity, transferring one-carbon groups
GO:0016743	carboxyl- or carbamoyltransferase activity
GO:0016744	transketolase or transaldolase activity
GO:0016746	acyltransferase activity
GO:0016747	acyltransferase activity, transferring groups other than amino-acyl groups
GO:0016752	sinapoyltransferase activity
GO:0016756	glutathione gamma-glutamylcysteinyltransferase activity
GO:0016757	glycosyltransferase activity
GO:0016758	hexosyltransferase activity
GO:0016759	cellulose synthase activity
GO:0016760	cellulose synthase (UDP-forming) activity
GO:0016762	xyloglucan:xyloglucosyl transferase activity
GO:0016763	pentosyltransferase activity
GO:0016765	transferase activity, transferring alkyl or aryl (other than methyl) groups
GO:0016769	transferase activity, transferring nitrogenous groups
GO:0016772	transferase activity, transferring phosphorus-containing groups
GO:0016773	phosphotransferase activity, alcohol group as acceptor
GO:0016776	phosphotransferase activity, phosphate group as acceptor
GO:0016779	nucleotidyltransferase activity
GO:0016783	sulfurtransferase activity
GO:0016784	3-mercaptopyruvate sulfurtransferase activity
GO:0016787	hydrolase activity
GO:0016788	hydrolase activity, acting on ester bonds
GO:0016790	thiolester hydrolase activity
GO:0016791	phosphatase activity
GO:0016798	hydrolase activity, acting on glycosyl bonds
GO:0016799	hydrolase activity, hydrolyzing N-glycosyl compounds
GO:0016807	cysteine-type carboxypeptidase activity
GO:0016810	hydrolase activity, acting on carbon-nitrogen (but not peptide) bonds
GO:0016811	hydrolase activity, acting on carbon-nitrogen (but not peptide) bonds, in linear amides
GO:0016813	hydrolase activity, acting on carbon-nitrogen (but not peptide) bonds, in linear amidines
GO:0016817	hydrolase activity, acting on acid anhydrides
GO:0016818	hydrolase activity, acting on acid anhydrides, in phosphorus-containing anhydrides
GO:0016829	lyase activity
GO:0016830	carbon-carbon lyase activity
GO:0016831	carboxy-lyase activity
GO:0016832	aldehyde-lyase activity
GO:0016833	oxo-acid-lyase activity
GO:0016835	carbon-oxygen lyase activity
GO:0016836	hydro-lyase activity
GO:0016838	carbon-oxygen lyase activity, acting on phosphates
GO:0016840	carbon-nitrogen lyase activity
GO:0016843	amine-lyase activity
GO:0016844	strictosidine synthase activity
GO:0016846	carbon-sulfur lyase activity
GO:0016847	1-aminocyclopropane-1-carboxylate synthase activity
GO:0016851	magnesium chelatase activity
GO:0016853	isomerase activity
GO:0016854	racemase and epimerase activity
GO:0016855	racemase and epimerase activity, acting on amino acids and derivatives
GO:0016859	cis-trans isomerase activity
GO:0016860	intramolecular oxidoreductase activity
GO:0016866	intramolecular transferase activity
GO:0016871	cycloartenol synthase activity
GO:0016872	intramolecular lyase activity
GO:0016874	ligase activity
GO:0016880	acid-ammonia (or amide) ligase activity
GO:0016881	acid-amino acid ligase activity
GO:0016887	ATP hydrolysis activity
GO:0016888	DNA endonuclease activity, producing 5'-phosphomonoesters
GO:0016891	RNA endonuclease activity producing 5'-phosphomonoesters, hydrolytic mechanism
GO:0016895	DNA exonuclease activity, producing 5'-phosphomonoesters
GO:0016896	RNA exonuclease activity, producing 5'-phosphomonoesters
GO:0016903	oxidoreductase activity, acting on the aldehyde or oxo group of donors
GO:0016906	sterol 3-beta-glucosyltransferase activity
GO:0016920	pyroglutamyl-peptidase activity
GO:0016925	protein sumoylation
GO:0016926	protein desumoylation
GO:0016929	deSUMOylase activity
GO:0016971	flavin-dependent sulfhydryl oxidase activity
GO:0016972	thiol oxidase activity
GO:0016973	poly(A)+ mRNA export from nucleus
GO:0016984	ribulose-bisphosphate carboxylase activity
GO:0016985	mannan endo-1,4-beta-mannosidase activity
GO:0016987	sigma factor activity
GO:0016992	lipoate synthase activity
GO:0016995	cholesterol oxidase activity
GO:0016998	cell wall macromolecule catabolic process
GO:0017003	protein-heme linkage
GO:0017004	cytochrome complex assembly
GO:0017005	3'-tyrosyl-DNA phosphodiesterase activity
GO:0017006	protein-tetrapyrrole linkage
GO:0017007	protein-bilin linkage
GO:0017009	protein-phycocyanobilin linkage
GO:0017017	MAP kinase tyrosine/serine/threonine phosphatase activity
GO:0017025	TBP-class protein binding
GO:0017038	protein import
GO:0017040	N-acylsphingosine amidohydrolase activity
GO:0017046	peptide hormone binding
GO:0017053	transcription repressor complex
GO:0017056	structural constituent of nuclear pore
GO:0017057	6-phosphogluconolactonase activity
GO:0017059	serine palmitoyltransferase complex
GO:0017069	snRNA binding
GO:0017070	U6 snRNA binding
GO:0017076	purine nucleotide binding
GO:0017077	oxidative phosphorylation uncoupler activity
GO:0017087	mitochondrial processing peptidase complex
GO:0017095	heparan sulfate 6-sulfotransferase activity
GO:0017101	aminoacyl-tRNA synthetase multienzyme complex
GO:0017102	methionyl glutamyl tRNA synthetase complex
GO:0017108	5'-flap endonuclease activity
GO:0017110	nucleoside diphosphate phosphatase activity
GO:0017111	ribonucleoside triphosphate phosphatase activity
GO:0017113	dihydropyrimidine dehydrogenase (NADP+) activity
GO:0017116	single-stranded DNA helicase activity
GO:0017119	COG complex
GO:0017121	plasma membrane phospholipid scrambling
GO:0017125	deoxycytidyl transferase activity
GO:0017126	nucleologenesis
GO:0017128	phospholipid scramblase activity
GO:0017136	histone deacetylase activity, NAD-dependent
GO:0017148	negative regulation of translation
GO:0017150	tRNA dihydrouridine synthase activity
GO:0017157	regulation of exocytosis
GO:0017168	5-oxoprolinase (ATP-hydrolyzing) activity
GO:0017171	serine hydrolase activity
GO:0017172	cysteine dioxygenase activity
GO:0017176	phosphatidylinositol N-acetylglucosaminyltransferase activity
GO:0017177	glucosidase II complex
GO:0017178	diphthine-ammonia ligase activity
GO:0017183	protein histidyl modification to diphthamide
GO:0017186	peptidyl-pyroglutamic acid biosynthetic process, using glutaminyl-peptide cyclotransferase
GO:0017196	N-terminal peptidyl-methionine acetylation
GO:0018002	N-terminal peptidyl-glutamic acid acetylation
GO:0018008	N-terminal peptidyl-glycine N-myristoylation
GO:0018022	peptidyl-lysine methylation
GO:0018023	peptidyl-lysine trimethylation
GO:0018025	calmodulin-lysine N-methyltransferase activity
GO:0018026	peptidyl-lysine monomethylation
GO:0018027	peptidyl-lysine dimethylation
GO:0018064	protein-L-histidine N-tele-methyltransferase activity
GO:0018105	peptidyl-serine phosphorylation
GO:0018107	peptidyl-threonine phosphorylation
GO:0018114	threonine racemase activity
GO:0018126	protein hydroxylation
GO:0018160	peptidyl-pyrromethane cofactor linkage
GO:0018193	peptidyl-amino acid modification
GO:0018195	peptidyl-arginine modification
GO:0018202	peptidyl-histidine modification
GO:0018205	peptidyl-lysine modification
GO:0018206	peptidyl-methionine modification
GO:0018208	peptidyl-proline modification
GO:0018209	peptidyl-serine modification
GO:0018216	peptidyl-arginine methylation
GO:0018230	peptidyl-L-cysteine S-palmitoylation
GO:0018237	urease activator activity
GO:0018283	iron incorporation into metallo-sulfur cluster
GO:0018293	protein-FAD linkage
GO:0018315	molybdenum incorporation into molybdenum-molybdopterin complex
GO:0018343	protein farnesylation
GO:0018344	protein geranylgeranylation
GO:0018345	protein palmitoylation
GO:0018364	peptidyl-glutamine methylation
GO:0018401	peptidyl-proline hydroxylation to 4-hydroxy-L-proline
GO:0018423	protein C-terminal leucine carboxyl O-methyltransferase activity
GO:0018444	translation release factor complex
GO:0018478	malonate-semialdehyde dehydrogenase (acetylating) activity
GO:0018549	methanethiol oxidase activity
GO:0018580	nitronate monooxygenase activity
GO:0018685	alkane 1-monooxygenase activity
GO:0018738	S-formylglutathione hydrolase activity
GO:0018773	acetylpyruvate hydrolase activity
GO:0018812	3-hydroxyacyl-CoA dehydratase activity
GO:0018822	nitrile hydratase activity
GO:0019003	GDP binding
GO:0019005	SCF ubiquitin ligase complex
GO:0019081	viral translation
GO:0019103	pyrimidine nucleotide binding
GO:0019104	DNA N-glycosylase activity
GO:0019133	choline monooxygenase activity
GO:0019135	deoxyhypusine monooxygenase activity
GO:0019136	deoxynucleoside kinase activity
GO:0019139	cytokinin dehydrogenase activity
GO:0019140	inositol 3-kinase activity
GO:0019145	aminobutyraldehyde dehydrogenase (NAD+) activity
GO:0019148	D-cysteine desulfhydrase activity
GO:0019150	D-ribulokinase activity
GO:0019156	isoamylase activity
GO:0019158	mannokinase activity
GO:0019166	trans-2-enoyl-CoA reductase (NADPH) activity
GO:0019171	(3R)-hydroxyacyl-[acyl-carrier-protein] dehydratase activity
GO:0019185	snRNA-activating protein complex
GO:0019187	beta-1,4-mannosyltransferase activity
GO:0019199	transmembrane receptor protein kinase activity
GO:0019200	carbohydrate kinase activity
GO:0019203	carbohydrate phosphatase activity
GO:0019207	kinase regulator activity
GO:0019208	phosphatase regulator activity
GO:0019209	kinase activator activity
GO:0019210	kinase inhibitor activity
GO:0019212	phosphatase inhibitor activity
GO:0019216	regulation of lipid metabolic process
GO:0019222	regulation of metabolic process
GO:0019237	centromeric DNA binding
GO:0019238	cyclohydrolase activity
GO:0019239	deaminase activity
GO:0019240	L-citrulline biosynthetic process
GO:0019243	GO:0019243
GO:0019252	starch biosynthetic process
GO:0019253	reductive pentose-phosphate cycle
GO:0019264	GO:0019264
GO:0019265	GO:0019265
GO:0019276	UDP-N-acetylgalactosamine metabolic process
GO:0019277	UDP-N-acetylgalactosamine biosynthetic process
GO:0019285	GO:0019285
GO:0019287	isopentenyl diphosphate biosynthetic process, mevalonate pathway
GO:0019288	isopentenyl diphosphate biosynthetic process, methylerythritol 4-phosphate pathway
GO:0019290	siderophore biosynthetic process
GO:0019303	D-ribose catabolic process
GO:0019305	dTDP-rhamnose biosynthetic process
GO:0019310	inositol catabolic process
GO:0019318	hexose metabolic process
GO:0019321	pentose metabolic process
GO:0019344	L-cysteine biosynthetic process
GO:0019346	transsulfuration
GO:0019354	siroheme biosynthetic process
GO:0019364	pyridine nucleotide catabolic process
GO:0019365	pyridine nucleotide salvage
GO:0019367	fatty acid elongation, saturated fatty acid
GO:0019375	galactolipid biosynthetic process
GO:0019379	GO:0019379
GO:0019388	galactose catabolic process
GO:0019418	sulfide oxidation
GO:0019427	GO:0019427
GO:0019430	removal of superoxide radicals
GO:0019432	triglyceride biosynthetic process
GO:0019433	triglyceride catabolic process
GO:0019441	GO:0019441
GO:0019464	glycine decarboxylation via glycine cleavage system
GO:0019478	D-amino acid catabolic process
GO:0019481	GO:0019481
GO:0019483	beta-alanine biosynthetic process
GO:0019499	cyanide metabolic process
GO:0019500	cyanide catabolic process
GO:0019509	GO:0019509
GO:0019521	D-gluconate metabolic process
GO:0019538	protein metabolic process
GO:0019544	GO:0019544
GO:0019563	glycerol catabolic process
GO:0019628	urate catabolic process
GO:0019632	shikimate metabolic process
GO:0019637	organophosphate metabolic process
GO:0019646	aerobic electron transport chain
GO:0019674	NAD+ metabolic process
GO:0019676	ammonia assimilation cycle
GO:0019677	NAD+ catabolic process
GO:0019684	photosynthesis, light reaction
GO:0019693	ribose phosphate metabolic process
GO:0019706	protein-cysteine S-palmitoyltransferase activity
GO:0019722	calcium-mediated signaling
GO:0019725	cellular homeostasis
GO:0019740	nitrogen utilization
GO:0019748	secondary metabolic process
GO:0019750	chloroplast localization
GO:0019752	carboxylic acid metabolic process
GO:0019755	one-carbon compound transport
GO:0019760	glucosinolate metabolic process
GO:0019761	glucosinolate biosynthetic process
GO:0019762	glucosinolate catabolic process
GO:0019773	proteasome core complex, alpha-subunit complex
GO:0019774	proteasome core complex, beta-subunit complex
GO:0019776	Atg8-family ligase activity
GO:0019778	Atg12 activating enzyme activity
GO:0019779	Atg8 activating enzyme activity
GO:0019781	NEDD8 activating enzyme activity
GO:0019783	ubiquitin-like protein peptidase activity
GO:0019784	deNEDDylase activity
GO:0019786	protein-phosphatidylethanolamide deconjugating activity
GO:0019787	ubiquitin-like protein transferase activity
GO:0019788	NEDD8 transferase activity
GO:0019789	SUMO transferase activity
GO:0019797	procollagen-proline 3-dioxygenase activity
GO:0019798	procollagen-proline dioxygenase activity
GO:0019808	polyamine binding
GO:0019825	oxygen binding
GO:0019827	stem cell population maintenance
GO:0019829	ATPase-coupled monoatomic cation transmembrane transporter activity
GO:0019840	isoprenoid binding
GO:0019842	vitamin binding
GO:0019843	rRNA binding
GO:0019853	L-ascorbic acid biosynthetic process
GO:0019856	pyrimidine nucleobase biosynthetic process
GO:0019859	thymine metabolic process
GO:0019866	organelle inner membrane
GO:0019877	GO:0019877
GO:0019878	GO:0019878
GO:0019887	protein kinase regulator activity
GO:0019888	protein phosphatase regulator activity
GO:0019898	extrinsic component of membrane
GO:0019899	enzyme binding
GO:0019900	kinase binding
GO:0019901	protein kinase binding
GO:0019903	protein phosphatase binding
GO:0019904	protein domain specific binding
GO:0019905	syntaxin binding
GO:0019915	lipid storage
GO:0019919	peptidyl-arginine methylation, to asymmetrical-dimethyl arginine
GO:0019941	modification-dependent protein catabolic process
GO:0019948	SUMO activating enzyme activity
GO:0019953	sexual reproduction
GO:0019985	translesion synthesis
GO:0019988	charged-tRNA amino acid modification
GO:0020037	heme binding
GO:0021700	developmental maturation
GO:0022402	cell cycle process
GO:0022604	regulation of cell morphogenesis
GO:0022607	cellular component assembly
GO:0022613	ribonucleoprotein complex biogenesis
GO:0022618	protein-RNA complex assembly
GO:0022622	root system development
GO:0022625	cytosolic large ribosomal subunit
GO:0022626	cytosolic ribosome
GO:0022627	cytosolic small ribosomal subunit
GO:0022803	passive transmembrane transporter activity
GO:0022821	solute:potassium antiporter activity
GO:0022824	transmitter-gated monoatomic ion channel activity
GO:0022839	monoatomic ion-gated channel activity
GO:0022841	potassium ion leak channel activity
GO:0022843	voltage-gated monoatomic cation channel activity
GO:0022853	active monoatomic ion transmembrane transporter activity
GO:0022857	transmembrane transporter activity
GO:0022900	electron transport chain
GO:0022904	respiratory electron transport chain
GO:0023052	signaling
GO:0030001	metal ion transport
GO:0030003	intracellular monoatomic cation homeostasis
GO:0030007	intracellular potassium ion homeostasis
GO:0030008	TRAPP complex
GO:0030014	CCR4-NOT complex
GO:0030015	CCR4-NOT core complex
GO:0030026	intracellular manganese ion homeostasis
GO:0030029	actin filament-based process
GO:0030030	cell projection organization
GO:0030031	cell projection assembly
GO:0030036	actin cytoskeleton organization
GO:0030041	actin filament polymerization
GO:0030042	actin filament depolymerization
GO:0030048	actin filament-based movement
GO:0030050	vesicle transport along actin filament
GO:0030054	cell junction
GO:0030060	L-malate dehydrogenase (NAD+) activity
GO:0030091	protein repair
GO:0030093	chloroplast photosystem I
GO:0030095	chloroplast photosystem II
GO:0030100	regulation of endocytosis
GO:0030117	membrane coat
GO:0030118	clathrin coat
GO:0030119	AP-type membrane coat adaptor complex
GO:0030120	vesicle coat
GO:0030121	AP-1 adaptor complex
GO:0030122	AP-2 adaptor complex
GO:0030123	AP-3 adaptor complex
GO:0030124	AP-4 adaptor complex
GO:0030125	clathrin vesicle coat
GO:0030126	COPI vesicle coat
GO:0030127	COPII vesicle coat
GO:0030130	clathrin coat of trans-Golgi network vesicle
GO:0030131	clathrin adaptor complex
GO:0030132	clathrin coat of coated pit
GO:0030133	transport vesicle
GO:0030134	COPII-coated ER to Golgi transport vesicle
GO:0030135	coated vesicle
GO:0030136	clathrin-coated vesicle
GO:0030139	endocytic vesicle
GO:0030141	secretory granule
GO:0030144	alpha-1,6-mannosylglycoprotein 6-beta-N-acetylglucosaminyltransferase activity
GO:0030145	manganese ion binding
GO:0030148	sphingolipid biosynthetic process
GO:0030149	sphingolipid catabolic process
GO:0030150	protein import into mitochondrial matrix
GO:0030151	molybdenum ion binding
GO:0030154	cell differentiation
GO:0030155	regulation of cell adhesion
GO:0030159	signaling receptor complex adaptor activity
GO:0030162	regulation of proteolysis
GO:0030163	protein catabolic process
GO:0030170	pyridoxal phosphate binding
GO:0030171	voltage-gated proton channel activity
GO:0030174	regulation of DNA-templated DNA replication initiation
GO:0030177	positive regulation of Wnt signaling pathway
GO:0030198	extracellular matrix organization
GO:0030203	glycosaminoglycan metabolic process
GO:0030234	enzyme regulator activity
GO:0030242	autophagy of peroxisome
GO:0030243	cellulose metabolic process
GO:0030244	cellulose biosynthetic process
GO:0030245	cellulose catabolic process
GO:0030246	carbohydrate binding
GO:0030247	polysaccharide binding
GO:0030258	lipid modification
GO:0030261	chromosome condensation
GO:0030267	glyoxylate reductase (NADPH) activity
GO:0030272	5-formyltetrahydrofolate cyclo-ligase activity
GO:0030276	clathrin binding
GO:0030289	protein phosphatase 4 complex
GO:0030295	protein kinase activator activity
GO:0030301	cholesterol transport
GO:0030307	positive regulation of cell growth
GO:0030312	external encapsulating structure
GO:0030322	stabilization of membrane potential
GO:0030327	prenylated protein catabolic process
GO:0030328	prenylcysteine catabolic process
GO:0030332	cyclin binding
GO:0030337	DNA polymerase processivity factor activity
GO:0030350	iron-responsive element binding
GO:0030366	molybdopterin synthase activity
GO:0030371	translation repressor activity
GO:0030378	serine racemase activity
GO:0030388	fructose 1,6-bisphosphate metabolic process
GO:0030409	glutamate formimidoyltransferase activity
GO:0030410	nicotianamine synthase activity
GO:0030418	nicotianamine biosynthetic process
GO:0030422	siRNA processing
GO:0030427	site of polarized growth
GO:0030479	actin cortical patch
GO:0030488	tRNA methylation
GO:0030490	maturation of SSU-rRNA
GO:0030497	fatty acid elongation
GO:0030515	snoRNA binding
GO:0030518	nuclear receptor-mediated steroid hormone signaling pathway
GO:0030527	structural constituent of chromatin
GO:0030544	Hsp70 protein binding
GO:0030551	cyclic nucleotide binding
GO:0030552	cAMP binding
GO:0030553	cGMP binding
GO:0030554	adenyl nucleotide binding
GO:0030570	pectate lyase activity
GO:0030574	collagen catabolic process
GO:0030599	pectinesterase activity
GO:0030604	1-deoxy-D-xylulose-5-phosphate reductoisomerase activity
GO:0030619	U1 snRNA binding
GO:0030620	U2 snRNA binding
GO:0030621	U4 snRNA binding
GO:0030623	U5 snRNA binding
GO:0030626	U12 snRNA binding
GO:0030627	pre-mRNA 5'-splice site binding
GO:0030628	pre-mRNA 3'-splice site binding
GO:0030638	polyketide metabolic process
GO:0030639	polyketide biosynthetic process
GO:0030658	transport vesicle membrane
GO:0030659	cytoplasmic vesicle membrane
GO:0030660	Golgi-associated vesicle membrane
GO:0030665	clathrin-coated vesicle membrane
GO:0030674	protein-macromolecule adaptor activity
GO:0030677	ribonuclease P complex
GO:0030681	multimeric ribonuclease P complex
GO:0030684	preribosome
GO:0030686	90S preribosome
GO:0030687	preribosome, large subunit precursor
GO:0030688	preribosome, small subunit precursor
GO:0030689	Noc complex
GO:0030690	Noc1p-Noc2p complex
GO:0030691	Noc2p-Noc3p complex
GO:0030692	Noc4p-Nop14p complex
GO:0030695	GTPase regulator activity
GO:0030705	cytoskeleton-dependent intracellular transport
GO:0030732	methionine S-methyltransferase activity
GO:0030735	carnosine N-methyltransferase activity
GO:0030775	glucuronoxylan 4-O-methyltransferase activity
GO:0030785	[ribulose-bisphosphate carboxylase]-lysine N-methyltransferase activity
GO:0030797	24-methylenesterol C-methyltransferase activity
GO:0030833	regulation of actin filament polymerization
GO:0030835	negative regulation of actin filament depolymerization
GO:0030836	positive regulation of actin filament depolymerization
GO:0030837	negative regulation of actin filament polymerization
GO:0030864	cortical actin cytoskeleton
GO:0030865	cortical cytoskeleton organization
GO:0030866	cortical actin cytoskeleton organization
GO:0030870	Mre11 complex
GO:0030875	rDNA protrusion
GO:0030880	RNA polymerase complex
GO:0030891	VCB complex
GO:0030892	mitotic cohesin complex
GO:0030896	checkpoint clamp complex
GO:0030897	HOPS complex
GO:0030904	retromer complex
GO:0030906	retromer, cargo-selective complex
GO:0030915	Smc5-Smc6 complex
GO:0030941	chloroplast targeting sequence receptor activity
GO:0030942	endoplasmic reticulum signal sequence receptor activity
GO:0030943	mitochondrion targeting sequence binding
GO:0030951	establishment or maintenance of microtubule cytoskeleton polarity
GO:0030955	potassium ion binding
GO:0030956	glutamyl-tRNA(Gln) amidotransferase complex
GO:0030964	NADH dehydrogenase complex
GO:0030968	endoplasmic reticulum unfolded protein response
GO:0030970	retrograde protein transport, ER to cytosol
GO:0030974	thiamine pyrophosphate transmembrane transport
GO:0030975	thiamine binding
GO:0030976	thiamine pyrophosphate binding
GO:0030981	cortical microtubule cytoskeleton
GO:0030983	mismatched DNA binding
GO:0031011	Ino80 complex
GO:0031012	extracellular matrix
GO:0031021	interphase microtubule organizing center
GO:0031022	nuclear migration along microfilament
GO:0031023	microtubule organizing center organization
GO:0031047	regulatory ncRNA-mediated gene silencing
GO:0031048	regulatory ncRNA-mediated heterochromatin formation
GO:0031053	primary miRNA processing
GO:0031071	cysteine desulfurase activity
GO:0031072	heat shock protein binding
GO:0031080	nuclear pore outer ring
GO:0031083	BLOC-1 complex
GO:0031087	deadenylation-independent decapping of nuclear-transcribed mRNA
GO:0031090	organelle membrane
GO:0031110	regulation of microtubule polymerization or depolymerization
GO:0031118	rRNA pseudouridine synthesis
GO:0031119	tRNA pseudouridine synthesis
GO:0031120	snRNA pseudouridine synthesis
GO:0031122	cytoplasmic microtubule organization
GO:0031123	RNA 3'-end processing
GO:0031124	mRNA 3'-end processing
GO:0031125	rRNA 3'-end processing
GO:0031126	sno(s)RNA 3'-end processing
GO:0031145	anaphase-promoting complex-dependent catabolic process
GO:0031146	SCF-dependent proteasomal ubiquitin-dependent protein catabolic process
GO:0031167	rRNA methylation
GO:0031176	endo-1,4-beta-xylanase activity
GO:0031177	phosphopantetheine binding
GO:0031179	peptide modification
GO:0031201	SNARE complex
GO:0031204	post-translational protein targeting to membrane, translocation
GO:0031207	Sec62/Sec63 complex
GO:0031209	SCAR complex
GO:0031210	phosphatidylcholine binding
GO:0031213	RSF complex
GO:0031222	arabinan catabolic process
GO:0031234	extrinsic component of cytoplasmic side of plasma membrane
GO:0031248	protein acetyltransferase complex
GO:0031252	cell leading edge
GO:0031254	cell trailing edge
GO:0031261	DNA replication preinitiation complex
GO:0031262	Ndc80 complex
GO:0031267	small GTPase binding
GO:0031297	replication fork processing
GO:0031298	replication fork protection complex
GO:0031312	extrinsic component of organelle membrane
GO:0031314	extrinsic component of mitochondrial inner membrane
GO:0031338	regulation of vesicle fusion
GO:0031347	regulation of defense response
GO:0031348	negative regulation of defense response
GO:0031349	positive regulation of defense response
GO:0031365	N-terminal protein amino acid modification
GO:0031369	translation initiation factor binding
GO:0031371	ubiquitin conjugating enzyme complex
GO:0031372	UBC13-MMS2 complex
GO:0031379	RNA-directed RNA polymerase complex
GO:0031380	nuclear RNA-directed RNA polymerase complex
GO:0031386	protein tag activity
GO:0031390	Ctf18 RFC-like complex
GO:0031396	regulation of protein ubiquitination
GO:0031397	negative regulation of protein ubiquitination
GO:0031405	lipoic acid binding
GO:0031406	carboxylic acid binding
GO:0031407	oxylipin metabolic process
GO:0031408	oxylipin biosynthetic process
GO:0031410	cytoplasmic vesicle
GO:0031415	NatA complex
GO:0031416	NatB complex
GO:0031417	NatC complex
GO:0031418	L-ascorbic acid binding
GO:0031420	alkali metal ion binding
GO:0031422	RecQ family helicase-topoisomerase III complex
GO:0031425	chloroplast RNA processing
GO:0031428	box C/D methylation guide snoRNP complex
GO:0031429	box H/ACA snoRNP complex
GO:0031436	BRCA1-BARD1 complex
GO:0031445	regulation of heterochromatin formation
GO:0031452	negative regulation of heterochromatin formation
GO:0031461	cullin-RING ubiquitin ligase complex
GO:0031464	Cul4A-RING E3 ubiquitin ligase complex
GO:0031468	nuclear membrane reassembly
GO:0031490	chromatin DNA binding
GO:0031491	nucleosome binding
GO:0031492	nucleosomal DNA binding
GO:0031499	TRAMP complex
GO:0031501	mannosyltransferase complex
GO:0031507	heterochromatin formation
GO:0031509	subtelomeric heterochromatin formation
GO:0031510	SUMO activating enzyme complex
GO:0031511	Mis6-Sim4 complex
GO:0031515	tRNA (m1A) methyltransferase complex
GO:0031519	PcG protein complex
GO:0031537	regulation of anthocyanin metabolic process
GO:0031538	negative regulation of anthocyanin metabolic process
GO:0031540	regulation of anthocyanin biosynthetic process
GO:0031544	peptidyl-proline 3-dioxygenase activity
GO:0031559	oxidosqualene cyclase activity
GO:0031564	transcription antitermination
GO:0031567	mitotic cell size control checkpoint signaling
GO:0031570	DNA integrity checkpoint signaling
GO:0031573	mitotic intra-S DNA damage checkpoint signaling
GO:0031591	wybutosine biosynthetic process
GO:0031593	polyubiquitin modification-dependent protein binding
GO:0031595	nuclear proteasome complex
GO:0031597	cytosolic proteasome complex
GO:0031616	spindle pole centrosome
GO:0031624	ubiquitin conjugating enzyme binding
GO:0031625	ubiquitin protein ligase binding
GO:0031640	killing of cells of another organism
GO:0031647	regulation of protein stability
GO:0031667	response to nutrient levels
GO:0031669	cellular response to nutrient levels
GO:0031676	plasma membrane-derived thylakoid membrane
GO:0031683	G-protein beta/gamma-subunit complex binding
GO:0031848	protection from non-homologous end joining at telomere
GO:0031897	Tic complex
GO:0031901	early endosome membrane
GO:0031902	late endosome membrane
GO:0031929	TOR signaling
GO:0031930	mitochondria-nucleus signaling pathway
GO:0031931	TORC1 complex
GO:0031932	TORC2 complex
GO:0031956	medium-chain fatty acid-CoA ligase activity
GO:0031965	nuclear membrane
GO:0031966	mitochondrial membrane
GO:0031967	organelle envelope
GO:0031968	organelle outer membrane
GO:0031969	chloroplast membrane
GO:0031970	organelle envelope lumen
GO:0031972	chloroplast intermembrane space
GO:0031976	plastid thylakoid
GO:0031978	plastid thylakoid lumen
GO:0031981	nuclear lumen
GO:0031982	vesicle
GO:0031985	Golgi cisterna
GO:0031990	mRNA export from nucleus in response to heat stress
GO:0032012	regulation of ARF protein signal transduction
GO:0032039	integrator complex
GO:0032040	small-subunit processome
GO:0032043	mitochondrial DNA catabolic process
GO:0032044	DSIF complex
GO:0032045	guanyl-nucleotide exchange factor complex
GO:0032049	cardiolipin biosynthetic process
GO:0032050	clathrin heavy chain binding
GO:0032051	clathrin light chain binding
GO:0032101	regulation of response to external stimulus
GO:0032116	SMC loading complex
GO:0032131	alkylated DNA binding
GO:0032133	chromosome passenger complex
GO:0032147	activation of protein kinase activity
GO:0032153	cell division site
GO:0032182	ubiquitin-like protein binding
GO:0032200	telomere organization
GO:0032204	regulation of telomere maintenance
GO:0032206	positive regulation of telomere maintenance
GO:0032210	regulation of telomere maintenance via telomerase
GO:0032211	negative regulation of telomere maintenance via telomerase
GO:0032216	glucosaminyl-phosphatidylinositol O-acyltransferase activity
GO:0032259	methylation
GO:0032263	GMP salvage
GO:0032264	IMP salvage
GO:0032266	phosphatidylinositol-3-phosphate binding
GO:0032267	tRNA(Ile)-lysidine synthase activity
GO:0032271	regulation of protein polymerization
GO:0032296	double-stranded RNA-specific ribonuclease activity
GO:0032299	ribonuclease H2 complex
GO:0032300	mismatch repair complex
GO:0032301	MutSalpha complex
GO:0032357	oxidized purine DNA binding
GO:0032366	intracellular sterol transport
GO:0032367	intracellular cholesterol transport
GO:0032389	MutLalpha complex
GO:0032418	lysosome localization
GO:0032422	purine-rich negative regulatory element binding
GO:0032432	actin filament bundle
GO:0032434	regulation of proteasomal ubiquitin-dependent protein catabolic process
GO:0032435	negative regulation of proteasomal ubiquitin-dependent protein catabolic process
GO:0032436	positive regulation of proteasomal ubiquitin-dependent protein catabolic process
GO:0032440	2-alkenal reductase [NAD(P)H] activity
GO:0032441	pheophorbide a oxygenase activity
GO:0032446	protein modification by small protein conjugation
GO:0032447	protein urmylation
GO:0032451	demethylase activity
GO:0032452	histone demethylase activity
GO:0032453	histone H3K4 demethylase activity
GO:0032454	histone H3K9 demethylase activity
GO:0032456	endocytic recycling
GO:0032465	regulation of cytokinesis
GO:0032467	positive regulation of cytokinesis
GO:0032468	Golgi calcium ion homeostasis
GO:0032469	endoplasmic reticulum calcium ion homeostasis
GO:0032472	Golgi calcium ion transport
GO:0032483	regulation of Rab protein signal transduction
GO:0032501	multicellular organismal process
GO:0032502	developmental process
GO:0032507	maintenance of protein location in cell
GO:0032509	endosome transport via multivesicular body sorting pathway
GO:0032511	late endosome to vacuole transport via multivesicular body sorting pathway
GO:0032541	cortical endoplasmic reticulum
GO:0032542	sulfiredoxin activity
GO:0032543	mitochondrial translation
GO:0032544	plastid translation
GO:0032545	CURI complex
GO:0032549	ribonucleoside binding
GO:0032555	purine ribonucleotide binding
GO:0032559	adenyl ribonucleotide binding
GO:0032561	guanyl ribonucleotide binding
GO:0032574	5'-3' RNA helicase activity
GO:0032580	Golgi cisterna membrane
GO:0032585	multivesicular body membrane
GO:0032586	protein storage vacuole membrane
GO:0032587	ruffle membrane
GO:0032588	trans-Golgi network membrane
GO:0032774	RNA biosynthetic process
GO:0032777	piccolo histone acetyltransferase complex
GO:0032780	negative regulation of ATP-dependent activity
GO:0032781	positive regulation of ATP-dependent activity
GO:0032783	super elongation complex
GO:0032784	regulation of DNA-templated transcription elongation
GO:0032785	negative regulation of DNA-templated transcription, elongation
GO:0032786	positive regulation of DNA-templated transcription, elongation
GO:0032787	monocarboxylic acid metabolic process
GO:0032790	ribosome disassembly
GO:0032797	SMN complex
GO:0032807	DNA ligase IV complex
GO:0032870	cellular response to hormone stimulus
GO:0032875	regulation of DNA endoreduplication
GO:0032877	positive regulation of DNA endoreduplication
GO:0032922	circadian regulation of gene expression
GO:0032933	SREBP signaling pathway
GO:0032934	sterol binding
GO:0032940	secretion by cell
GO:0032951	regulation of beta-glucan biosynthetic process
GO:0032955	regulation of division septum assembly
GO:0032956	regulation of actin cytoskeleton organization
GO:0032957	inositol trisphosphate metabolic process
GO:0032958	inositol phosphate biosynthetic process
GO:0032963	collagen metabolic process
GO:0032968	positive regulation of transcription elongation by RNA polymerase II
GO:0032970	regulation of actin filament-based process
GO:0032977	membrane insertase activity
GO:0032979	protein insertion into mitochondrial inner membrane from matrix
GO:0032981	mitochondrial respiratory chain complex I assembly
GO:0032984	protein-containing complex disassembly
GO:0032991	protein-containing complex
GO:0032993	protein-DNA complex
GO:0033013	tetrapyrrole metabolic process
GO:0033014	tetrapyrrole biosynthetic process
GO:0033036	macromolecule localization
GO:0033043	regulation of organelle organization
GO:0033044	regulation of chromosome organization
GO:0033045	regulation of sister chromatid segregation
GO:0033063	Rad51B-Rad51C-Rad51D-XRCC2 complex
GO:0033065	Rad51C-XRCC3 complex
GO:0033075	isoquinoline alkaloid biosynthetic process
GO:0033106	cis-Golgi network membrane
GO:0033108	mitochondrial respiratory chain complex assembly
GO:0033116	endoplasmic reticulum-Golgi intermediate compartment membrane
GO:0033120	positive regulation of RNA splicing
GO:0033176	proton-transporting V-type ATPase complex
GO:0033177	proton-transporting two-sector ATPase complex, proton-transporting domain
GO:0033178	proton-transporting two-sector ATPase complex, catalytic domain
GO:0033179	proton-transporting V-type ATPase, V0 domain
GO:0033180	proton-transporting V-type ATPase, V1 domain
GO:0033185	dolichol-phosphate-mannose synthase complex
GO:0033186	CAF-1 complex
GO:0033188	sphingomyelin synthase activity
GO:0033204	ribonuclease P RNA binding
GO:0033206	meiotic cytokinesis
GO:0033212	iron import into cell
GO:0033259	plastid DNA replication
GO:0033260	nuclear DNA replication
GO:0033263	CORVET complex
GO:0033281	TAT protein transport complex
GO:0033290	eukaryotic 48S preinitiation complex
GO:0033293	monocarboxylic acid binding
GO:0033303	quercetin O-glucoside biosynthetic process
GO:0033306	phytol metabolic process
GO:0033314	mitotic DNA replication checkpoint signaling
GO:0033316	meiotic spindle assembly checkpoint signaling
GO:0033320	UDP-D-xylose biosynthetic process
GO:0033328	peroxisome membrane targeting sequence binding
GO:0033352	UDP-D-apiose biosynthetic process
GO:0033353	L-methionine cycle
GO:0033354	chlorophyll cycle
GO:0033355	ascorbate glutathione cycle
GO:0033356	UDP-L-arabinose metabolic process
GO:0033365	protein localization to organelle
GO:0033387	GO:0033387
GO:0033388	GO:0033388
GO:0033389	GO:0033389
GO:0033396	GO:0033396
GO:0033481	galacturonate biosynthetic process
GO:0033485	cyanidin 3-O-glucoside biosynthetic process
GO:0033499	beta-D-galactose catabolic process via UDP-galactose, Leloir pathway
GO:0033503	HULC complex
GO:0033512	GO:0033512
GO:0033528	S-methylmethionine cycle
GO:0033539	fatty acid beta-oxidation using acyl-CoA dehydrogenase
GO:0033540	fatty acid beta-oxidation using acyl-CoA oxidase
GO:0033549	MAP kinase phosphatase activity
GO:0033550	MAP kinase tyrosine phosphatase activity
GO:0033554	cellular response to stress
GO:0033557	Slx1-Slx4 complex
GO:0033565	ESCRT-0 complex
GO:0033566	gamma-tubulin complex localization
GO:0033567	DNA replication, Okazaki fragment processing
GO:0033588	elongator holoenzyme complex
GO:0033591	response to L-ascorbic acid
GO:0033597	mitotic checkpoint complex
GO:0033611	oxalate catabolic process
GO:0033612	receptor serine/threonine kinase binding
GO:0033615	mitochondrial proton-transporting ATP synthase complex assembly
GO:0033617	mitochondrial respiratory chain complex IV assembly
GO:0033619	membrane protein proteolysis
GO:0033674	positive regulation of kinase activity
GO:0033699	DNA 5'-adenosine monophosphate hydrolase activity
GO:0033728	3,8-divinyl protochlorophyllide a 8-vinyl-reductase (NADPH) activity
GO:0033729	anthocyanidin reductase activity
GO:0033730	arogenate dehydrogenase (NADP+) activity
GO:0033741	adenylyl-sulfate reductase (glutathione) activity
GO:0033743	peptide-methionine (R)-S-oxide reductase activity
GO:0033744	L-methionine (S)-S-oxide reductase activity
GO:0033749	histone H4R3 demethylase activity
GO:0033759	flavone synthase activity
GO:0033772	flavonoid 3',5'-hydroxylase activity
GO:0033788	leucoanthocyanidin reductase activity
GO:0033818	beta-ketoacyl-acyl-carrier-protein synthase III activity
GO:0033819	lipoyl(octanoyl) transferase activity
GO:0033843	xyloglucan 6-xylosyltransferase activity
GO:0033850	Z-farnesyl diphosphate synthase activity
GO:0033853	L-aspartate:prephenate transaminase activity
GO:0033854	L-glutamate:prephenate transaminase activity
GO:0033857	5-diphosphoinositol pentakisphosphate 1-kinase activity
GO:0033862	UMP kinase activity
GO:0033897	ribonuclease T2 activity
GO:0033925	mannosyl-glycoprotein endo-beta-N-acetylglucosaminidase activity
GO:0033926	endo-alpha-N-acetylgalactosaminidase activity
GO:0033962	P-body assembly
GO:0033971	hydroxyisourate hydrolase activity
GO:0033993	response to lipid
GO:0034004	germacradienol synthase activity
GO:0034007	S-linalool synthase activity
GO:0034038	deoxyhypusine synthase activity
GO:0034039	8-oxo-7,8-dihydroguanine DNA N-glycosylase activity
GO:0034045	phagophore assembly site membrane
GO:0034050	symbiont-induced defense-related programmed cell death
GO:0034052	positive regulation of plant-type hypersensitive response
GO:0034058	endosomal vesicle fusion
GO:0034061	DNA polymerase activity
GO:0034062	5'-3' RNA polymerase activity
GO:0034063	stress granule assembly
GO:0034066	Ric1-Rgp1 guanyl-nucleotide exchange factor complex
GO:0034067	protein localization to Golgi apparatus
GO:0034080	CENP-A containing chromatin assembly
GO:0034085	establishment of sister chromatid cohesion
GO:0034087	establishment of mitotic sister chromatid cohesion
GO:0034088	maintenance of mitotic sister chromatid cohesion
GO:0034090	maintenance of meiotic sister chromatid cohesion
GO:0034098	VCP-NPL4-UFD1 AAA ATPase complex
GO:0034196	acylglycerol transport
GO:0034198	cellular response to amino acid starvation
GO:0034203	glycolipid translocation
GO:0034213	quinolinate catabolic process
GO:0034214	protein hexamerization
GO:0034220	monoatomic ion transmembrane transport
GO:0034227	tRNA thio-modification
GO:0034237	protein kinase A regulatory subunit binding
GO:0034243	regulation of transcription elongation by RNA polymerase II
GO:0034244	negative regulation of transcription elongation by RNA polymerase II
GO:0034245	mitochondrial DNA-directed RNA polymerase complex
GO:0034247	snoRNA splicing
GO:0034256	chlorophyll(ide) b reductase activity
GO:0034271	phosphatidylinositol 3-kinase complex, class III, type I
GO:0034272	phosphatidylinositol 3-kinase complex, class III, type II
GO:0034274	Atg12-Atg5-Atg16 complex
GO:0034285	response to disaccharide
GO:0034312	diol biosynthetic process
GO:0034314	Arp2/3 complex-mediated actin nucleation
GO:0034315	regulation of Arp2/3 complex-mediated actin nucleation
GO:0034335	DNA negative supercoiling activity
GO:0034338	short-chain carboxylesterase activity
GO:0034353	mRNA 5'-diphosphatase activity
GO:0034355	NAD+ biosynthetic process via the salvage pathway
GO:0034357	photosynthetic membrane
GO:0034388	Pwp2p-containing subcomplex of 90S preribosome
GO:0034394	protein localization to cell surface
GO:0034398	telomere tethering at nuclear periphery
GO:0034399	nuclear periphery
GO:0034410	cell wall beta-glucan biosynthetic process
GO:0034417	bisphosphoglycerate 3-phosphatase activity
GO:0034426	etioplast membrane
GO:0034432	bis(5'-adenosyl)-pentaphosphatase activity
GO:0034440	lipid oxidation
GO:0034450	ubiquitin-ubiquitin ligase activity
GO:0034455	t-UTP complex
GO:0034456	UTP-C complex
GO:0034457	Mpp10 complex
GO:0034462	small-subunit processome assembly
GO:0034472	snRNA 3'-end processing
GO:0034473	U1 snRNA 3'-end processing
GO:0034475	U4 snRNA 3'-end processing
GO:0034476	U5 snRNA 3'-end processing
GO:0034477	U6 snRNA 3'-end processing
GO:0034485	phosphatidylinositol-3,4,5-trisphosphate 5-phosphatase activity
GO:0034497	protein localization to phagophore assembly site
GO:0034498	early endosome to Golgi transport
GO:0034501	protein localization to kinetochore
GO:0034502	protein localization to chromosome
GO:0034504	protein localization to nucleus
GO:0034511	U3 snoRNA binding
GO:0034513	box H/ACA snoRNA binding
GO:0034515	proteasome storage granule
GO:0034517	ribophagy
GO:0034518	RNA cap binding complex
GO:0034551	mitochondrial respiratory chain complex III assembly
GO:0034553	mitochondrial respiratory chain complex II assembly
GO:0034587	piRNA processing
GO:0034599	cellular response to oxidative stress
GO:0034605	cellular response to heat
GO:0034618	arginine binding
GO:0034620	cellular response to unfolded protein
GO:0034625	fatty acid elongation, monounsaturated fatty acid
GO:0034626	fatty acid elongation, polyunsaturated fatty acid
GO:0034628	'de novo' NAD+ biosynthetic process from L-aspartate
GO:0034635	glutathione transport
GO:0034647	histone H3K4me/H3K4me2/H3K4me3 demethylase activity
GO:0034657	GID complex
GO:0034663	endoplasmic reticulum chaperone complex
GO:0034702	monoatomic ion channel complex
GO:0034703	cation channel complex
GO:0034704	calcium channel complex
GO:0034707	chloride channel complex
GO:0034709	methylosome
GO:0034715	pICln-Sm protein complex
GO:0034719	SMN-Sm protein complex
GO:0034722	gamma-glutamyl-peptidase activity
GO:0034727	piecemeal microautophagy of the nucleus
GO:0034728	nucleosome organization
GO:0034755	iron ion transmembrane transport
GO:0034756	regulation of iron ion transport
GO:0034757	negative regulation of iron ion transport
GO:0034765	regulation of monoatomic ion transmembrane transport
GO:0034785	salicylate 5-hydroxylase (NADH) activity
GO:0034975	protein folding in endoplasmic reticulum
GO:0034976	response to endoplasmic reticulum stress
GO:0034982	mitochondrial protein processing
GO:0034986	iron chaperone activity
GO:0035060	brahma complex
GO:0035091	phosphatidylinositol binding
GO:0035092	sperm DNA condensation
GO:0035097	histone methyltransferase complex
GO:0035098	ESC/E(Z) complex
GO:0035101	FACT complex
GO:0035102	PRC1 complex
GO:0035145	exon-exon junction complex
GO:0035175	histone H3S10 kinase activity
GO:0035194	regulatory ncRNA-mediated post-transcriptional gene silencing
GO:0035196	miRNA processing
GO:0035197	siRNA binding
GO:0035198	miRNA binding
GO:0035241	protein-arginine omega-N monomethyltransferase activity
GO:0035242	protein-arginine omega-N asymmetric methyltransferase activity
GO:0035243	protein-arginine omega-N symmetric methyltransferase activity
GO:0035246	peptidyl-arginine N-methylation
GO:0035251	UDP-glucosyltransferase activity
GO:0035252	UDP-xylosyltransferase activity
GO:0035266	meristem growth
GO:0035267	NuA4 histone acetyltransferase complex
GO:0035269	protein O-linked glycosylation via mannose
GO:0035299	inositol-1,3,4,5,6-pentakisphosphate 2-kinase activity
GO:0035303	regulation of dephosphorylation
GO:0035312	5'-3' DNA exonuclease activity
GO:0035336	long-chain fatty-acyl-CoA metabolic process
GO:0035352	NAD transmembrane transport
GO:0035371	microtubule plus-end
GO:0035434	copper ion transmembrane transport
GO:0035435	phosphate ion transmembrane transport
GO:0035436	triose phosphate transmembrane transport
GO:0035437	maintenance of protein localization in endoplasmic reticulum
GO:0035452	extrinsic component of plastid membrane
GO:0035485	adenine/guanine mispair binding
GO:0035493	SNARE complex assembly
GO:0035494	SNARE complex disassembly
GO:0035513	oxidative RNA demethylation
GO:0035514	DNA demethylase activity
GO:0035515	oxidative RNA demethylase activity
GO:0035516	broad specificity oxidative DNA demethylase activity
GO:0035529	NADH pyrophosphatase activity
GO:0035539	8-oxo-7,8-dihydrodeoxyguanosine triphosphate pyrophosphatase activity
GO:0035550	urease complex
GO:0035556	intracellular signal transduction
GO:0035592	establishment of protein localization to extracellular region
GO:0035597	tRNA-2-methylthio-N(6)-dimethylallyladenosine(37) synthase activity
GO:0035598	tRNA (N(6)-L-threonylcarbamoyladenosine(37)-C(2))-methylthiotransferase activity
GO:0035600	tRNA methylthiolation
GO:0035615	clathrin-cargo adaptor activity
GO:0035619	root hair tip
GO:0035627	ceramide transport
GO:0035639	purine ribonucleoside triphosphate binding
GO:0035652	clathrin-coated vesicle cargo loading
GO:0035657	eRF1 methyltransferase complex
GO:0035658	Mon1-Ccz1 complex
GO:0035671	enone reductase activity
GO:0035673	oligopeptide transmembrane transporter activity
GO:0035770	ribonucleoprotein granule
GO:0035798	2-alkenal reductase (NADPH) activity
GO:0035800	deubiquitinase activator activity
GO:0035825	homologous recombination
GO:0035835	indole alkaloid biosynthetic process
GO:0035859	Seh1-associated complex
GO:0035861	site of double-strand break
GO:0035870	dITP diphosphatase activity
GO:0035925	mRNA 3'-UTR AU-rich region binding
GO:0035967	cellular response to topologically incorrect protein
GO:0035970	peptidyl-threonine dephosphorylation
GO:0035973	aggrephagy
GO:0035999	tetrahydrofolate interconversion
GO:0036002	pre-mRNA binding
GO:0036019	endolysosome
GO:0036020	endolysosome membrane
GO:0036033	mediator complex binding
GO:0036066	protein O-linked glycosylation via fucose
GO:0036080	purine nucleotide-sugar transmembrane transporter activity
GO:0036092	phosphatidylinositol-3-phosphate biosynthetic process
GO:0036094	small molecule binding
GO:0036115	fatty-acyl-CoA catabolic process
GO:0036172	thiamine salvage
GO:0036211	protein modification process
GO:0036220	ITP diphosphatase activity
GO:0036222	XTP diphosphatase activity
GO:0036228	protein localization to nuclear inner membrane
GO:0036258	multivesicular body assembly
GO:0036261	7-methylguanosine cap hypermethylation
GO:0036265	RNA (guanine-N7)-methylation
GO:0036293	response to decreased oxygen levels
GO:0036294	cellular response to decreased oxygen levels
GO:0036297	interstrand cross-link repair
GO:0036374	glutathione gamma-glutamate hydrolase
GO:0036377	arbuscular mycorrhizal association
GO:0036381	pyridoxal 5'-phosphate synthase (glutamine hydrolysing) activity
GO:0036396	RNA N6-methyladenosine methyltransferase complex
GO:0036402	proteasome-activating activity
GO:0036424	L-phosphoserine phosphatase activity
GO:0036430	CMP kinase activity
GO:0036431	dCMP kinase activity
GO:0036435	K48-linked polyubiquitin modification-dependent protein binding
GO:0036444	calcium import into the mitochondrion
GO:0036464	cytoplasmic ribonucleoprotein granule
GO:0036469	L-tryptophan decarboxylase activity
GO:0036477	somatodendritic compartment
GO:0036498	IRE1-mediated unfolded protein response
GO:0036503	ERAD pathway
GO:0036524	protein deglycase activity
GO:0036529	protein deglycation, glyoxal removal
GO:0038023	signaling receptor activity
GO:0038198	auxin receptor activity
GO:0038199	ethylene receptor activity
GO:0038201	TOR complex
GO:0040007	growth
GO:0040008	regulation of growth
GO:0040009	regulation of growth rate
GO:0040029	epigenetic regulation of gene expression
GO:0040031	snRNA modification
GO:0042023	DNA endoreduplication
GO:0042026	protein refolding
GO:0042030	ATPase inhibitor activity
GO:0042044	fluid transport
GO:0042054	histone methyltransferase activity
GO:0042060	wound healing
GO:0042083	5,10-methylenetetrahydrofolate-dependent methyltransferase activity
GO:0042127	regulation of cell population proliferation
GO:0042128	nitrate assimilation
GO:0042132	fructose 1,6-bisphosphate 1-phosphatase activity
GO:0042134	rRNA primary transcript binding
GO:0042138	meiotic DNA double-strand break formation
GO:0042144	vacuole fusion, non-autophagic
GO:0042147	retrograde transport, endosome to Golgi
GO:0042148	DNA strand invasion
GO:0042149	cellular response to glucose starvation
GO:0042162	telomeric repeat DNA binding
GO:0042168	heme metabolic process
GO:0042170	plastid membrane
GO:0042171	lysophosphatidic acid acyltransferase activity
GO:0042175	nuclear outer membrane-endoplasmic reticulum membrane network
GO:0042176	regulation of protein catabolic process
GO:0042183	formate catabolic process
GO:0042214	terpene metabolic process
GO:0042219	modified amino acid catabolic process
GO:0042221	response to chemical
GO:0042254	ribosome biogenesis
GO:0042255	ribosome assembly
GO:0042256	cytosolic ribosome assembly
GO:0042262	DNA protection
GO:0042273	ribosomal large subunit biogenesis
GO:0042274	ribosomal small subunit biogenesis
GO:0042276	error-prone translesion synthesis
GO:0042277	peptide binding
GO:0042281	dolichyl pyrophosphate Man9GlcNAc2 alpha-1,3-glucosyltransferase activity
GO:0042283	dolichyl pyrophosphate Glc1Man9GlcNAc2 alpha-1,3-glucosyltransferase activity
GO:0042284	sphingolipid delta-4 desaturase activity
GO:0042285	xylosyltransferase activity
GO:0042286	glutamate-1-semialdehyde 2,1-aminomutase activity
GO:0042292	URM1 activating enzyme activity
GO:0042300	beta-amyrin synthase activity
GO:0042301	phosphate ion binding
GO:0042314	bacteriochlorophyll binding
GO:0042325	regulation of phosphorylation
GO:0042327	positive regulation of phosphorylation
GO:0042351	'de novo' GDP-L-fucose biosynthetic process
GO:0042352	GDP-L-fucose salvage
GO:0042364	water-soluble vitamin biosynthetic process
GO:0042371	vitamin K biosynthetic process
GO:0042372	phylloquinone biosynthetic process
GO:0042389	omega-3 fatty acid desaturase activity
GO:0042391	regulation of membrane potential
GO:0042392	sphingosine-1-phosphate phosphatase activity
GO:0042393	histone binding
GO:0042398	modified amino acid biosynthetic process
GO:0042406	extrinsic component of endoplasmic reticulum membrane
GO:0042407	cristae formation
GO:0042409	caffeoyl-CoA O-methyltransferase activity
GO:0042440	pigment metabolic process
GO:0042450	GO:0042450
GO:0042454	ribonucleoside catabolic process
GO:0042500	aspartic endopeptidase activity, intramembrane cleaving
GO:0042538	hyperosmotic salinity response
GO:0042542	response to hydrogen peroxide
GO:0042545	cell wall modification
GO:0042546	cell wall biogenesis
GO:0042548	regulation of photosynthesis, light reaction
GO:0042549	photosystem II stabilization
GO:0042555	MCM complex
GO:0042558	pteridine-containing compound metabolic process
GO:0042559	pteridine-containing compound biosynthetic process
GO:0042562	hormone binding
GO:0042564	NLS-dependent protein nuclear import complex
GO:0042565	RNA nuclear export complex
GO:0042573	retinoic acid metabolic process
GO:0042575	DNA polymerase complex
GO:0042578	phosphoric ester hydrolase activity
GO:0042579	microbody
GO:0042586	peptide deformylase activity
GO:0042594	response to starvation
GO:0042597	periplasmic space
GO:0042626	ATPase-coupled transmembrane transporter activity
GO:0042631	cellular response to water deprivation
GO:0042644	chloroplast nucleoid
GO:0042645	mitochondrial nucleoid
GO:0042646	plastid nucleoid
GO:0042651	thylakoid membrane
GO:0042659	regulation of cell fate specification
GO:0042709	succinate-CoA ligase complex
GO:0042719	mitochondrial intermembrane space chaperone complex
GO:0042720	mitochondrial inner membrane peptidase complex
GO:0042721	TIM22 mitochondrial import inner membrane insertion complex
GO:0042726	flavin-containing compound metabolic process
GO:0042727	flavin-containing compound biosynthetic process
GO:0042732	D-xylose metabolic process
GO:0042736	NADH kinase activity
GO:0042742	defense response to bacterium
GO:0042744	hydrogen peroxide catabolic process
GO:0042752	regulation of circadian rhythm
GO:0042753	positive regulation of circadian rhythm
GO:0042759	long-chain fatty acid biosynthetic process
GO:0042760	very long-chain fatty acid catabolic process
GO:0042761	very long-chain fatty acid biosynthetic process
GO:0042765	GPI-anchor transamidase complex
GO:0042773	ATP synthesis coupled electron transport
GO:0042775	mitochondrial ATP synthesis coupled electron transport
GO:0042776	proton motive force-driven mitochondrial ATP synthesis
GO:0042781	3'-tRNA processing endoribonuclease activity
GO:0042789	mRNA transcription by RNA polymerase II
GO:0042790	nucleolar large rRNA transcription by RNA polymerase I
GO:0042791	5S class rRNA transcription by RNA polymerase III
GO:0042793	plastid transcription
GO:0042794	plastid rRNA transcription
GO:0042795	snRNA transcription by RNA polymerase II
GO:0042796	snRNA transcription by RNA polymerase III
GO:0042797	tRNA transcription by RNA polymerase III
GO:0042800	histone H3K4 methyltransferase activity
GO:0042802	identical protein binding
GO:0042803	protein homodimerization activity
GO:0042823	pyridoxal 5'-phosphate biosynthetic process
GO:0042853	L-alanine catabolic process
GO:0042866	pyruvate biosynthetic process
GO:0042867	pyruvate catabolic process
GO:0042910	xenobiotic transmembrane transporter activity
GO:0042937	tripeptide transmembrane transporter activity
GO:0042938	dipeptide transport
GO:0042973	glucan endo-1,3-beta-D-glucosidase activity
GO:0042981	regulation of apoptotic process
GO:0042995	cell projection
GO:0043001	Golgi to plasma membrane protein transport
GO:0043005	neuron projection
GO:0043007	maintenance of rDNA
GO:0043014	alpha-tubulin binding
GO:0043015	gamma-tubulin binding
GO:0043021	ribonucleoprotein complex binding
GO:0043022	ribosome binding
GO:0043023	ribosomal large subunit binding
GO:0043024	ribosomal small subunit binding
GO:0043025	neuronal cell body
GO:0043028	cysteine-type endopeptidase regulator activity involved in apoptotic process
GO:0043033	isoamylase complex
GO:0043036	starch grain
GO:0043041	amino acid activation for nonribosomal peptide biosynthetic process
GO:0043043	peptide biosynthetic process
GO:0043047	single-stranded telomeric DNA binding
GO:0043048	dolichyl monophosphate biosynthetic process
GO:0043065	positive regulation of apoptotic process
GO:0043066	negative regulation of apoptotic process
GO:0043067	regulation of programmed cell death
GO:0043068	positive regulation of programmed cell death
GO:0043069	negative regulation of programmed cell death
GO:0043085	positive regulation of catalytic activity
GO:0043086	negative regulation of catalytic activity
GO:0043087	regulation of GTPase activity
GO:0043111	replication fork arrest
GO:0043130	ubiquitin binding
GO:0043136	sn-glycerol 3-phosphatase activity
GO:0043137	DNA replication, removal of RNA primer
GO:0043138	3'-5' DNA helicase activity
GO:0043139	5'-3' DNA helicase activity
GO:0043144	sno(s)RNA processing
GO:0043153	entrainment of circadian clock by photoperiod
GO:0043161	proteasome-mediated ubiquitin-dependent protein catabolic process
GO:0043162	ubiquitin-dependent protein catabolic process via the multivesicular body sorting pathway
GO:0043167	ion binding
GO:0043168	anion binding
GO:0043169	cation binding
GO:0043170	macromolecule metabolic process
GO:0043171	peptide catabolic process
GO:0043175	RNA polymerase core enzyme binding
GO:0043178	alcohol binding
GO:0043186	P granule
GO:0043190	ATP-binding cassette (ABC) transporter complex
GO:0043200	response to amino acid
GO:0043207	response to external biotic stimulus
GO:0043226	organelle
GO:0043227	membrane-bounded organelle
GO:0043229	intracellular organelle
GO:0043231	intracellular membrane-bounded organelle
GO:0043232	intracellular membraneless organelle
GO:0043240	Fanconi anaemia nuclear complex
GO:0043244	regulation of protein-containing complex disassembly
GO:0043245	extraorganismal space
GO:0043248	proteasome assembly
GO:0043254	regulation of protein-containing complex assembly
GO:0043291	RAVE complex
GO:0043295	glutathione binding
GO:0043328	protein transport to vacuole involved in ubiquitin-dependent protein catabolic process via the multivesicular body sorting pathway
GO:0043335	protein unfolding
GO:0043337	cardiolipin synthase (CMP-forming) activity
GO:0043399	tRNA adenosine(64)-2'-O-ribosylphosphate transferase activity
GO:0043407	negative regulation of MAP kinase activity
GO:0043408	regulation of MAPK cascade
GO:0043409	negative regulation of MAPK cascade
GO:0043412	macromolecule modification
GO:0043419	urea catabolic process
GO:0043424	protein histidine kinase binding
GO:0043434	response to peptide hormone
GO:0043436	oxoacid metabolic process
GO:0043447	alkane biosynthetic process
GO:0043448	alkane catabolic process
GO:0043450	alkene biosynthetic process
GO:0043457	regulation of cellular respiration
GO:0043461	proton-transporting ATP synthase complex assembly
GO:0043467	regulation of generation of precursor metabolites and energy
GO:0043481	anthocyanin accumulation in tissues in response to UV light
GO:0043484	regulation of RNA splicing
GO:0043488	regulation of mRNA stability
GO:0043489	RNA stabilization
GO:0043495	protein-membrane adaptor activity
GO:0043515	kinetochore binding
GO:0043527	tRNA methyltransferase complex
GO:0043529	GET complex
GO:0043531	ADP binding
GO:0043539	protein serine/threonine kinase activator activity
GO:0043541	UDP-N-acetylglucosamine transferase complex
GO:0043546	molybdopterin cofactor binding
GO:0043547	positive regulation of GTPase activity
GO:0043548	phosphatidylinositol 3-kinase binding
GO:0043562	cellular response to nitrogen levels
GO:0043564	Ku70:Ku80 complex
GO:0043565	sequence-specific DNA binding
GO:0043570	maintenance of DNA repeat elements
GO:0043572	plastid fission
GO:0043596	nuclear replication fork
GO:0043601	nuclear replisome
GO:0043609	regulation of carbon utilization
GO:0043614	multi-eIF complex
GO:0043622	cortical microtubule organization
GO:0043625	delta DNA polymerase complex
GO:0043626	PCNA complex
GO:0043634	polyadenylation-dependent ncRNA catabolic process
GO:0043647	inositol phosphate metabolic process
GO:0043648	dicarboxylic acid metabolic process
GO:0043649	dicarboxylic acid catabolic process
GO:0043650	dicarboxylic acid biosynthetic process
GO:0043682	P-type divalent copper transporter activity
GO:0043693	monoterpene biosynthetic process
GO:0043731	6-hydroxynicotinate 3-monooxygenase activity
GO:0043743	LPPG:FO 2-phospho-L-lactate transferase activity
GO:0043759	2-methylbutanoate-CoA ligase activity
GO:0043771	cytidine kinase activity
GO:0043812	phosphatidylinositol-4-phosphate phosphatase activity
GO:0043813	phosphatidylinositol-3,5-bisphosphate 5-phosphatase activity
GO:0043842	Kdo transferase activity
GO:0043866	adenylyl-sulfate reductase (thioredoxin) activity
GO:0043874	acireductone synthase activity
GO:0043891	glyceraldehyde-3-phosphate dehydrogenase [NAD(P)+] (phosphorylating) activity
GO:0043916	DNA-7-methylguanine glycosylase activity
GO:0043953	protein transport by the Tat complex
GO:0043998	histone H2A acetyltransferase activity
GO:0044027	negative regulation of gene expression via chromosomal CpG island methylation
GO:0044036	cell wall macromolecule metabolic process
GO:0044038	cell wall macromolecule biosynthetic process
GO:0044042	glucan metabolic process
GO:0044070	regulation of monoatomic anion transport
GO:0044085	cellular component biogenesis
GO:0044090	positive regulation of vacuole organization
GO:0044092	negative regulation of molecular function
GO:0044183	protein folding chaperone
GO:0044205	'de novo' UMP biosynthetic process
GO:0044206	UMP salvage
GO:0044208	'de novo' AMP biosynthetic process
GO:0044209	AMP salvage
GO:0044210	'de novo' CTP biosynthetic process
GO:0044211	CTP salvage
GO:0044233	mitochondria-associated endoplasmic reticulum membrane contact site
GO:0044238	primary metabolic process
GO:0044281	small molecule metabolic process
GO:0044297	cell body
GO:0044322	endoplasmic reticulum quality control compartment
GO:0044325	transmembrane transporter binding
GO:0044375	regulation of peroxisome size
GO:0044389	ubiquitin-like protein ligase binding
GO:0044390	ubiquitin-like protein conjugating enzyme binding
GO:0044391	ribosomal subunit
GO:0044396	actin cortical patch organization
GO:0044419	biological process involved in interspecies interaction between organisms
GO:0044528	regulation of mitochondrial mRNA stability
GO:0044545	NSL complex
GO:0044548	S100 protein binding
GO:0044550	secondary metabolite biosynthetic process
GO:0044571	[2Fe-2S] cluster assembly
GO:0044594	17-beta-hydroxysteroid dehydrogenase (NAD+) activity
GO:0044599	AP-5 adaptor complex
GO:0044611	nuclear pore inner ring
GO:0044613	nuclear pore central transport channel
GO:0044614	nuclear pore cytoplasmic filaments
GO:0044615	nuclear pore nuclear basket
GO:0044666	MLL3/4 complex
GO:0044715	8-oxo-dGDP phosphatase activity
GO:0044769	ATPase activity, coupled to transmembrane movement of ions, rotational mechanism
GO:0044772	mitotic cell cycle phase transition
GO:0044773	mitotic DNA damage checkpoint signaling
GO:0044778	meiotic DNA integrity checkpoint signaling
GO:0044804	nucleophagy
GO:0044818	mitotic G2/M transition checkpoint
GO:0044843	cell cycle G1/S phase transition
GO:0044877	protein-containing complex binding
GO:0045003	double-strand break repair via synthesis-dependent strand annealing
GO:0045004	DNA replication proofreading
GO:0045005	DNA-templated DNA replication maintenance of fidelity
GO:0045010	actin nucleation
GO:0045017	glycerolipid biosynthetic process
GO:0045025	mitochondrial degradosome
GO:0045036	protein targeting to chloroplast
GO:0045037	protein import into chloroplast stroma
GO:0045038	protein import into chloroplast thylakoid membrane
GO:0045039	protein insertion into mitochondrial inner membrane
GO:0045040	protein insertion into mitochondrial outer membrane
GO:0045041	protein import into mitochondrial intermembrane space
GO:0045046	protein import into peroxisome membrane
GO:0045047	protein targeting to ER
GO:0045048	protein insertion into ER membrane
GO:0045053	protein retention in Golgi apparatus
GO:0045056	transcytosis
GO:0045087	innate immune response
GO:0045088	regulation of innate immune response
GO:0045116	protein neddylation
GO:0045127	N-acetylglucosamine kinase activity
GO:0045131	pre-mRNA branch point binding
GO:0045132	meiotic chromosome segregation
GO:0045140	inositol phosphoceramide synthase activity
GO:0045144	meiotic sister chromatid segregation
GO:0045145	single-stranded DNA 5'-3' DNA exonuclease activity
GO:0045159	myosin II binding
GO:0045165	cell fate commitment
GO:0045174	glutathione dehydrogenase (ascorbate) activity
GO:0045177	apical part of cell
GO:0045182	translation regulator activity
GO:0045184	establishment of protein localization
GO:0045229	external encapsulating structure organization
GO:0045239	tricarboxylic acid cycle heteromeric enzyme complex
GO:0045252	oxoglutarate dehydrogenase complex
GO:0045254	pyruvate dehydrogenase complex
GO:0045259	proton-transporting ATP synthase complex
GO:0045271	respiratory chain complex I
GO:0045273	respiratory chain complex II (succinate dehydrogenase)
GO:0045275	respiratory chain complex III
GO:0045277	respiratory chain complex IV
GO:0045292	mRNA cis splicing, via spliceosome
GO:0045296	cadherin binding
GO:0045300	stearoyl-[ACP] desaturase activity
GO:0045324	late endosome to vacuole transport
GO:0045332	phospholipid translocation
GO:0045333	cellular respiration
GO:0045337	trans, trans-farnesyl diphosphate biosynthetic process
GO:0045338	farnesyl diphosphate metabolic process
GO:0045430	chalcone isomerase activity
GO:0045431	flavonol synthase activity
GO:0045436	lycopene beta cyclase activity
GO:0045437	uridine nucleosidase activity
GO:0045454	cell redox homeostasis
GO:0045480	galactose oxidase activity
GO:0045486	flavanone 3-dioxygenase activity
GO:0045487	gibberellin catabolic process
GO:0045488	pectin metabolic process
GO:0045489	pectin biosynthetic process
GO:0045490	pectin catabolic process
GO:0045491	xylan metabolic process
GO:0045492	xylan biosynthetic process
GO:0045493	xylan catabolic process
GO:0045505	dynein intermediate chain binding
GO:0045543	gibberellin 2-beta-dioxygenase activity
GO:0045544	gibberellin 20-oxidase activity
GO:0045547	ditrans,polycis-polyprenyl diphosphate synthase [(2E,6E)-farnesyl diphosphate specific] activity
GO:0045548	phenylalanine ammonia-lyase activity
GO:0045549	9-cis-epoxycarotenoid dioxygenase activity
GO:0045550	GO:0045550
GO:0045551	cinnamyl-alcohol dehydrogenase activity
GO:0045552	dihydroflavanol 4-reductase activity
GO:0045595	regulation of cell differentiation
GO:0045703	ketoreductase activity
GO:0045717	negative regulation of fatty acid biosynthetic process
GO:0045721	negative regulation of gluconeogenesis
GO:0045722	positive regulation of gluconeogenesis
GO:0045727	positive regulation of translation
GO:0045732	positive regulation of protein catabolic process
GO:0045735	nutrient reservoir activity
GO:0045736	negative regulation of cyclin-dependent protein serine/threonine kinase activity
GO:0045739	positive regulation of DNA repair
GO:0045740	positive regulation of DNA replication
GO:0045744	negative regulation of G protein-coupled receptor signaling pathway
GO:0045761	regulation of adenylate cyclase activity
GO:0045787	positive regulation of cell cycle
GO:0045793	positive regulation of cell size
GO:0045814	negative regulation of gene expression, epigenetic
GO:0045815	transcription initiation-coupled chromatin remodeling
GO:0045836	positive regulation of meiotic nuclear division
GO:0045840	positive regulation of mitotic nuclear division
GO:0045842	positive regulation of mitotic metaphase/anaphase transition
GO:0045862	positive regulation of proteolysis
GO:0045892	negative regulation of DNA-templated transcription
GO:0045893	positive regulation of DNA-templated transcription
GO:0045899	positive regulation of RNA polymerase II transcription preinitiation complex assembly
GO:0045900	negative regulation of translational elongation
GO:0045901	positive regulation of translational elongation
GO:0045903	positive regulation of translational fidelity
GO:0045905	positive regulation of translational termination
GO:0045910	negative regulation of DNA recombination
GO:0045911	positive regulation of DNA recombination
GO:0045926	negative regulation of growth
GO:0045927	positive regulation of growth
GO:0045930	negative regulation of mitotic cell cycle
GO:0045943	positive regulation of transcription by RNA polymerase I
GO:0045944	positive regulation of transcription by RNA polymerase II
GO:0045948	positive regulation of translational initiation
GO:0045951	positive regulation of mitotic recombination
GO:0045995	regulation of embryonic development
GO:0046027	phospholipid:diacylglycerol acyltransferase activity
GO:0046029	mannitol dehydrogenase activity
GO:0046032	ADP catabolic process
GO:0046033	AMP metabolic process
GO:0046034	ATP metabolic process
GO:0046040	IMP metabolic process
GO:0046073	dTMP metabolic process
GO:0046081	dUTP catabolic process
GO:0046084	adenine biosynthetic process
GO:0046100	hypoxanthine metabolic process
GO:0046103	inosine biosynthetic process
GO:0046104	thymidine metabolic process
GO:0046110	xanthine metabolic process
GO:0046135	pyrimidine nucleoside catabolic process
GO:0046148	pigment biosynthetic process
GO:0046149	pigment catabolic process
GO:0046166	glyceraldehyde-3-phosphate biosynthetic process
GO:0046167	glycerol-3-phosphate biosynthetic process
GO:0046168	glycerol-3-phosphate catabolic process
GO:0046183	L-idonate catabolic process
GO:0046246	terpene biosynthetic process
GO:0046247	terpene catabolic process
GO:0046271	phenylpropanoid catabolic process
GO:0046274	lignin catabolic process
GO:0046283	anthocyanin-containing compound metabolic process
GO:0046294	formaldehyde catabolic process
GO:0046316	gluconokinase activity
GO:0046321	positive regulation of fatty acid oxidation
GO:0046345	abscisic acid catabolic process
GO:0046349	amino sugar biosynthetic process
GO:0046351	disaccharide biosynthetic process
GO:0046364	monosaccharide biosynthetic process
GO:0046373	L-arabinose metabolic process
GO:0046394	carboxylic acid biosynthetic process
GO:0046403	polynucleotide 3'-phosphatase activity
GO:0046404	ATP-dependent polydeoxyribonucleotide 5'-hydroxyl-kinase activity
GO:0046406	magnesium protoporphyrin IX methyltransferase activity
GO:0046408	chlorophyll synthetase activity
GO:0046417	chorismate metabolic process
GO:0046422	violaxanthin de-epoxidase activity
GO:0046423	allene-oxide cyclase activity
GO:0046429	4-hydroxy-3-methylbut-2-en-1-yl diphosphate synthase activity (ferredoxin)
GO:0046452	dihydrofolate metabolic process
GO:0046461	neutral lipid catabolic process
GO:0046463	acylglycerol biosynthetic process
GO:0046467	GO:0046467
GO:0046470	phosphatidylcholine metabolic process
GO:0046471	phosphatidylglycerol metabolic process
GO:0046473	phosphatidic acid metabolic process
GO:0046474	glycerophospholipid biosynthetic process
GO:0046475	glycerophospholipid catabolic process
GO:0046481	digalactosyldiacylglycerol synthase activity
GO:0046486	glycerolipid metabolic process
GO:0046488	phosphatidylinositol metabolic process
GO:0046493	lipid A metabolic process
GO:0046496	nicotinamide nucleotide metabolic process
GO:0046503	glycerolipid catabolic process
GO:0046506	sulfolipid biosynthetic process
GO:0046507	UDPsulfoquinovose synthase activity
GO:0046509	1,2-diacylglycerol 3-beta-galactosyltransferase activity
GO:0046510	UDP-sulfoquinovose:DAG sulfoquinovosyltransferase activity
GO:0046512	sphingosine biosynthetic process
GO:0046513	ceramide biosynthetic process
GO:0046514	ceramide catabolic process
GO:0046520	sphingoid biosynthetic process
GO:0046521	sphingoid catabolic process
GO:0046522	S-methyl-5-thioribose kinase activity
GO:0046523	S-methyl-5-thioribose-1-phosphate isomerase activity
GO:0046524	sucrose-phosphate synthase activity
GO:0046526	D-xylulose reductase activity
GO:0046527	glucosyltransferase activity
GO:0046540	U4/U6 x U5 tri-snRNP complex
GO:0046554	L-malate dehydrogenase (NADP+) activity
GO:0046556	alpha-L-arabinofuranosidase activity
GO:0046570	methylthioribulose 1-phosphate dehydratase activity
GO:0046577	long-chain-alcohol oxidase activity
GO:0046592	polyamine oxidase activity
GO:0046608	carotenoid isomerase activity
GO:0046618	xenobiotic export from cell
GO:0046620	regulation of organ growth
GO:0046621	negative regulation of organ growth
GO:0046622	positive regulation of organ growth
GO:0046653	tetrahydrofolate metabolic process
GO:0046654	tetrahydrofolate biosynthetic process
GO:0046655	folic acid metabolic process
GO:0046656	folic acid biosynthetic process
GO:0046685	response to arsenic-containing substance
GO:0046686	response to cadmium ion
GO:0046695	SLIK (SAGA-like) complex
GO:0046705	CDP biosynthetic process
GO:0046715	GO:0046715
GO:0046739	transport of virus in multicellular host
GO:0046777	protein autophosphorylation
GO:0046785	microtubule polymerization
GO:0046820	aminodeoxychorismate synthase activity
GO:0046835	carbohydrate phosphorylation
GO:0046839	phospholipid dephosphorylation
GO:0046854	phosphatidylinositol phosphate biosynthetic process
GO:0046856	phosphatidylinositol dephosphorylation
GO:0046863	ribulose-1,5-bisphosphate carboxylase/oxygenase activator activity
GO:0046872	metal ion binding
GO:0046873	metal ion transmembrane transporter activity
GO:0046900	tetrahydrofolylpolyglutamate metabolic process
GO:0046901	tetrahydrofolylpolyglutamate biosynthetic process
GO:0046902	regulation of mitochondrial membrane permeability
GO:0046905	15-cis-phytoene synthase activity
GO:0046906	tetrapyrrole binding
GO:0046907	intracellular transport
GO:0046910	pectinesterase inhibitor activity
GO:0046912	acyltransferase activity, acyl groups converted into alkyl on transfer
GO:0046914	transition metal ion binding
GO:0046915	transition metal ion transmembrane transporter activity
GO:0046920	alpha-(1->3)-fucosyltransferase activity
GO:0046921	alpha-(1->6)-fucosyltransferase activity
GO:0046922	peptide-O-fucosyltransferase activity
GO:0046923	ER lumen protein retrieval receptor activity
GO:0046930	pore complex
GO:0046933	proton-transporting ATP synthase activity, rotational mechanism
GO:0046938	phytochelatin biosynthetic process
GO:0046943	carboxylic acid transmembrane transporter activity
GO:0046949	fatty-acyl-CoA biosynthetic process
GO:0046951	ketone body biosynthetic process
GO:0046961	proton-transporting ATPase activity, rotational mechanism
GO:0046963	3'-phosphoadenosine 5'-phosphosulfate transport
GO:0046964	3'-phosphoadenosine 5'-phosphosulfate transmembrane transporter activity
GO:0046975	histone H3K36 methyltransferase activity
GO:0046982	protein heterodimerization activity
GO:0046983	protein dimerization activity
GO:0047066	phospholipid-hydroperoxide glutathione peroxidase activity
GO:0047100	glyceraldehyde-3-phosphate dehydrogenase (NADP+) (phosphorylating) activity
GO:0047134	protein-disulfide reductase [NAD(P)H] activity
GO:0047196	long-chain-alcohol O-fatty-acyltransferase activity
GO:0047213	anthocyanidin 3-O-glucosyltransferase activity
GO:0047216	inositol 3-alpha-galactosyltransferase activity
GO:0047259	glucomannan 4-beta-mannosyltransferase activity
GO:0047262	polygalacturonate 4-alpha-galacturonosyltransferase activity
GO:0047274	galactinol-sucrose galactosyltransferase activity
GO:0047325	inositol-3,4,5,6-tetrakisphosphate 1-kinase activity
GO:0047326	inositol-1,3,4,6-tetrakisphosphate 5-kinase activity
GO:0047334	diphosphate-fructose-6-phosphate 1-phosphotransferase activity
GO:0047341	fucose-1-phosphate guanylyltransferase activity
GO:0047364	aromatic desulfoglucosinolate sulfotransferase activity
GO:0047372	monoacylglycerol lipase activity
GO:0047412	N-(long-chain-acyl)ethanolamine deacylase activity
GO:0047427	cyanoalanine nitrilase activity
GO:0047429	nucleoside triphosphate diphosphatase activity
GO:0047443	4-hydroxy-4-methyl-2-oxoglutarate aldolase activity
GO:0047453	ATP-dependent NAD(P)H-hydrate dehydratase activity
GO:0047480	UDP-N-acetylmuramoyl-tripeptide-D-alanyl-D-alanine ligase activity
GO:0047493	ceramide cholinephosphotransferase activity
GO:0047496	vesicle transport along microtubule
GO:0047517	1,4-beta-D-xylan synthase activity
GO:0047538	2-carboxy-D-arabinitol-1-phosphatase activity
GO:0047545	(S)-2-hydroxyglutarate dehydrogenase activity
GO:0047558	3-cyanoalanine hydratase activity
GO:0047560	3-dehydrosphinganine reductase activity
GO:0047568	3-oxo-5-beta-steroid 4-dehydrogenase activity
GO:0047598	7-dehydrocholesterol reductase activity
GO:0047606	(S)-hydroxynitrile lyase activity
GO:0047617	fatty acyl-CoA hydrolase activity
GO:0047627	adenylylsulfatase activity
GO:0047631	ADP-ribose diphosphatase activity
GO:0047632	agmatine deiminase activity
GO:0047641	aldose-6-phosphate reductase (NADPH) activity
GO:0047652	allantoate deiminase activity
GO:0047661	amino-acid racemase activity
GO:0047710	bis(5'-adenosyl)-triphosphatase activity
GO:0047714	galactolipase activity
GO:0047724	inosine nucleosidase activity
GO:0047734	CDP-glycerol diphosphatase activity
GO:0047746	chlorophyllase activity
GO:0047750	cholestenol delta-isomerase activity
GO:0047751	3-oxo-5-alpha-steroid 4-dehydrogenase (NADP+) activity
GO:0047763	caffeate O-methyltransferase activity
GO:0047769	arogenate dehydratase activity
GO:0047782	coniferin beta-glucosidase activity
GO:0047793	cycloeucalenol cycloisomerase activity
GO:0047804	cysteine-S-conjugate beta-lyase activity
GO:0047840	dCTP diphosphatase activity
GO:0047874	dolichyldiphosphatase activity
GO:0047884	FAD diphosphatase activity
GO:0047890	flavanone 4-reductase activity
GO:0047893	flavonol 3-O-glucosyltransferase activity
GO:0047912	galacturonokinase activity
GO:0047918	GDP-mannose 3,5-epimerase activity
GO:0047931	glucosamine kinase activity
GO:0047938	glucose-6-phosphate 1-epimerase activity
GO:0047940	glucuronokinase activity
GO:0047952	glycerol-3-phosphate dehydrogenase [NAD(P)+] activity
GO:0047958	glycine:2-oxoglutarate transaminase activity
GO:0047974	guanosine deaminase activity
GO:0048015	phosphatidylinositol-mediated signaling
GO:0048018	receptor ligand activity
GO:0048024	regulation of mRNA splicing, via spliceosome
GO:0048026	positive regulation of mRNA splicing, via spliceosome
GO:0048027	mRNA 5'-UTR binding
GO:0048029	monosaccharide binding
GO:0048030	disaccharide binding
GO:0048038	quinone binding
GO:0048039	ubiquinone binding
GO:0048040	UDP-glucuronate decarboxylase activity
GO:0048046	apoplast
GO:0048188	Set1C/COMPASS complex
GO:0048193	Golgi vesicle transport
GO:0048194	Golgi vesicle budding
GO:0048205	COPI coating of Golgi vesicle
GO:0048208	COPII vesicle coat assembly
GO:0048211	GO:0048211
GO:0048219	inter-Golgi cisterna vesicle-mediated transport
GO:0048226	Casparian strip
GO:0048229	gametophyte development
GO:0048232	male gamete generation
GO:0048235	pollen sperm cell differentiation
GO:0048244	phytanoyl-CoA dioxygenase activity
GO:0048250	iron import into the mitochondrion
GO:0048254	snoRNA localization
GO:0048255	mRNA stabilization
GO:0048256	flap endonuclease activity
GO:0048257	3'-flap endonuclease activity
GO:0048262	determination of dorsal/ventral asymmetry
GO:0048268	clathrin coat assembly
GO:0048269	methionine adenosyltransferase complex
GO:0048270	methionine adenosyltransferase regulator activity
GO:0048278	GO:0048278
GO:0048280	vesicle fusion with Golgi apparatus
GO:0048284	organelle fusion
GO:0048306	calcium-dependent protein binding
GO:0048307	ferredoxin-nitrite reductase activity
GO:0048316	seed development
GO:0048354	mucilage biosynthetic process involved in seed coat development
GO:0048364	root development
GO:0048366	leaf development
GO:0048367	shoot system development
GO:0048437	floral organ development
GO:0048438	floral whorl development
GO:0048440	carpel development
GO:0048441	petal development
GO:0048443	stamen development
GO:0048444	floral organ morphogenesis
GO:0048467	gynoecium development
GO:0048468	cell development
GO:0048471	perinuclear region of cytoplasm
GO:0048475	coated membrane
GO:0048476	Holliday junction resolvase complex
GO:0048479	style development
GO:0048481	plant ovule development
GO:0048487	beta-tubulin binding
GO:0048506	regulation of timing of meristematic phase transition
GO:0048507	meristem development
GO:0048508	embryonic meristem development
GO:0048509	regulation of meristem development
GO:0048511	rhythmic process
GO:0048518	positive regulation of biological process
GO:0048519	negative regulation of biological process
GO:0048522	positive regulation of cellular process
GO:0048523	negative regulation of cellular process
GO:0048527	lateral root development
GO:0048529	magnesium-protoporphyrin IX monomethyl ester (oxidative) cyclase activity
GO:0048530	fruit morphogenesis
GO:0048531	beta-1,3-galactosyltransferase activity
GO:0048544	recognition of pollen
GO:0048564	photosystem I assembly
GO:0048571	long-day photoperiodism
GO:0048573	photoperiodism, flowering
GO:0048574	long-day photoperiodism, flowering
GO:0048578	positive regulation of long-day photoperiodism, flowering
GO:0048580	regulation of post-embryonic development
GO:0048583	regulation of response to stimulus
GO:0048584	positive regulation of response to stimulus
GO:0048586	regulation of long-day photoperiodism, flowering
GO:0048588	developmental cell growth
GO:0048589	developmental growth
GO:0048608	reproductive structure development
GO:0048638	regulation of developmental growth
GO:0048646	anatomical structure formation involved in morphogenesis
GO:0048653	anther development
GO:0048658	anther wall tapetum development
GO:0048731	system development
GO:0048759	xylem vessel member cell differentiation
GO:0048765	root hair cell differentiation
GO:0048766	root hair initiation
GO:0048767	root hair elongation
GO:0048768	root hair cell tip growth
GO:0048825	cotyledon development
GO:0048827	phyllome development
GO:0048829	root cap development
GO:0048830	adventitious root development
GO:0048831	regulation of shoot system development
GO:0048854	brain morphogenesis
GO:0048856	anatomical structure development
GO:0048868	pollen tube development
GO:0048869	cellular developmental process
GO:0048870	cell motility
GO:0048878	chemical homeostasis
GO:0050017	L-3-cyanoalanine synthase activity
GO:0050080	malonyl-CoA decarboxylase activity
GO:0050105	L-gulonolactone oxidase activity
GO:0050113	inositol oxygenase activity
GO:0050126	N-carbamoylputrescine amidase activity
GO:0050136	NADH dehydrogenase (quinone) (non-electrogenic) activity
GO:0050152	omega-amidase activity
GO:0050163	oxaloacetate tautomerase activity
GO:0050178	phenylpyruvate tautomerase activity
GO:0050201	fucokinase activity
GO:0050203	oxalate-CoA ligase activity
GO:0050218	propionate-CoA ligase activity
GO:0050220	prostaglandin-E synthase activity
GO:0050242	pyruvate, phosphate dikinase activity
GO:0050265	RNA uridylyltransferase activity
GO:0050278	sedoheptulose-bisphosphatase activity
GO:0050290	sphingomyelin phosphodiesterase D activity
GO:0050291	sphingosine N-acyltransferase activity
GO:0050302	indole-3-acetaldehyde oxidase activity
GO:0050307	sucrose-phosphate phosphatase activity
GO:0050308	sugar-phosphatase activity
GO:0050311	sulfite reductase (ferredoxin) activity
GO:0050313	sulfur dioxygenase activity
GO:0050334	thiaminase activity
GO:0050342	tocopherol C-methyltransferase activity
GO:0050350	trihydroxystilbene synthase activity
GO:0050377	UDP-glucose 4,6-dehydratase activity
GO:0050378	UDP-glucuronate 4-epimerase activity
GO:0050388	uronate dehydrogenase activity
GO:0050404	zeatin O-beta-D-xylosyltransferase activity
GO:0050464	nitrate reductase (NADPH) activity
GO:0050482	arachidonate secretion
GO:0050505	hydroquinone glucosyltransferase activity
GO:0050511	undecaprenyldiphospho-muramoylpentapeptide beta-N-acetylglucosaminyltransferase activity
GO:0050513	glycoprotein 2-beta-D-xylosyltransferase activity
GO:0050515	4-(cytidine 5'-diphospho)-2-C-methyl-D-erythritol kinase activity
GO:0050518	2-C-methyl-D-erythritol 4-phosphate cytidylyltransferase activity
GO:0050521	alpha-glucan, water dikinase activity
GO:0050547	feruloyl-CoA hydratase/lyase activity
GO:0050563	trans-feruloyl-CoA synthase activity
GO:0050566	asparaginyl-tRNA synthase (glutamine-hydrolyzing) activity
GO:0050567	glutaminyl-tRNA synthase (glutamine-hydrolyzing) activity
GO:0050577	GDP-L-fucose synthase activity
GO:0050610	methylarsonate reductase activity
GO:0050613	Delta14-sterol reductase activity
GO:0050614	Delta24-sterol reductase activity
GO:0050619	phytochromobilin:ferredoxin oxidoreductase activity
GO:0050635	acridone synthase activity
GO:0050658	RNA transport
GO:0050660	flavin adenine dinucleotide binding
GO:0050661	NADP binding
GO:0050664	oxidoreductase activity, acting on NAD(P)H, oxygen as acceptor
GO:0050665	hydrogen peroxide biosynthetic process
GO:0050684	regulation of mRNA processing
GO:0050685	positive regulation of mRNA processing
GO:0050687	negative regulation of defense response to virus
GO:0050688	regulation of defense response to virus
GO:0050776	regulation of immune response
GO:0050789	regulation of biological process
GO:0050790	regulation of catalytic activity
GO:0050793	regulation of developmental process
GO:0050794	regulation of cellular process
GO:0050801	monoatomic ion homeostasis
GO:0050821	protein stabilization
GO:0050826	response to freezing
GO:0050832	defense response to fungus
GO:0050891	multicellular organismal-level water homeostasis
GO:0050896	response to stimulus
GO:0050897	cobalt ion binding
GO:0050982	detection of mechanical stimulus
GO:0050992	dimethylallyl diphosphate biosynthetic process
GO:0051010	microtubule plus-end binding
GO:0051011	microtubule minus-end binding
GO:0051013	microtubule severing
GO:0051014	actin filament severing
GO:0051015	actin filament binding
GO:0051016	barbed-end actin filament capping
GO:0051017	actin filament bundle assembly
GO:0051018	protein kinase A binding
GO:0051020	GTPase binding
GO:0051026	chiasma assembly
GO:0051028	mRNA transport
GO:0051049	regulation of transport
GO:0051053	negative regulation of DNA metabolic process
GO:0051054	positive regulation of DNA metabolic process
GO:0051056	regulation of small GTPase mediated signal transduction
GO:0051060	pullulanase activity
GO:0051082	GO:0051082
GO:0051083	'de novo' cotranslational protein folding
GO:0051087	protein-folding chaperone binding
GO:0051093	negative regulation of developmental process
GO:0051094	positive regulation of developmental process
GO:0051096	positive regulation of helicase activity
GO:0051117	ATPase binding
GO:0051119	sugar transmembrane transporter activity
GO:0051123	RNA polymerase II preinitiation complex assembly
GO:0051127	positive regulation of actin nucleation
GO:0051128	regulation of cellular component organization
GO:0051131	chaperone-mediated protein complex assembly
GO:0051139	metal cation:proton antiporter activity
GO:0051156	glucose 6-phosphate metabolic process
GO:0051168	nuclear export
GO:0051170	import into nucleus
GO:0051177	meiotic sister chromatid cohesion
GO:0051205	protein insertion into membrane
GO:0051209	release of sequestered calcium ion into cytosol
GO:0051211	anisotropic cell growth
GO:0051213	dioxygenase activity
GO:0051225	spindle assembly
GO:0051228	mitotic spindle disassembly
GO:0051231	spindle elongation
GO:0051233	spindle midzone
GO:0051239	regulation of multicellular organismal process
GO:0051246	regulation of protein metabolic process
GO:0051247	positive regulation of protein metabolic process
GO:0051252	regulation of RNA metabolic process
GO:0051258	protein polymerization
GO:0051259	protein complex oligomerization
GO:0051260	protein homooligomerization
GO:0051262	protein tetramerization
GO:0051267	GO:0051267
GO:0051274	beta-glucan biosynthetic process
GO:0051276	chromosome organization
GO:0051287	NAD binding
GO:0051291	protein heterooligomerization
GO:0051292	nuclear pore complex assembly
GO:0051295	establishment of meiotic spindle localization
GO:0051301	cell division
GO:0051302	regulation of cell division
GO:0051304	chromosome separation
GO:0051306	mitotic sister chromatid separation
GO:0051307	meiotic chromosome separation
GO:0051315	attachment of mitotic spindle microtubules to kinetochore
GO:0051321	meiotic cell cycle
GO:0051336	regulation of hydrolase activity
GO:0051351	positive regulation of ligase activity
GO:0051377	mannose-ethanolamine phosphotransferase activity
GO:0051382	kinetochore assembly
GO:0051383	kinetochore organization
GO:0051391	tRNA acetylation
GO:0051392	tRNA cytidine N4-acetyltransferase activity
GO:0051410	detoxification of nitrogen compound
GO:0051415	microtubule nucleation by interphase microtubule organizing center
GO:0051428	peptide hormone receptor binding
GO:0051443	positive regulation of ubiquitin-protein transferase activity
GO:0051445	regulation of meiotic cell cycle
GO:0051453	regulation of intracellular pH
GO:0051455	spindle attachment to meiosis I kinetochore
GO:0051457	maintenance of protein location in nucleus
GO:0051484	GO:0051484
GO:0051499	D-aminoacyl-tRNA deacylase activity
GO:0051500	D-tyrosyl-tRNA(Tyr) deacylase activity
GO:0051510	regulation of unidimensional cell growth
GO:0051513	regulation of monopolar cell growth
GO:0051536	iron-sulfur cluster binding
GO:0051537	2 iron, 2 sulfur cluster binding
GO:0051538	3 iron, 4 sulfur cluster binding
GO:0051539	4 iron, 4 sulfur cluster binding
GO:0051540	metal cluster binding
GO:0051555	flavonol biosynthetic process
GO:0051560	mitochondrial calcium ion homeostasis
GO:0051598	meiotic recombination checkpoint signaling
GO:0051601	exocyst localization
GO:0051603	GO:0051603
GO:0051604	protein maturation
GO:0051606	detection of stimulus
GO:0051607	defense response to virus
GO:0051639	actin filament network formation
GO:0051640	organelle localization
GO:0051641	cellular localization
GO:0051644	plastid localization
GO:0051645	Golgi localization
GO:0051646	mitochondrion localization
GO:0051693	actin filament capping
GO:0051703	biological process involved in intraspecies interaction between organisms
GO:0051707	response to other organism
GO:0051716	cellular response to stimulus
GO:0051721	protein phosphatase 2A binding
GO:0051723	protein methylesterase activity
GO:0051724	NAD transmembrane transporter activity
GO:0051726	regulation of cell cycle
GO:0051731	polynucleotide 5'-hydroxyl-kinase activity
GO:0051740	ethylene binding
GO:0051741	2-methyl-6-phytyl-1,4-benzoquinone methyltransferase activity
GO:0051743	red chlorophyll catabolite reductase activity
GO:0051745	4-hydroxy-3-methylbut-2-enyl diphosphate reductase activity
GO:0051747	cytosine C-5 DNA demethylase activity
GO:0051748	UTP-monosaccharide-1-phosphate uridylyltransferase activity
GO:0051749	indole acetic acid carboxyl methyltransferase activity
GO:0051750	delta(3,5)-delta(2,4)-dienoyl-CoA isomerase activity
GO:0051751	alpha-1,4-mannosyltransferase activity
GO:0051752	phosphoglucan, water dikinase activity
GO:0051753	mannan synthase activity
GO:0051754	meiotic sister chromatid cohesion, centromeric
GO:0051762	sesquiterpene biosynthetic process
GO:0051764	actin crosslink formation
GO:0051777	ent-kaurenoic acid monooxygenase activity
GO:0051781	positive regulation of cell division
GO:0051782	negative regulation of cell division
GO:0051783	regulation of nuclear division
GO:0051787	misfolded protein binding
GO:0051788	response to misfolded protein
GO:0051864	histone H3K36 demethylase activity
GO:0051865	protein autoubiquitination
GO:0051879	Hsp90 protein binding
GO:0051880	G-quadruplex DNA binding
GO:0051903	S-(hydroxymethyl)glutathione dehydrogenase [NAD(P)+] activity
GO:0051920	peroxiredoxin activity
GO:0051923	sulfation
GO:0051959	dynein light intermediate chain binding
GO:0051980	iron-nicotianamine transmembrane transporter activity
GO:0051983	regulation of chromosome segregation
GO:0051990	(R)-2-hydroxyglutarate dehydrogenase activity
GO:0051996	squalene synthase [NAD(P)H] activity
GO:0051997	2-oxo-4-hydroxy-4-carboxy-5-ureidoimidazoline decarboxylase activity
GO:0052324	plant-type cell wall cellulose biosynthetic process
GO:0052325	cell wall pectin biosynthetic process
GO:0052381	tRNA dimethylallyltransferase activity
GO:0052386	cell wall thickening
GO:0052541	plant-type cell wall cellulose metabolic process
GO:0052543	callose deposition in cell wall
GO:0052544	defense response by callose deposition in cell wall
GO:0052545	callose localization
GO:0052577	germacrene-D synthase activity
GO:0052595	aliphatic amine oxidase activity
GO:0052597	diamine oxidase activity
GO:0052615	ent-kaurene oxidase activity
GO:0052622	ATP/ADP dimethylallyltransferase activity
GO:0052624	2-phytyl-1,4-naphthoquinone methyltransferase activity
GO:0052629	phosphatidylinositol-3,5-bisphosphate 3-phosphatase activity
GO:0052630	UDP-N-acetylgalactosamine diphosphorylase activity
GO:0052636	arabinosyltransferase activity
GO:0052654	L-leucine:2-oxoglutarate transaminase activity
GO:0052655	L-valine:2-oxoglutarate transaminase activity
GO:0052656	L-isoleucine:2-oxoglutarate transaminase activity
GO:0052662	zeaxanthin epoxidase activity
GO:0052684	L-serine hydro-lyase (adding indole, L-tryptophan-forming) activity
GO:0052689	carboxylic ester hydrolase activity
GO:0052691	UDP-arabinopyranose mutase activity
GO:0052692	raffinose alpha-galactosidase activity
GO:0052716	hydroquinone:oxygen oxidoreductase activity
GO:0052717	tRNA-specific adenosine-34 deaminase activity
GO:0052723	inositol hexakisphosphate 1-kinase activity
GO:0052725	inositol-1,3,4-trisphosphate 6-kinase activity
GO:0052726	inositol-1,3,4-trisphosphate 5-kinase activity
GO:0052742	phosphatidylinositol kinase activity
GO:0052745	inositol phosphate phosphatase activity
GO:0052751	GDP-mannose hydrolase activity
GO:0052793	pectin acetylesterase activity
GO:0052803	imidazole-containing compound metabolic process
GO:0052835	inositol-3,4,6-trisphosphate 1-kinase activity
GO:0052837	thiazole biosynthetic process
GO:0052845	inositol-5-diphosphate-1,2,3,4,6-pentakisphosphate diphosphatase activity
GO:0052847	inositol-1,5-bisdiphosphate-2,3,4,6-tetrakisphosphate 5-diphosphatase activity
GO:0052856	NAD(P)HX epimerase activity
GO:0052861	endo-1,3(4)-beta-glucanase activity
GO:0052900	polyamine oxidase (propane-1,3-diamine-forming) activity
GO:0052905	tRNA (guanosine(9)-N1)-methyltransferase activity
GO:0052906	tRNA (guanine(37)-N1)-methyltransferase activity
GO:0052907	23S rRNA (adenine(1618)-N(6))-methyltransferase activity
GO:0052913	16S rRNA (guanine(966)-N(2))-methyltransferase activity
GO:0052917	dol-P-Man:Man(7)GlcNAc(2)-PP-Dol alpha-1,6-mannosyltransferase activity
GO:0052924	all-trans-nonaprenyl-diphosphate synthase (geranylgeranyl-diphosphate specific) activity
GO:0052925	dol-P-Man:Man(5)GlcNAc(2)-PP-Dol alpha-1,3-mannosyltransferase activity
GO:0052927	CC tRNA cytidylyltransferase activity
GO:0052929	ATP:3'-cytidine-cytidine-tRNA adenylyltransferase activity
GO:0055028	cortical microtubule
GO:0055035	plastid thylakoid membrane
GO:0055037	recycling endosome
GO:0055038	recycling endosome membrane
GO:0055044	symplast
GO:0055046	microgametogenesis
GO:0055056	D-glucose transmembrane transporter activity
GO:0055062	phosphate ion homeostasis
GO:0055070	copper ion homeostasis
GO:0055074	calcium ion homeostasis
GO:0055075	potassium ion homeostasis
GO:0055080	monoatomic cation homeostasis
GO:0055085	transmembrane transport
GO:0055086	nucleobase-containing small molecule metabolic process
GO:0055087	Ski complex
GO:0055088	lipid homeostasis
GO:0055091	phospholipid homeostasis
GO:0055105	ubiquitin-protein transferase inhibitor activity
GO:0055129	L-proline biosynthetic process
GO:0060089	molecular transducer activity
GO:0060090	molecular adaptor activity
GO:0060147	regulation of post-transcriptional gene silencing
GO:0060151	peroxisome localization
GO:0060213	positive regulation of nuclear-transcribed mRNA poly(A) tail shortening
GO:0060236	regulation of mitotic spindle organization
GO:0060255	regulation of macromolecule metabolic process
GO:0060261	positive regulation of transcription initiation by RNA polymerase II
GO:0060320	rejection of self pollen
GO:0060321	acceptance of pollen
GO:0060560	developmental growth involved in morphogenesis
GO:0060623	regulation of chromosome condensation
GO:0060627	regulation of vesicle-mediated transport
GO:0060628	regulation of ER to Golgi vesicle-mediated transport
GO:0060688	regulation of morphogenesis of a branching structure
GO:0060828	regulation of canonical Wnt signaling pathway
GO:0060906	negative regulation of regulatory ncRNA-mediated heterochromatin formation
GO:0060918	auxin transport
GO:0060962	regulation of ribosomal protein gene transcription by RNA polymerase II
GO:0060966	regulation of gene silencing by regulatory ncRNA
GO:0060967	negative regulation of gene silencing by regulatory ncRNA
GO:0061013	regulation of mRNA catabolic process
GO:0061015	snRNA import into nucleus
GO:0061024	membrane organization
GO:0061025	membrane fusion
GO:0061133	endopeptidase activator activity
GO:0061134	peptidase regulator activity
GO:0061136	regulation of proteasomal protein catabolic process
GO:0061157	mRNA destabilization
GO:0061158	3'-UTR-mediated mRNA destabilization
GO:0061458	reproductive system development
GO:0061503	tRNA threonylcarbamoyladenosine dehydratase activity
GO:0061504	cyclic threonylcarbamoyladenosine biosynthetic process
GO:0061512	protein localization to cilium
GO:0061513	glucose 6-phosphate:phosphate antiporter activity
GO:0061522	1,4-dihydroxy-2-naphthoyl-CoA thioesterase activity
GO:0061542	3-demethylubiquinol 3-O-methyltransferase activity
GO:0061572	actin filament bundle organization
GO:0061574	ASAP complex
GO:0061575	cyclin-dependent protein serine/threonine kinase activator activity
GO:0061578	K63-linked deubiquitinase activity
GO:0061598	molybdopterin adenylyltransferase activity
GO:0061599	molybdopterin molybdotransferase activity
GO:0061604	molybdopterin-synthase sulfurtransferase activity
GO:0061605	molybdopterin-synthase adenylyltransferase activity
GO:0061608	nuclear import signal receptor activity
GO:0061617	MICOS complex
GO:0061621	canonical glycolysis
GO:0061630	ubiquitin protein ligase activity
GO:0061631	ubiquitin conjugating enzyme activity
GO:0061632	RNA lariat debranching enzyme activator activity
GO:0061634	alpha-D-xyloside xylohydrolase activity
GO:0061635	regulation of protein complex stability
GO:0061645	endocytic patch
GO:0061650	ubiquitin-like protein conjugating enzyme activity
GO:0061651	Atg12 conjugating enzyme activity
GO:0061656	SUMO conjugating enzyme activity
GO:0061657	UFM1 conjugating enzyme activity
GO:0061659	ubiquitin-like protein ligase activity
GO:0061665	SUMO ligase activity
GO:0061666	UFM1 ligase activity
GO:0061685	diphthine methylesterase activity
GO:0061708	tRNA-5-taurinomethyluridine 2-sulfurtransferase activity
GO:0061709	reticulophagy
GO:0061710	L-threonylcarbamoyladenylate synthase activity
GO:0061711	tRNA N(6)-L-threonylcarbamoyladenine synthase activity
GO:0061723	glycophagy
GO:0061733	protein-lysine-acetyltransferase activity
GO:0061739	protein lipidation involved in autophagosome assembly
GO:0061775	cohesin loader activity
GO:0061798	GTP 3',8'-cyclase activity
GO:0061799	cyclic pyranopterin monophosphate synthase activity
GO:0061809	NAD+ nucleosidase activity, cyclic ADP-ribose generating
GO:0061817	GO:0061817
GO:0061863	microtubule plus end polymerase activity
GO:0061908	phagophore
GO:0061919	process utilizing autophagic mechanism
GO:0061927	TOC-TIC supercomplex I
GO:0061928	glutathione specific gamma-glutamylcyclotransferase activity
GO:0061929	gamma-glutamylaminecyclotransferase activity
GO:0061982	meiosis I cell cycle process
GO:0061993	calcium:proton antiporter complex
GO:0062034	L-pipecolic acid biosynthetic process
GO:0062045	L-lysine:pyruvate alpha-transaminase activity
GO:0062049	protein phosphatase inhibitor complex
GO:0062062	oligosaccharyltransferase complex binding
GO:0062064	box C/D methylation guide snoRNP complex binding
GO:0062091	Ycf2/FtsHi complex
GO:0062153	C5-methylcytidine-containing RNA reader activity
GO:0065002	intracellular protein transmembrane transport
GO:0065003	protein-containing complex assembly
GO:0065004	protein-DNA complex assembly
GO:0065007	biological regulation
GO:0065008	regulation of biological quality
GO:0070001	aspartic-type peptidase activity
GO:0070006	metalloaminopeptidase activity
GO:0070008	serine-type exopeptidase activity
GO:0070012	oligopeptidase activity
GO:0070013	intracellular organelle lumen
GO:0070034	telomerase RNA binding
GO:0070037	rRNA (pseudouridine) methyltransferase activity
GO:0070038	rRNA (pseudouridine-N3-)-methyltransferase activity
GO:0070042	rRNA (uridine-N3-)-methyltransferase activity
GO:0070043	rRNA (guanine-N7-)-methyltransferase activity
GO:0070059	intrinsic apoptotic signaling pathway in response to endoplasmic reticulum stress
GO:0070062	extracellular exosome
GO:0070063	RNA polymerase binding
GO:0070069	cytochrome complex
GO:0070072	vacuolar proton-transporting V-type ATPase complex assembly
GO:0070125	mitochondrial translational elongation
GO:0070126	mitochondrial translational termination
GO:0070129	regulation of mitochondrial translation
GO:0070137	ubiquitin-like protein-specific endopeptidase activity
GO:0070143	mitochondrial alanyl-tRNA aminoacylation
GO:0070150	mitochondrial glycyl-tRNA aminoacylation
GO:0070158	mitochondrial seryl-tRNA aminoacylation
GO:0070176	DRM complex
GO:0070179	D-serine biosynthetic process
GO:0070180	large ribosomal subunit rRNA binding
GO:0070181	small ribosomal subunit rRNA binding
GO:0070182	DNA polymerase binding
GO:0070192	chromosome organization involved in meiotic cell cycle
GO:0070197	meiotic attachment of telomere to nuclear envelope
GO:0070201	regulation of establishment of protein localization
GO:0070204	2-succinyl-5-enolpyruvyl-6-hydroxy-3-cyclohexene-1-carboxylic-acid synthase activity
GO:0070205	2-succinyl-6-hydroxy-2,4-cyclohexadiene-1-carboxylate synthase activity
GO:0070212	protein poly-ADP-ribosylation
GO:0070260	5'-tyrosyl-DNA phosphodiesterase activity
GO:0070262	peptidyl-serine dephosphorylation
GO:0070274	RES complex
GO:0070279	vitamin B6 binding
GO:0070291	N-acylethanolamine metabolic process
GO:0070300	phosphatidic acid binding
GO:0070336	flap-structured DNA binding
GO:0070370	cellular heat acclimation
GO:0070390	transcription export complex 2
GO:0070401	NADP+ binding
GO:0070402	NADPH binding
GO:0070403	NAD+ binding
GO:0070407	oxidation-dependent protein catabolic process
GO:0070417	cellular response to cold
GO:0070449	elongin complex
GO:0070461	SAGA-type complex
GO:0070475	rRNA base methylation
GO:0070476	rRNA (guanine-N7)-methylation
GO:0070478	nuclear-transcribed mRNA catabolic process, 3'-5' exonucleolytic nonsense-mediated decay
GO:0070481	nuclear-transcribed mRNA catabolic process, non-stop decay
GO:0070482	response to oxygen levels
GO:0070483	detection of hypoxia
GO:0070492	oligosaccharide binding
GO:0070507	regulation of microtubule cytoskeleton organization
GO:0070522	ERCC4-ERCC1 complex
GO:0070525	tRNA threonylcarbamoyladenosine metabolic process
GO:0070531	BRCA1-A complex
GO:0070534	protein K63-linked ubiquitination
GO:0070536	protein K63-linked deubiquitination
GO:0070542	response to fatty acid
GO:0070545	PeBoW complex
GO:0070552	BRISC complex
GO:0070566	adenylyltransferase activity
GO:0070569	uridylyltransferase activity
GO:0070588	calcium ion transmembrane transport
GO:0070611	histone H3R2 methyltransferase activity
GO:0070626	(S)-2-(5-amino-1-(5-phospho-D-ribosyl)imidazole-4-carboxamido) succinate lyase (fumarate-forming) activity
GO:0070628	proteasome binding
GO:0070646	protein modification by small protein removal
GO:0070651	nonfunctional rRNA decay
GO:0070652	HAUS complex
GO:0070676	intralumenal vesicle formation
GO:0070681	glutaminyl-tRNAGln biosynthesis via transamidation
GO:0070682	proteasome regulatory particle assembly
GO:0070696	transmembrane receptor protein serine/threonine kinase binding
GO:0070716	mismatch repair involved in maintenance of fidelity involved in DNA-dependent DNA replication
GO:0070733	AMPylase activity
GO:0070761	pre-snoRNP complex
GO:0070762	nuclear pore transmembrane ring
GO:0070765	gamma-secretase complex
GO:0070772	PAS complex
GO:0070773	protein-N-terminal glutamine amidohydrolase activity
GO:0070813	hydrogen sulfide metabolic process
GO:0070814	hydrogen sulfide biosynthetic process
GO:0070828	heterochromatin organization
GO:0070840	dynein complex binding
GO:0070847	core mediator complex
GO:0070860	RNA polymerase I core factor complex
GO:0070863	positive regulation of protein exit from endoplasmic reticulum
GO:0070876	SOSS complex
GO:0070877	microprocessor complex
GO:0070878	primary miRNA binding
GO:0070897	transcription preinitiation complex assembly
GO:0070898	RNA polymerase III preinitiation complex assembly
GO:0070899	mitochondrial tRNA wobble uridine modification
GO:0070901	mitochondrial tRNA methylation
GO:0070905	serine binding
GO:0070914	UV-damage excision repair
GO:0070918	regulatory ncRNA processing
GO:0070938	contractile ring
GO:0070939	Dsl1/NZR complex
GO:0070966	nuclear-transcribed mRNA catabolic process, no-go decay
GO:0070971	endoplasmic reticulum exit site
GO:0070973	protein localization to endoplasmic reticulum exit site
GO:0070979	protein K11-linked ubiquitination
GO:0070981	L-asparagine biosynthetic process
GO:0070985	transcription factor TFIIK complex
GO:0070987	error-free translesion synthesis
GO:0070989	oxidative demethylation
GO:0070990	snRNP binding
GO:0071004	U2-type prespliceosome
GO:0071006	U2-type catalytic step 1 spliceosome
GO:0071007	U2-type catalytic step 2 spliceosome
GO:0071008	U2-type post-mRNA release spliceosomal complex
GO:0071010	prespliceosome
GO:0071011	precatalytic spliceosome
GO:0071013	catalytic step 2 spliceosome
GO:0071014	post-mRNA release spliceosomal complex
GO:0071020	post-spliceosomal complex
GO:0071021	U2-type post-spliceosomal complex
GO:0071025	RNA surveillance
GO:0071027	nuclear RNA surveillance
GO:0071028	nuclear mRNA surveillance
GO:0071031	nuclear mRNA surveillance of mRNA 3'-end processing
GO:0071034	CUT catabolic process
GO:0071035	nuclear polyadenylation-dependent rRNA catabolic process
GO:0071036	nuclear polyadenylation-dependent snoRNA catabolic process
GO:0071037	nuclear polyadenylation-dependent snRNA catabolic process
GO:0071038	TRAMP-dependent tRNA surveillance pathway
GO:0071039	nuclear polyadenylation-dependent CUT catabolic process
GO:0071040	nuclear polyadenylation-dependent antisense transcript catabolic process
GO:0071041	antisense RNA transcript catabolic process
GO:0071042	nuclear polyadenylation-dependent mRNA catabolic process
GO:0071044	histone mRNA catabolic process
GO:0071051	poly(A)-dependent snoRNA 3'-end processing
GO:0071074	eukaryotic initiation factor eIF2 binding
GO:0071103	DNA conformation change
GO:0071108	protein K48-linked deubiquitination
GO:0071140	resolution of mitotic recombination intermediates
GO:0071163	DNA replication preinitiation complex assembly
GO:0071164	RNA cap trimethylguanosine synthase activity
GO:0071169	establishment of protein localization to chromatin
GO:0071171	site-specific DNA replication termination at RTS1 barrier
GO:0071215	cellular response to abscisic acid stimulus
GO:0071218	cellular response to misfolded protein
GO:0071230	cellular response to amino acid stimulus
GO:0071244	cellular response to carbon dioxide
GO:0071249	cellular response to nitrate
GO:0071260	cellular response to mechanical stimulus
GO:0071261	Ssh1 translocon complex
GO:0071266	'de novo' L-methionine biosynthetic process
GO:0071277	cellular response to calcium ion
GO:0071329	cellular response to sucrose stimulus
GO:0071339	MLL1 complex
GO:0071365	cellular response to auxin stimulus
GO:0071368	cellular response to cytokinin stimulus
GO:0071369	cellular response to ethylene stimulus
GO:0071395	cellular response to jasmonic acid stimulus
GO:0071398	cellular response to fatty acid
GO:0071421	manganese ion transmembrane transport
GO:0071422	succinate transmembrane transport
GO:0071423	malate transmembrane transport
GO:0071424	rRNA (cytosine-N4-)-methyltransferase activity
GO:0071439	clathrin complex
GO:0071446	cellular response to salicylic acid stimulus
GO:0071456	cellular response to hypoxia
GO:0071457	cellular response to ozone
GO:0071470	cellular response to osmotic stress
GO:0071472	cellular response to salt stress
GO:0071479	cellular response to ionizing radiation
GO:0071480	cellular response to gamma radiation
GO:0071481	cellular response to X-ray
GO:0071482	cellular response to light stimulus
GO:0071483	cellular response to blue light
GO:0071484	cellular response to light intensity
GO:0071486	cellular response to high light intensity
GO:0071489	cellular response to red or far red light
GO:0071493	cellular response to UV-B
GO:0071513	phosphopantothenoylcysteine decarboxylase complex
GO:0071522	ureidoglycine aminohydrolase activity
GO:0071528	tRNA re-export from nucleus
GO:0071540	eukaryotic translation initiation factor 3 complex, eIF3e
GO:0071541	eukaryotic translation initiation factor 3 complex, eIF3m
GO:0071554	cell wall organization or biogenesis
GO:0071555	cell wall organization
GO:0071558	histone H3K27me2/H3K27me3 demethylase activity
GO:0071561	nucleus-vacuole junction
GO:0071566	UFM1 activating enzyme activity
GO:0071567	deUFMylase activity
GO:0071569	protein ufmylation
GO:0071577	zinc ion transmembrane transport
GO:0071586	CAAX-box protein processing
GO:0071588	hydrogen peroxide mediated signaling pathway
GO:0071596	ubiquitin-dependent protein catabolic process via the N-end rule pathway
GO:0071616	acyl-CoA biosynthetic process
GO:0071617	lysophospholipid acyltransferase activity
GO:0071618	lysophosphatidylethanolamine acyltransferase activity
GO:0071667	DNA/RNA hybrid binding
GO:0071669	plant-type cell wall organization or biogenesis
GO:0071692	protein localization to extracellular region
GO:0071695	anatomical structure maturation
GO:0071705	nitrogen compound transport
GO:0071709	membrane assembly
GO:0071731	response to nitric oxide
GO:0071763	nuclear membrane organization
GO:0071782	endoplasmic reticulum tubular network
GO:0071786	endoplasmic reticulum tubular network organization
GO:0071805	potassium ion transmembrane transport
GO:0071806	protein transmembrane transport
GO:0071816	tail-anchored membrane protein insertion into ER membrane
GO:0071818	BAT3 complex
GO:0071819	DUBm complex
GO:0071821	FANCM-MHF complex
GO:0071824	protein-DNA complex organization
GO:0071840	cellular component organization or biogenesis
GO:0071885	N-terminal protein N-methyltransferase activity
GO:0071897	DNA biosynthetic process
GO:0071902	positive regulation of protein serine/threonine kinase activity
GO:0071916	dipeptide transmembrane transporter activity
GO:0071917	triose-phosphate transmembrane transporter activity
GO:0071918	urea transmembrane transport
GO:0071932	replication fork reversal
GO:0071933	Arp2/3 complex binding
GO:0071942	XPC complex
GO:0071944	cell periphery
GO:0071949	FAD binding
GO:0071951	conversion of methionyl-tRNA to N-formyl-methionyl-tRNA
GO:0071985	multivesicular body sorting pathway
GO:0072318	clathrin coat disassembly
GO:0072319	vesicle uncoating
GO:0072330	monocarboxylic acid biosynthetic process
GO:0072334	UDP-galactose transmembrane transport
GO:0072344	rescue of stalled cytosolic ribosome
GO:0072349	modified amino acid transmembrane transporter activity
GO:0072354	histone H3T3 kinase activity
GO:0072374	carotene epsilon hydroxylase activity
GO:0072380	TRC complex
GO:0072387	flavin adenine dinucleotide metabolic process
GO:0072423	response to DNA damage checkpoint signaling
GO:0072488	ammonium transmembrane transport
GO:0072528	pyrimidine-containing compound biosynthetic process
GO:0072542	protein phosphatase activator activity
GO:0072546	EMC complex
GO:0072582	17-beta-hydroxysteroid dehydrogenase (NADP+) activity
GO:0072583	clathrin-dependent endocytosis
GO:0072593	reactive oxygen species metabolic process
GO:0072594	establishment of protein localization to organelle
GO:0072596	establishment of protein localization to chloroplast
GO:0072598	protein localization to chloroplast
GO:0072657	protein localization to membrane
GO:0072659	protein localization to plasma membrane
GO:0072665	protein localization to vacuole
GO:0072666	establishment of protein localization to vacuole
GO:0072686	mitotic spindle
GO:0072699	protein localization to cortical microtubule cytoskeleton
GO:0075523	viral translational frameshifting
GO:0080008	Cul4-RING E3 ubiquitin ligase complex
GO:0080019	alcohol-forming very long-chain fatty acyl-CoA reductase activity
GO:0080022	primary root development
GO:0080024	indolebutyric acid metabolic process
GO:0080025	phosphatidylinositol-3,5-bisphosphate binding
GO:0080028	nitrile biosynthetic process
GO:0080030	methyl indole-3-acetate esterase activity
GO:0080031	methyl salicylate esterase activity
GO:0080032	methyl jasmonate esterase activity
GO:0080036	regulation of cytokinin-activated signaling pathway
GO:0080037	negative regulation of cytokinin-activated signaling pathway
GO:0080041	ADP-ribose pyrophosphatase activity
GO:0080042	ADP-glucose pyrophosphatase activity
GO:0080043	quercetin 3-O-glucosyltransferase activity
GO:0080044	quercetin 7-O-glucosyltransferase activity
GO:0080047	GDP-L-galactose phosphorylase activity
GO:0080048	GDP-D-glucose phosphorylase activity
GO:0080051	cutin transport
GO:0080054	low-affinity nitrate transmembrane transporter activity
GO:0080061	indole-3-acetonitrile nitrilase activity
GO:0080065	4-alpha-methyl-delta7-sterol oxidation
GO:0080072	spermidine:sinapoyl CoA N-acyltransferase activity
GO:0080073	spermidine:coumaroyl CoA N-acyltransferase activity
GO:0080074	spermidine:caffeoyl CoA N-acyltransferase activity
GO:0080075	spermidine:feruloyl CoA N-acyltransferase activity
GO:0080084	5S rDNA binding
GO:0080086	stamen filament development
GO:0080090	regulation of primary metabolic process
GO:0080092	regulation of pollen tube growth
GO:0080113	regulation of seed growth
GO:0080115	myosin XI tail binding
GO:0080116	glucuronoxylan glucuronosyltransferase activity
GO:0080117	secondary growth
GO:0080119	ER body organization
GO:0080120	CAAX-box protein maturation
GO:0080122	AMP transmembrane transporter activity
GO:0080124	pheophytinase activity
GO:0080132	fatty acid 2-hydroxylase activity
GO:0080134	regulation of response to stress
GO:0080141	regulation of jasmonic acid biosynthetic process
GO:0080142	regulation of salicylic acid biosynthetic process
GO:0080143	regulation of amino acid export
GO:0080147	root hair cell development
GO:0080153	negative regulation of reductive pentose-phosphate cycle
GO:0080155	regulation of double fertilization forming a zygote and endosperm
GO:0080156	mitochondrial mRNA modification
GO:0080161	auxin transmembrane transporter activity
GO:0080162	endoplasmic reticulum to cytosol auxin transport
GO:0080167	response to karrikin
GO:0080175	phragmoplast microtubule organization
GO:0080183	response to photooxidative stress
GO:0080188	gene silencing by siRNA-directed DNA methylation
GO:0085020	protein K6-linked ubiquitination
GO:0089701	U2AF complex
GO:0089715	tRNA (L-threonylcarbamoyladenosine(37)-C2) methyltransferase activity
GO:0090056	regulation of chlorophyll metabolic process
GO:0090058	metaxylem development
GO:0090059	protoxylem development
GO:0090063	positive regulation of microtubule nucleation
GO:0090069	regulation of ribosome biogenesis
GO:0090071	negative regulation of ribosome biogenesis
GO:0090086	negative regulation of protein deubiquitination
GO:0090087	regulation of peptide transport
GO:0090110	COPII-coated vesicle cargo loading
GO:0090114	COPII-coated vesicle budding
GO:0090156	intracellular sphingolipid homeostasis
GO:0090158	endoplasmic reticulum membrane organization
GO:0090160	Golgi to lysosome transport
GO:0090173	regulation of synaptonemal complex assembly
GO:0090174	organelle membrane fusion
GO:0090228	positive regulation of red or far-red light signaling pathway
GO:0090263	positive regulation of canonical Wnt signaling pathway
GO:0090266	regulation of mitotic cell cycle spindle assembly checkpoint
GO:0090296	regulation of mitochondrial DNA replication
GO:0090304	nucleic acid metabolic process
GO:0090307	mitotic spindle assembly
GO:0090332	stomatal closure
GO:0090333	regulation of stomatal closure
GO:0090351	seedling development
GO:0090364	regulation of proteasome assembly
GO:0090374	oligopeptide export from mitochondrion
GO:0090376	seed trichome differentiation
GO:0090378	seed trichome elongation
GO:0090391	granum assembly
GO:0090404	pollen tube tip
GO:0090406	pollen tube
GO:0090414	molybdate ion export from vacuole
GO:0090415	7-hydroxymethyl chlorophyll a reductase activity
GO:0090421	embryonic meristem initiation
GO:0090422	thiamine pyrophosphate transmembrane transporter activity
GO:0090435	protein localization to nuclear envelope
GO:0090436	leaf pavement cell development
GO:0090447	glycerol-3-phosphate 2-O-acyltransferase activity
GO:0090471	9,15,9'-tri-cis-zeta-carotene isomerase activity
GO:0090481	pyrimidine nucleotide-sugar transmembrane transport
GO:0090482	vitamin transmembrane transporter activity
GO:0090486	small RNA 2'-O-ribose methyltransferase activity
GO:0090522	GO:0090522
GO:0090524	cytochrome-b5 reductase activity, acting on NADH
GO:0090549	response to carbon starvation
GO:0090558	plant epidermis development
GO:0090560	2-(3-amino-3-carboxypropyl)histidine synthase activity
GO:0090567	reproductive shoot system development
GO:0090575	RNA polymerase II transcription regulator complex
GO:0090576	RNA polymerase III transcription regulator complex
GO:0090599	alpha-glucosidase activity
GO:0090610	bundle sheath cell fate specification
GO:0090611	GO:0090611
GO:0090615	mitochondrial mRNA processing
GO:0090626	plant epidermis morphogenesis
GO:0090627	plant epidermal cell differentiation
GO:0090628	plant epidermal cell fate specification
GO:0090630	activation of GTPase activity
GO:0090656	t-circle formation
GO:0090657	telomeric loop disassembly
GO:0090694	Scc2-Scc4 cohesin loading complex
GO:0090698	post-embryonic plant morphogenesis
GO:0090708	specification of plant organ axis polarity
GO:0090711	FMN hydrolase activity
GO:0090730	Las1 complex
GO:0090734	site of DNA damage
GO:0097027	ubiquitin-protein transferase activator activity
GO:0097035	regulation of membrane lipid distribution
GO:0097036	regulation of plasma membrane sterol distribution
GO:0097051	establishment of protein localization to endoplasmic reticulum membrane
GO:0097054	L-glutamate biosynthetic process
GO:0097157	pre-mRNA intronic binding
GO:0097177	mitochondrial ribosome binding
GO:0097196	Shu complex
GO:0097250	mitochondrial respirasome assembly
GO:0097255	R2TP complex
GO:0097264	self proteolysis
GO:0097272	ammonium homeostasis
GO:0097305	response to alcohol
GO:0097352	autophagosome maturation
GO:0097361	cytosolic [4Fe-4S] assembly targeting complex
GO:0097363	protein O-acetylglucosaminyltransferase activity
GO:0097367	carbohydrate derivative binding
GO:0097435	supramolecular fiber organization
GO:0097510	base-excision repair, AP site formation via deaminated base removal
GO:0097525	spliceosomal snRNP complex
GO:0097526	spliceosomal tri-snRNP complex
GO:0097543	ciliary inversin compartment
GO:0097550	transcription preinitiation complex
GO:0097551	mitochondrial double-strand break repair
GO:0097552	mitochondrial double-strand break repair via homologous recombination
GO:0097602	cullin family protein binding
GO:0097708	intracellular vesicle
GO:0098505	G-rich strand telomeric DNA binding
GO:0098531	ligand-modulated transcription factor activity
GO:0098542	defense response to other organism
GO:0098552	side of membrane
GO:0098553	lumenal side of endoplasmic reticulum membrane
GO:0098554	cytoplasmic side of endoplasmic reticulum membrane
GO:0098588	bounding membrane of organelle
GO:0098590	plasma membrane region
GO:0098609	cell-cell adhesion
GO:0098629	trans-Golgi network membrane organization
GO:0098655	monoatomic cation transmembrane transport
GO:0098656	monoatomic anion transmembrane transport
GO:0098657	import into cell
GO:0098687	chromosomal region
GO:0098711	iron ion import across plasma membrane
GO:0098719	sodium ion import across plasma membrane
GO:0098754	detoxification
GO:0098771	inorganic ion homeostasis
GO:0098772	molecular function regulator activity
GO:0098791	Golgi apparatus subcompartment
GO:0098796	membrane protein complex
GO:0098797	plasma membrane protein complex
GO:0098798	mitochondrial protein-containing complex
GO:0098800	inner mitochondrial membrane protein complex
GO:0098803	respiratory chain complex
GO:0098807	chloroplast thylakoid membrane protein complex
GO:0098808	mRNA cap binding
GO:0098813	nuclear chromosome segregation
GO:0098827	endoplasmic reticulum subcompartment
GO:0098838	folate transmembrane transport
GO:0098847	sequence-specific single stranded DNA binding
GO:0098849	cellular detoxification of cadmium ion
GO:0098869	cellular oxidant detoxification
GO:0098876	vesicle-mediated transport to the plasma membrane
GO:0099023	vesicle tethering complex
GO:0099078	BORC complex
GO:0099094	ligand-gated monoatomic cation channel activity
GO:0099402	plant organ development
GO:0099513	polymeric cytoskeletal fiber
GO:0099515	actin filament-based transport
GO:0099518	vesicle cytoskeletal trafficking
GO:0101005	deubiquitinase activity
GO:0101031	protein folding chaperone complex
GO:0102009	proline dipeptidase activity
GO:0102043	isopentenyl phosphate kinase activity
GO:0102067	geranylgeranyl diphosphate reductase activity
GO:0102097	22alpha-hydroxysteroid 23-monooxygenase activity
GO:0102158	very-long-chain (3R)-3-hydroxyacyl-CoA dehydratase activity
GO:0102193	protein-ribulosamine 3-kinase activity
GO:0102198	L-idonate 5-dehydrogenase (NAD+) activity
GO:0102210	rhamnogalacturonan endolyase activity
GO:0102244	3-aminopropanal dehydrogenase (NAD+) activity
GO:0102265	tRNA-dihydrouridine47 synthase activity
GO:0102303	resveratrol 3,5-O-dimethyltransferase activity
GO:0102312	4-coumaroyl 2'-hydroxylase activity
GO:0102373	beta-amyrin 28-monooxygenase activity
GO:0102521	tRNA-4-demethylwyosine synthase activity
GO:0102522	tRNA 4-demethylwyosine alpha-amino-alpha-carboxypropyltransferase activity
GO:0102654	palmitoyl-[glycerolipid] 3-(E)-desaturase activity
GO:0102682	cytokinin riboside 5'-monophosphate phosphoribohydrolase activity
GO:0102704	GDP-Man:Man(2)GlcNAc(2)-PP-Dol alpha-1,6-mannosyltransferase activity
GO:0102721	ubiquinol:oxygen oxidoreductase activity
GO:0102765	UDP-D-apiose synthase activity
GO:0102905	valencene synthase activity
GO:0102906	7-epi-alpha-selinene synthase activity
GO:0102930	4-hydroxybenzoate geranyltransferase activity
GO:0102965	alcohol-forming long-chain fatty acyl-CoA reductase activity
GO:0102970	7-deoxyloganetic acid glucosyltransferase activity
GO:0103012	ferredoxin-thioredoxin reductase activity
GO:0103068	GO:0103068
GO:0103075	indole-3-pyruvate monooxygenase activity
GO:0103117	UDP-3-O-acyl-N-acetylglucosamine deacetylase activity
GO:0103118	UDP-3-O-[(3R)-3-hydroxyacyl]-glucosamine N-acyltransferase activity
GO:0106004	tRNA (guanine-N7)-methylation
GO:0106026	Gly-tRNA(Ala) deacylase activity
GO:0106046	guanine deglycation, glyoxal removal
GO:0106050	GO:0106050
GO:0106073	dolichyl pyrophosphate Glc2Man9GlcNAc2 alpha-1,2-glucosyltransferase activity
GO:0106074	aminoacyl-tRNA metabolism involved in translational fidelity
GO:0106245	L-serine-phosphatidylethanolamine phosphatidyltransferase activity
GO:0106261	tRNA uridine(34) acetyltransferase activity
GO:0106286	(E)-caffeate-CoA ligase activity
GO:0106290	trans-cinnamate-CoA ligase activity
GO:0106292	superoxide-generating NADPH oxidase activity
GO:0106300	protein-DNA covalent cross-linking repair
GO:0106310	protein serine kinase activity
GO:0106312	methylenetetrahydrofolate reductase (NADH) activity
GO:0106321	S-(hydroxymethyl)glutathione dehydrogenase (NADP+) activity
GO:0106322	S-(hydroxymethyl)glutathione dehydrogenase (NAD+) activity
GO:0106335	tRNA (5-carboxymethyluridine(34)-5-O)-methyltransferase activity
GO:0106340	tRNA (guanosine(34)-2'-O-ribose)-methyltransferase activity
GO:0106346	snRNA methyltransferase activity
GO:0106354	tRNA surveillance
GO:0106359	2-hydroxyacyl-CoA lyase activity
GO:0106364	4-hydroxy-3-all-trans-polyprenylbenzoate oxygenase activity
GO:0106376	2-hydroxyphytanoyl-CoA lyase activity
GO:0106386	(3R)-3-hydroxyacyl-CoA dehydrogenase (NAD+) activity
GO:0106388	rRNA small subunit aminocarboxypropyltransferase activity
GO:0106413	RNA dihydrouridine synthase activity
GO:0106414	mRNA dihydrouridine synthase activity
GO:0106430	dihydroorotate dehydrogenase (quinone) activity
GO:0110051	metabolite repair
GO:0110095	cellular detoxification of aldehyde
GO:0110102	ribulose bisphosphate carboxylase complex assembly
GO:0110104	mRNA alternative polyadenylation
GO:0110155	NAD-cap decapping
GO:0110165	cellular anatomical structure
GO:0120009	intermembrane lipid transfer
GO:0120025	plasma membrane bounded cell projection
GO:0120029	proton export across plasma membrane
GO:0120091	jasmonic acid hydrolase activity
GO:0120115	Lsm2-8 complex
GO:0120194	regulation of anther dehiscence
GO:0120227	acyl-CoA binding
GO:0120230	recombinase activator activity
GO:0120231	DNA recombinase auxiliary factor complex
GO:0120251	hydrocarbon biosynthetic process
GO:0120330	rixosome complex
GO:0120510	mitochondrial [4Fe-4S] assembly complex
GO:0120518	protein N-terminal-methionine acetyltransferase activity
GO:0120529	secoisolariciresinol dehydrogenase activity
GO:0120531	prenyl diphosphate synthase activity
GO:0120537	3-demethylubiquinone 3-O-methyltransferase activity
GO:0120538	2-methoxy-6-polyprenolphenol 4-hydroxylase activity
GO:0120539	4-hydroxy-3-methoxy-5-polyprenylbenzoate decarboxylase activity
GO:0120544	polypeptide conformation or assembly isomerase activity
GO:0120545	nucleic acid conformation isomerase activity
GO:0120546	oxidoreductase activity, reducing C-O-C group as acceptor
GO:0120547	heme A synthase activity
GO:0120569	phospholipase activity
GO:0140002	histone H3K4me3 reader activity
GO:0140008	histone H4 reader activity
GO:0140021	mitochondrial ADP transmembrane transport
GO:0140030	modification-dependent protein binding
GO:0140042	lipid droplet formation
GO:0140053	mitochondrial gene expression
GO:0140078	class I DNA-(apurinic or apyrimidinic site) endonuclease activity
GO:0140096	catalytic activity, acting on a protein
GO:0140097	catalytic activity, acting on DNA
GO:0140098	catalytic activity, acting on RNA
GO:0140101	catalytic activity, acting on a tRNA
GO:0140104	molecular carrier activity
GO:0140110	transcription regulator activity
GO:0140115	export across plasma membrane
GO:0140142	nucleocytoplasmic carrier activity
GO:0140168	nuclear ribonucleoprotein granule
GO:0140223	general transcription initiation factor activity
GO:0140225	DNA topoisomerase III-beta-TDRD3 complex
GO:0140312	cargo adaptor activity
GO:0140313	molecular sequestering activity
GO:0140315	iron ion sequestering activity
GO:0140326	ATPase-coupled intramembrane lipid carrier activity
GO:0140327	flippase activity
GO:0140352	export from cell
GO:0140359	ABC-type transporter activity
GO:0140385	amino acid transaminase activity
GO:0140455	cytoplasm protein quality control
GO:0140457	protein demethylase activity
GO:0140463	chromatin-protein adaptor activity
GO:0140492	metal-dependent deubiquitinase activity
GO:0140496	gamma-tubulin complex binding
GO:0140513	nuclear protein-containing complex
GO:0140517	protein-RNA adaptor activity
GO:0140522	fusogenic activity
GO:0140534	endoplasmic reticulum protein-containing complex
GO:0140535	intracellular protein-containing complex
GO:0140546	defense response to symbiont
GO:0140547	acquisition of seed longevity
GO:0140566	histone reader activity
GO:0140571	transmembrane ascorbate ferrireductase activity
GO:0140575	transmembrane monodehydroascorbate reductase activity
GO:0140581	P-type monovalent copper transporter activity
GO:0140588	chromatin looping
GO:0140612	DNA damage sensor activity
GO:0140618	ferric-chelate reductase (NADH) activity
GO:0140640	catalytic activity, acting on a nucleic acid
GO:0140647	P450-containing electron transport chain
GO:0140657	ATP-dependent activity
GO:0140658	ATP-dependent chromatin remodeler activity
GO:0140662	ATP-dependent protein folding chaperone
GO:0140663	ATP-dependent FeS chaperone activity
GO:0140664	ATP-dependent DNA damage sensor activity
GO:0140670	cohesin unloader activity
GO:0140673	transcription elongation-coupled chromatin remodeling
GO:0140677	molecular function activator activity
GO:0140694	membraneless organelle assembly
GO:0140745	siRNA transcription
GO:0140750	nucleosome array spacer activity
GO:0140767	enzyme-substrate adaptor activity
GO:0140806	NAD+-protein-aspartate ADP-ribosyltransferase activity
GO:0140807	NAD+-protein-glutamate ADP-ribosyltransferase activity
GO:0140818	mRNA 5'-triphosphate monophosphatase activity
GO:0140824	thioredoxin-dependent peroxiredoxin activity
GO:0140825	lactoperoxidase activity
GO:0140827	zinc chaperone activity
GO:0140849	ATP-dependent H2AZ histone chaperone activity
GO:0140861	DNA repair-dependent chromatin remodeling
GO:0140899	plastid gene expression
GO:0140933	5'-(N(7)-methylguanosine 5'-triphospho)-[mRNA] hydrolase activity
GO:0140938	histone H3 methyltransferase activity
GO:0140951	histone H3K27 trimethyltransferase activity
GO:0140953	histone H3K27 monomethyltransferase activity
GO:0140964	intracellular auxin homeostasis
GO:0140993	histone modifying activity
GO:0140999	histone H3K4 trimethyltransferase activity
GO:0141040	very-long-chain 3-oxoacyl-CoA reductase activity
GO:0141046	Atg8-family conjugating enzyme activity
GO:0141052	histone H3 demethylase activity
GO:0141100	tRNA (guanine(18)-2'-O-ribose)-methyltransferase activity
GO:0141124	intracellular signaling cassette
GO:0141131	DNA N6-methyladenine demethylase activity
GO:0141133	diphthine methyl ester synthase activity
GO:0141148	enoyl-[acyl-carrier-protein] reductase (NADPH) activity
GO:0141152	glycerol-3-phosphate dehydrogenase (NAD+) activity
GO:0141166	chromosomal 5-methylcytosine DNA demethylation pathway
GO:0141188	nucleic acid catabolic process
GO:0141194	siRNA-mediated heterochromatin formation
GO:0141221	histone deacetylase activity, hydrolytic mechanism
GO:0160072	ubiquitin ligase complex scaffold activity
GO:0160073	Casparian strip assembly
GO:0160102	tRNA (guanine(10)-N2)-methyltransferase activity
GO:0160104	tRNA (guanine(26)-N2)-dimethyltransferase activity
GO:0160107	tRNA (adenine(58)-N1)-methyltransferase activity
GO:0160147	tRNA pseudouridine(38-40) synthase activity
GO:0160148	tRNA pseudouridine(55) synthase activity
GO:0160157	branched-chain alpha-ketoacid dehydrogenase complex
GO:0160205	cysteine-dependent adenosine diphosphate thiazole synthase activity
GO:0160246	NADPH-iron-sulfur [2Fe-2S] protein oxidoreductase activity
GO:0160307	protein biosynthetic process
GO:0170033	L-amino acid metabolic process
GO:0170034	L-amino acid biosynthetic process
GO:0170035	L-amino acid catabolic process
GO:0170038	proteinogenic amino acid biosynthetic process
GO:0170039	proteinogenic amino acid metabolic process
GO:0170040	proteinogenic amino acid catabolic process
GO:0180022	RQC-trigger complex
GO:0180046	GPI anchored protein biosynthesis
GO:0180047	dolichol phosphate mannose biosynthetic process
GO:0180051	translation factor activity
GO:1900027	regulation of ruffle assembly
GO:1900032	regulation of trichome patterning
GO:1900034	regulation of cellular response to heat
GO:1900036	positive regulation of cellular response to heat
GO:1900038	negative regulation of cellular response to hypoxia
GO:1900055	regulation of leaf senescence
GO:1900057	positive regulation of leaf senescence
GO:1900060	negative regulation of ceramide biosynthetic process
GO:1900069	regulation of cellular hyperosmotic salinity response
GO:1900140	regulation of seedling development
GO:1900150	regulation of defense response to fungus
GO:1900366	negative regulation of defense response to insect
GO:1900457	regulation of brassinosteroid mediated signaling pathway
GO:1900458	negative regulation of brassinosteroid mediated signaling pathway
GO:1900459	positive regulation of brassinosteroid mediated signaling pathway
GO:1900618	regulation of shoot system morphogenesis
GO:1900864	mitochondrial RNA modification
GO:1900865	chloroplast RNA modification
GO:1900871	chloroplast mRNA modification
GO:1901000	regulation of response to salt stress
GO:1901001	negative regulation of response to salt stress
GO:1901002	positive regulation of response to salt stress
GO:1901031	regulation of response to reactive oxygen species
GO:1901072	glucosamine-containing compound catabolic process
GO:1901096	regulation of autophagosome maturation
GO:1901135	carbohydrate derivative metabolic process
GO:1901136	carbohydrate derivative catabolic process
GO:1901137	carbohydrate derivative biosynthetic process
GO:1901141	regulation of lignin biosynthetic process
GO:1901149	salicylic acid binding
GO:1901255	nucleotide-excision repair involved in interstrand cross-link repair
GO:1901259	chloroplast rRNA processing
GO:1901265	nucleoside phosphate binding
GO:1901271	lipooligosaccharide biosynthetic process
GO:1901333	positive regulation of lateral root development
GO:1901363	heterocyclic compound binding
GO:1901371	regulation of leaf morphogenesis
GO:1901463	regulation of tetrapyrrole biosynthetic process
GO:1901567	fatty acid derivative binding
GO:1901601	strigolactone biosynthetic process
GO:1901642	nucleoside transmembrane transport
GO:1901659	glycosyl compound biosynthetic process
GO:1901671	positive regulation of superoxide dismutase activity
GO:1901696	cannabinoid biosynthetic process
GO:1901698	response to nitrogen compound
GO:1901700	response to oxygen-containing compound
GO:1901701	cellular response to oxygen-containing compound
GO:1901703	protein localization involved in auxin polar transport
GO:1901747	prephenate(2-) biosynthetic process
GO:1901799	negative regulation of proteasomal protein catabolic process
GO:1901811	beta-carotene catabolic process
GO:1901838	positive regulation of transcription of nucleolar large rRNA by RNA polymerase I
GO:1901860	positive regulation of mitochondrial DNA metabolic process
GO:1901957	regulation of cutin biosynthetic process
GO:1901981	phosphatidylinositol phosphate binding
GO:1901987	regulation of cell cycle phase transition
GO:1902000	homogentisate catabolic process
GO:1902025	nitrate import
GO:1902065	response to L-glutamate
GO:1902066	regulation of cell wall pectin metabolic process
GO:1902074	response to salt
GO:1902117	positive regulation of organelle assembly
GO:1902125	(+)-pinoresinol catabolic process
GO:1902138	(-)-secoisolariciresinol biosynthetic process
GO:1902183	regulation of shoot apical meristem development
GO:1902275	regulation of chromatin organization
GO:1902290	positive regulation of defense response to oomycetes
GO:1902347	response to strigolactone
GO:1902358	sulfate transmembrane transport
GO:1902369	negative regulation of RNA catabolic process
GO:1902373	negative regulation of mRNA catabolic process
GO:1902387	ceramide 1-phosphate binding
GO:1902388	ceramide 1-phosphate transfer activity
GO:1902417	(+)-abscisic acid D-glucopyranosyl ester transmembrane transporter activity
GO:1902418	(+)-abscisic acid D-glucopyranosyl ester transmembrane transport
GO:1902440	protein localization to mitotic spindle pole body
GO:1902456	regulation of stomatal opening
GO:1902457	negative regulation of stomatal opening
GO:1902476	chloride transmembrane transport
GO:1902494	catalytic complex
GO:1902495	transmembrane transporter complex
GO:1902531	regulation of intracellular signal transduction
GO:1902554	serine/threonine protein kinase complex
GO:1902584	positive regulation of response to water deprivation
GO:1902600	proton transmembrane transport
GO:1902626	assembly of large subunit precursor of preribosome
GO:1902652	secondary alcohol metabolic process
GO:1902659	regulation of glucose mediated signaling pathway
GO:1902679	negative regulation of RNA biosynthetic process
GO:1902680	positive regulation of RNA biosynthetic process
GO:1902767	isoprenoid biosynthetic process via mevalonate
GO:1902775	mitochondrial large ribosomal subunit assembly
GO:1902806	regulation of cell cycle G1/S phase transition
GO:1902903	regulation of supramolecular fiber organization
GO:1902969	mitotic DNA replication
GO:1902975	mitotic DNA replication initiation
GO:1902977	mitotic DNA replication preinitiation complex assembly
GO:1902979	mitotic DNA replication termination
GO:1902983	DNA strand elongation involved in mitotic DNA replication
GO:1903093	regulation of protein K48-linked deubiquitination
GO:1903094	negative regulation of protein K48-linked deubiquitination
GO:1903259	exon-exon junction complex disassembly
GO:1903292	protein localization to Golgi membrane
GO:1903297	regulation of hypoxia-induced intrinsic apoptotic signaling pathway
GO:1903298	negative regulation of hypoxia-induced intrinsic apoptotic signaling pathway
GO:1903321	negative regulation of protein modification by small protein conjugation or removal
GO:1903338	regulation of cell wall organization or biogenesis
GO:1903424	fluoride transmembrane transport
GO:1903425	fluoride transmembrane transporter activity
GO:1903427	negative regulation of reactive oxygen species biosynthetic process
GO:1903457	lactate catabolic process
GO:1903600	glutaminase complex
GO:1903607	cytochrome c biosynthetic process
GO:1903775	regulation of DNA double-strand break processing
GO:1903865	sigma factor antagonist complex
GO:1904047	S-adenosyl-L-methionine binding
GO:1904108	protein localization to ciliary inversin compartment
GO:1904161	DNA synthesis involved in UV-damage excision repair
GO:1904215	regulation of protein import into chloroplast stroma
GO:1904262	negative regulation of TORC1 signaling
GO:1904263	positive regulation of TORC1 signaling
GO:1904292	regulation of ERAD pathway
GO:1904293	negative regulation of ERAD pathway
GO:1904294	positive regulation of ERAD pathway
GO:1904353	regulation of telomere capping
GO:1904380	endoplasmic reticulum mannose trimming
GO:1904382	mannose trimming involved in glycoprotein ERAD pathway
GO:1904423	dehydrodolichyl diphosphate synthase complex
GO:1904430	negative regulation of t-circle formation
GO:1904511	cytoplasmic microtubule plus-end
GO:1904585	response to putrescine
GO:1904659	D-glucose transmembrane transport
GO:1904666	regulation of ubiquitin protein ligase activity
GO:1904667	negative regulation of ubiquitin protein ligase activity
GO:1904668	positive regulation of ubiquitin protein ligase activity
GO:1904812	rRNA acetylation involved in maturation of SSU-rRNA
GO:1904825	protein localization to microtubule plus-end
GO:1904947	folate import into mitochondrion
GO:1905011	transmembrane phosphate ion transport from cytosol to vacuole
GO:1905037	autophagosome organization
GO:1905202	methylcrotonoyl-CoA carboxylase complex
GO:1905360	GTPase complex
GO:1905368	peptidase complex
GO:1905369	endopeptidase complex
GO:1905393	plant organ formation
GO:1905421	regulation of plant organ morphogenesis
GO:1905428	regulation of plant organ formation
GO:1905614	negative regulation of developmental vegetative growth
GO:1905615	positive regulation of developmental vegetative growth
GO:1905761	SCF ubiquitin ligase complex binding
GO:1905784	regulation of anaphase-promoting complex-dependent catabolic process
GO:1905786	positive regulation of anaphase-promoting complex-dependent catabolic process
GO:1990050	phosphatidic acid transfer activity
GO:1990052	ER to chloroplast lipid transport
GO:1990066	energy quenching
GO:1990070	TRAPPI protein complex
GO:1990071	TRAPPII protein complex
GO:1990072	TRAPPIII protein complex
GO:1990074	polyuridylation-dependent mRNA catabolic process
GO:1990110	callus formation
GO:1990112	RQC complex
GO:1990113	RNA polymerase I assembly
GO:1990114	RNA polymerase II core complex assembly
GO:1990115	RNA polymerase III assembly
GO:1990116	ribosome-associated ubiquitin-dependent protein catabolic process
GO:1990133	molybdopterin adenylyltransferase complex
GO:1990136	linoleate 9S-lipoxygenase activity
GO:1990140	molybdopterin synthase complex
GO:1990145	maintenance of translational fidelity
GO:1990165	single-strand break-containing DNA binding
GO:1990180	mitochondrial tRNA 3'-end processing
GO:1990188	euchromatin binding
GO:1990189	protein N-terminal-serine acetyltransferase activity
GO:1990190	protein-N-terminal-glutamate acetyltransferase activity
GO:1990204	oxidoreductase complex
GO:1990229	iron-sulfur cluster assembly complex
GO:1990234	transferase complex
GO:1990246	uniplex complex
GO:1990247	N6-methyladenosine-containing RNA reader activity
GO:1990259	histone H2AQ104 methyltransferase activity
GO:1990269	RNA polymerase II C-terminal domain phosphoserine binding
GO:1990275	preribosome binding
GO:1990298	bub1-bub3 complex
GO:1990316	Atg1/ULK1 kinase complex
GO:1990380	K48-linked deubiquitinase activity
GO:1990381	ubiquitin-specific protease binding
GO:1990391	DNA repair complex
GO:1990404	NAD+-protein mono-ADP-ribosyltransferase activity
GO:1990414	replication-born double-strand break repair via sister chromatid exchange
GO:1990423	RZZ complex
GO:1990426	mitotic recombination-dependent replication fork processing
GO:1990428	miRNA transport
GO:1990429	peroxisomal importomer complex
GO:1990446	U1 snRNP binding
GO:1990481	mRNA pseudouridine synthesis
GO:1990498	mitotic spindle microtubule
GO:1990518	single-stranded 3'-5' DNA helicase activity
GO:1990529	glycosylphosphatidylinositol-mannosyltransferase I complex
GO:1990532	stress response to nickel ion
GO:1990542	mitochondrial transmembrane transport
GO:1990544	mitochondrial ATP transmembrane transport
GO:1990547	mitochondrial phosphate ion transmembrane transport
GO:1990559	mitochondrial coenzyme A transmembrane transport
GO:1990569	UDP-N-acetylglucosamine transmembrane transport
GO:1990570	GDP-mannose transmembrane transport
GO:1990575	mitochondrial L-ornithine transmembrane transport
GO:1990585	hydroxyproline O-arabinosyltransferase activity
GO:1990592	protein K69-linked ufmylation
GO:1990604	IRE1-TRAF2-ASK1 complex
GO:1990610	acetolactate synthase regulator activity
GO:1990641	response to iron ion starvation
GO:1990714	hydroxyproline O-galactosyltransferase activity
GO:1990726	Lsm1-7-Pat1 complex
GO:1990745	EARP complex
GO:1990756	ubiquitin-like ligase-substrate adaptor activity
GO:1990757	ubiquitin ligase activator activity
GO:1990778	protein localization to cell periphery
GO:1990810	microtubule anchoring at mitotic spindle pole body
GO:1990811	MWP complex
GO:1990817	poly(A) RNA polymerase activity
GO:1990825	sequence-specific mRNA binding
GO:1990837	sequence-specific double-stranded DNA binding
GO:1990838	poly(U)-specific exoribonuclease activity, producing 3' uridine cyclic phosphate ends
GO:1990841	promoter-specific chromatin binding
GO:1990879	CST complex
GO:1990883	18S rRNA cytidine N-acetyltransferase activity
GO:1990889	histone H4K20me3 reader activity
GO:1990904	ribonucleoprotein complex
GO:1990918	double-strand break repair involved in meiotic recombination
GO:1990961	xenobiotic detoxification by transmembrane export across the plasma membrane
GO:1990966	ATP generation from poly-ADP-D-ribose
GO:2000001	regulation of DNA damage checkpoint
GO:2000008	regulation of protein localization to cell surface
GO:2000011	regulation of adaxial/abaxial pattern formation
GO:2000012	regulation of auxin polar transport
GO:2000014	regulation of endosperm development
GO:2000022	regulation of jasmonic acid mediated signaling pathway
GO:2000024	regulation of leaf development
GO:2000026	regulation of multicellular organismal development
GO:2000028	regulation of photoperiodism, flowering
GO:2000031	regulation of salicylic acid mediated signaling pathway
GO:2000032	regulation of secondary shoot formation
GO:2000033	regulation of seed dormancy process
GO:2000037	regulation of stomatal complex patterning
GO:2000038	regulation of stomatal complex development
GO:2000042	negative regulation of double-strand break repair via homologous recombination
GO:2000058	regulation of ubiquitin-dependent protein catabolic process
GO:2000059	negative regulation of ubiquitin-dependent protein catabolic process
GO:2000060	positive regulation of ubiquitin-dependent protein catabolic process
GO:2000067	regulation of root morphogenesis
GO:2000070	regulation of response to water deprivation
GO:2000104	negative regulation of DNA-templated DNA replication
GO:2000105	positive regulation of DNA-templated DNA replication
GO:2000123	positive regulation of stomatal complex development
GO:2000134	negative regulation of G1/S transition of mitotic cell cycle
GO:2000243	positive regulation of reproductive process
GO:2000280	regulation of root development
GO:2000300	regulation of synaptic vesicle exocytosis
GO:2000377	regulation of reactive oxygen species metabolic process
GO:2000379	positive regulation of reactive oxygen species metabolic process
GO:2000601	positive regulation of Arp2/3 complex-mediated actin nucleation
GO:2000630	positive regulation of miRNA metabolic process
GO:2000636	positive regulation of primary miRNA processing
GO:2000640	positive regulation of SREBP signaling pathway
GO:2000641	regulation of early endosome to late endosome transport
GO:2000652	regulation of secondary cell wall biogenesis
GO:2000694	regulation of phragmoplast microtubule organization
GO:2000762	regulation of phenylpropanoid metabolic process
GO:2000767	positive regulation of cytoplasmic translation
GO:2000779	regulation of double-strand break repair
GO:2000780	negative regulation of double-strand break repair
GO:2000785	regulation of autophagosome assembly
GO:2000904	regulation of starch metabolic process
GO:2001006	regulation of cellulose biosynthetic process
GO:2001057	reactive nitrogen species metabolic process
GO:2001070	starch binding
GO:2001125	negative regulation of translational frameshifting
GO:2001141	regulation of RNA biosynthetic process
GO:2001233	regulation of apoptotic signaling pathway
GO:2001235	positive regulation of apoptotic signaling pathway
GO:2001243	negative regulation of intrinsic apoptotic signaling pathway
GO:2001289	lipid X metabolic process
GO:2001293	malonyl-CoA metabolic process
GO:2001294	malonyl-CoA catabolic process
GO:2001295	malonyl-CoA biosynthetic process
