go_id	seq_id
GO:0008643	WP_250121156.1
GO:0015288	WP_250121156.1
GO:0016020	WP_250121156.1
GO:0005886	WP_250121158.1
GO:0055085	WP_250121158.1
GO:0000160	WP_250121162.1
GO:0016491	WP_250121162.1
GO:0000155	WP_250121163.1
GO:0000160	WP_250121163.1
GO:0005524	WP_250121163.1
GO:0003743	WP_250121165.1
GO:0005829	WP_250121165.1
GO:0005975	WP_250121165.1
GO:0016779	WP_250121165.1
GO:0016868	WP_250121165.1
GO:0031470	WP_250121165.1
GO:0043886	WP_250121165.1
GO:0006750	WP_250121169.1
GO:0006751	WP_250121169.1
GO:0036374	WP_250121169.1
GO:0103068	WP_250121169.1
GO:0003994	WP_250121173.1
GO:0005829	WP_250121173.1
GO:0006099	WP_250121173.1
GO:0046872	WP_250121173.1
GO:0051539	WP_250121173.1
GO:0005886	WP_250121184.1
GO:0006813	WP_250121184.1
GO:0015297	WP_250121184.1
GO:1902600	WP_250121184.1
GO:0006810	WP_250121188.1
GO:0009987	WP_250121188.1
GO:0005524	WP_250121196.1
GO:0031676	WP_250121196.1
GO:0045259	WP_250121196.1
GO:0046933	WP_250121196.1
GO:0006813	WP_250121199.1
GO:0034220	WP_250121199.1
GO:0000731	WP_250121218.1
GO:0003677	WP_250121218.1
GO:0005524	WP_250121218.1
GO:0006261	WP_250121218.1
GO:0008047	WP_250121218.1
GO:0016887	WP_250121218.1
GO:0017116	WP_250121218.1
GO:0003677	WP_250121221.1
GO:0004386	WP_250121221.1
GO:0005524	WP_250121221.1
GO:0005829	WP_250121221.1
GO:0016787	WP_250121221.1
GO:0000731	WP_250121223.1
GO:0005524	WP_250121223.1
GO:0006302	WP_250121223.1
GO:0016887	WP_250121223.1
GO:0000287	WP_250121227.1
GO:0005524	WP_250121227.1
GO:0005737	WP_250121227.1
GO:0008360	WP_250121227.1
GO:0008765	WP_250121227.1
GO:0009252	WP_250121227.1
GO:0051301	WP_250121227.1
GO:0071555	WP_250121227.1
GO:0004519	WP_250121231.1
GO:0006260	WP_250121231.1
GO:0006310	WP_250121231.1
GO:0008408	WP_250121231.1
GO:0000287	WP_250121233.1
GO:0005829	WP_250121233.1
GO:0006099	WP_250121233.1
GO:0006107	WP_250121233.1
GO:0008964	WP_250121233.1
GO:0015977	WP_250121233.1
GO:0004470	WP_250121238.1
GO:0016616	WP_250121238.1
GO:0046872	WP_250121238.1
GO:0051287	WP_250121238.1
GO:0003955	WP_250121242.1
GO:0016668	WP_250121242.1
GO:0050660	WP_250121242.1
GO:0006810	WP_250121259.1
GO:0022829	WP_250121259.1
GO:0110165	WP_250121259.1
GO:0000160	WP_250121266.1
GO:0004673	WP_250121266.1
GO:0005524	WP_250121267.1
GO:0005886	WP_250121267.1
GO:0006355	WP_250121267.1
GO:0046872	WP_250121267.1
GO:0051536	WP_250121267.1
GO:0016740	WP_250121273.1
GO:0016787	WP_250121274.1
GO:0004817	WP_250121278.1
GO:0005524	WP_250121278.1
GO:0005829	WP_250121278.1
GO:0006423	WP_250121278.1
GO:0008270	WP_250121278.1
GO:0004355	WP_250121282.1
GO:0006537	WP_250121282.1
GO:0016041	WP_250121282.1
GO:0019676	WP_250121282.1
GO:0046872	WP_250121282.1
GO:0051538	WP_250121282.1
GO:0016787	WP_250121283.1
GO:0003746	WP_250121288.1
GO:0003924	WP_250121288.1
GO:0005525	WP_250121288.1
GO:0005737	WP_250121288.1
GO:0032790	WP_250121288.1
GO:0003723	WP_250121295.1
GO:0004540	WP_250121295.1
GO:0005737	WP_250121295.1
GO:0006364	WP_250121295.1
GO:0016787	WP_250121295.1
GO:0046872	WP_250121295.1
GO:0003824	WP_250121296.1
GO:0051536	WP_250121296.1
GO:0016151	WP_250121309.1
GO:0016829	WP_250121309.1
GO:0003676	WP_250121314.1
GO:0006281	WP_250121314.1
GO:0006310	WP_250121314.1
GO:0008409	WP_250121314.1
GO:0004756	WP_250121320.1
GO:0005524	WP_250121320.1
GO:0005737	WP_250121320.1
GO:0016260	WP_250121320.1
GO:0016491	WP_250121320.1
GO:0004674	WP_250121326.1
GO:0005524	WP_250121326.1
GO:0005886	WP_250121336.1
GO:0022857	WP_250121336.1
GO:0003677	WP_250121351.1
GO:0004519	WP_250121351.1
GO:0006310	WP_250121351.1
GO:0032196	WP_250121351.1
GO:0008137	WP_250121361.1
GO:0012505	WP_250121361.1
GO:0015990	WP_250121361.1
GO:0016020	WP_250121361.1
GO:0042773	WP_250121361.1
GO:0008137	WP_250121362.1
GO:0012505	WP_250121362.1
GO:0015990	WP_250121362.1
GO:0016020	WP_250121362.1
GO:0042773	WP_250121362.1
GO:0048039	WP_250121362.1
GO:0003857	WP_250121367.1
GO:0006635	WP_250121367.1
GO:0070403	WP_250121367.1
GO:0004467	WP_250121368.1
GO:0005524	WP_250121368.1
GO:0016020	WP_250121368.1
GO:0004672	WP_250121381.1
GO:0032559	WP_250121381.1
GO:0035639	WP_250121381.1
GO:0016787	WP_250121416.1
GO:0005886	WP_250121427.1
GO:0006633	WP_250121427.1
GO:0016874	WP_250121427.1
GO:0070566	WP_250121427.1
GO:0071766	WP_250121427.1
GO:0005886	WP_250121428.1
GO:0006633	WP_250121428.1
GO:0016874	WP_250121428.1
GO:0070566	WP_250121428.1
GO:0071766	WP_250121428.1
GO:0008483	WP_250121429.1
GO:0030170	WP_250121429.1
GO:0031177	WP_250121429.1
GO:0004185	WP_250121440.1
GO:0019538	WP_250121440.1
GO:0030203	WP_250121440.1
GO:0005524	WP_250121443.1
GO:0015979	WP_250121443.1
GO:0015995	WP_250121443.1
GO:0016851	WP_250121443.1
GO:0005543	WP_250121444.1
GO:0008915	WP_250121444.1
GO:0009245	WP_250121444.1
GO:0016020	WP_250121444.1
GO:0016020	WP_250121450.1
GO:0071944	WP_250121450.1
GO:0005737	WP_250121456.1
GO:0008360	WP_250121456.1
GO:0043743	WP_250121456.1
GO:0007165	WP_250121460.1
GO:0016020	WP_250121460.1
GO:0003941	WP_250121480.1
GO:0004794	WP_250121480.1
GO:0006565	WP_250121480.1
GO:0006567	WP_250121480.1
GO:0009097	WP_250121480.1
GO:0030170	WP_250121480.1
GO:0005829	WP_250121481.1
GO:0016491	WP_250121481.1
GO:0004575	WP_250121483.1
GO:0005987	WP_250121483.1
GO:0033926	WP_250121483.1
GO:0003676	WP_250121496.1
GO:0004386	WP_250121496.1
GO:0005524	WP_250121496.1
GO:0006139	WP_250121496.1
GO:0016818	WP_250121496.1
GO:0000049	WP_250121498.1
GO:0000287	WP_250121498.1
GO:0004824	WP_250121498.1
GO:0005524	WP_250121498.1
GO:0005829	WP_250121498.1
GO:0006430	WP_250121498.1
GO:0000155	WP_250121502.1
GO:0005524	WP_250121507.1
GO:0005886	WP_250121507.1
GO:0016887	WP_250121507.1
GO:0034040	WP_250121507.1
GO:0140359	WP_250121507.1
GO:0008643	WP_250121509.1
GO:0015288	WP_250121509.1
GO:0016020	WP_250121509.1
GO:0000155	WP_250121510.1
GO:0005886	WP_250121510.1
GO:0005886	WP_250121516.1
GO:0009103	WP_250121516.1
GO:0016763	WP_250121516.1
GO:0003674	WP_250121520.1
GO:0005886	WP_250121528.1
GO:0008381	WP_250121528.1
GO:0005524	WP_250121532.1
GO:0005886	WP_250121532.1
GO:0015421	WP_250121532.1
GO:0016887	WP_250121532.1
GO:0000155	WP_250121534.1
GO:0000156	WP_250121534.1
GO:0005524	WP_250121534.1
GO:0006355	WP_250121534.1
GO:0007234	WP_250121534.1
GO:0016020	WP_250121534.1
GO:0030295	WP_250121534.1
GO:0003677	WP_250121539.1
GO:0005524	WP_250121539.1
GO:0005829	WP_250121539.1
GO:0006269	WP_250121539.1
GO:0016887	WP_250121539.1
GO:0042802	WP_250121539.1
GO:0043139	WP_250121539.1
GO:1990077	WP_250121539.1
GO:0005886	WP_250121545.1
GO:0006508	WP_250121545.1
GO:0008360	WP_250121545.1
GO:0008658	WP_250121545.1
GO:0009002	WP_250121545.1
GO:0009252	WP_250121545.1
GO:0016757	WP_250121545.1
GO:0071555	WP_250121545.1
GO:0071972	WP_250121545.1
GO:0000155	WP_250121560.1
GO:0003972	WP_250121570.1
GO:0005525	WP_250121570.1
GO:0006396	WP_250121570.1
GO:0042245	WP_250121570.1
GO:0046872	WP_250121570.1
GO:0170057	WP_250121570.1
GO:0016810	WP_250121577.1
GO:0008239	WP_250121580.1
GO:0032559	WP_250121592.1
GO:0043168	WP_250121592.1
GO:0016747	WP_250121610.1
GO:0005524	WP_250121614.1
GO:0005886	WP_250121614.1
GO:0015833	WP_250121614.1
GO:0016887	WP_250121614.1
GO:0034040	WP_250121614.1
GO:0140359	WP_250121614.1
GO:1904680	WP_250121614.1
GO:0003676	WP_250121621.1
GO:0140097	WP_250121621.1
GO:0016491	WP_250121652.1
GO:0043546	WP_250121652.1
GO:0046872	WP_250121652.1
GO:0051536	WP_250121652.1
GO:0016798	WP_250121653.1
GO:0042834	WP_250121653.1
GO:0003677	WP_250121656.1
GO:0005524	WP_250121656.1
GO:0006310	WP_250121656.1
GO:0009338	WP_250121656.1
GO:0016787	WP_250121656.1
GO:0017116	WP_250121656.1
GO:0043139	WP_250121656.1
GO:0003924	WP_250121669.1
GO:0005525	WP_250121669.1
GO:0005737	WP_250121669.1
GO:0043022	WP_250121669.1
GO:0046872	WP_250121669.1
GO:0008194	WP_250121671.1
GO:0016758	WP_250121671.1
GO:0017000	WP_250121671.1
GO:0005975	WP_250121674.1
GO:0016832	WP_250121674.1
GO:0003677	WP_250121679.1
GO:0003911	WP_250121679.1
GO:0005829	WP_250121679.1
GO:0006260	WP_250121679.1
GO:0006281	WP_250121679.1
GO:0046872	WP_250121679.1
GO:0003677	WP_250121681.1
GO:0005524	WP_250121681.1
GO:0005694	WP_250121681.1
GO:0005737	WP_250121681.1
GO:0006261	WP_250121681.1
GO:0006265	WP_250121681.1
GO:0009330	WP_250121681.1
GO:0034335	WP_250121681.1
GO:0005886	WP_250121682.1
GO:0016410	WP_250121682.1
GO:0042158	WP_250121682.1
GO:0002098	WP_250121688.1
GO:0005829	WP_250121688.1
GO:0030488	WP_250121688.1
GO:0047151	WP_250121688.1
GO:0050660	WP_250121688.1
GO:0006508	WP_250121689.1
GO:0008233	WP_250121689.1
GO:0016020	WP_250121689.1
GO:0005524	WP_250121693.1
GO:0016887	WP_250121693.1
GO:0110165	WP_250121702.1
GO:0005524	WP_250121710.1
GO:0006799	WP_250121710.1
GO:0008976	WP_250121710.1
GO:0009358	WP_250121710.1
GO:0046872	WP_250121710.1
GO:0004130	WP_250121712.1
GO:0009055	WP_250121712.1
GO:0020037	WP_250121712.1
GO:0046872	WP_250121712.1
GO:0005506	WP_250121717.1
GO:0016712	WP_250121717.1
GO:0020037	WP_250121717.1
GO:0004497	WP_250121718.1
GO:0005506	WP_250121718.1
GO:0016705	WP_250121718.1
GO:0020037	WP_250121718.1
GO:0005886	WP_250121720.1
GO:0009055	WP_250121720.1
GO:0016682	WP_250121720.1
GO:0019646	WP_250121720.1
GO:0020037	WP_250121720.1
GO:0046872	WP_250121720.1
GO:0070069	WP_250121720.1
GO:0000103	WP_250121727.1
GO:0009337	WP_250121727.1
GO:0016002	WP_250121727.1
GO:0020037	WP_250121727.1
GO:0046872	WP_250121727.1
GO:0050311	WP_250121727.1
GO:0051539	WP_250121727.1
GO:0003674	WP_250121734.1
GO:0003937	WP_250121739.1
GO:0004643	WP_250121739.1
GO:0005829	WP_250121739.1
GO:0006189	WP_250121739.1
GO:0002098	WP_250121743.1
GO:0005525	WP_250121743.1
GO:0005829	WP_250121743.1
GO:0016020	WP_250121743.1
GO:0030488	WP_250121743.1
GO:0004553	WP_250121748.1
GO:0005975	WP_250121748.1
GO:0005829	WP_250121751.1
GO:0016491	WP_250121751.1
GO:0005886	WP_250121760.1
GO:0055085	WP_250121760.1
GO:0003824	WP_250121765.1
GO:0004673	WP_250121769.1
GO:0140299	WP_250121769.1
GO:0006508	WP_250121779.1
GO:0008237	WP_250121779.1
GO:0005524	WP_250121788.1
GO:0005737	WP_250121788.1
GO:0016887	WP_250121788.1
GO:0034605	WP_250121788.1
GO:0042026	WP_250121788.1
GO:0005524	WP_250121793.1
GO:0016636	WP_250121793.1
GO:0016730	WP_250121793.1
GO:0019685	WP_250121793.1
GO:0036068	WP_250121793.1
GO:0046872	WP_250121793.1
GO:0051539	WP_250121793.1
GO:0004601	WP_250121803.1
GO:0004666	WP_250121803.1
GO:0005737	WP_250121803.1
GO:0006631	WP_250121803.1
GO:0006979	WP_250121803.1
GO:0016702	WP_250121803.1
GO:0020037	WP_250121803.1
GO:0046872	WP_250121803.1
GO:0016614	WP_250121806.1
GO:0050660	WP_250121806.1
GO:0005737	WP_250121810.1
GO:0006629	WP_250121810.1
GO:0009404	WP_250121810.1
GO:0019184	WP_250121810.1
GO:0019842	WP_250121810.1
GO:0043038	WP_250121810.1
GO:0043168	WP_250121810.1
GO:0044550	WP_250121810.1
GO:0072341	WP_250121810.1
GO:1901681	WP_250121810.1
GO:0005829	WP_250121811.1
GO:0008610	WP_250121811.1
GO:0016881	WP_250121811.1
GO:0019540	WP_250121811.1
GO:0031177	WP_250121811.1
GO:0033068	WP_250121811.1
GO:0043041	WP_250121811.1
GO:0072330	WP_250121811.1
GO:0140535	WP_250121811.1
GO:1902494	WP_250121811.1
GO:0003743	WP_250121820.1
GO:0003924	WP_250121820.1
GO:0005525	WP_250121820.1
GO:0005829	WP_250121820.1
GO:0015833	WP_250121826.1
GO:0030313	WP_250121826.1
GO:0042597	WP_250121826.1
GO:0043190	WP_250121826.1
GO:1904680	WP_250121826.1
GO:0005886	WP_250121838.1
GO:0016020	WP_250121841.1
GO:0055085	WP_250121841.1
GO:0005524	WP_250121843.1
GO:0005886	WP_250121843.1
GO:0006811	WP_250121843.1
GO:0015112	WP_250121843.1
GO:0016887	WP_250121843.1
GO:0005886	WP_250121845.1
GO:0006811	WP_250121845.1
GO:0009055	WP_250121846.1
GO:0010181	WP_250121846.1
GO:0016646	WP_250121846.1
GO:0010181	WP_250121847.1
GO:0016646	WP_250121847.1
GO:0046872	WP_250121847.1
GO:0005524	WP_250121849.1
GO:0005886	WP_250121849.1
GO:0008654	WP_250121849.1
GO:0016301	WP_250121849.1
GO:0043772	WP_250121849.1
GO:0000287	WP_250121855.1
GO:0009234	WP_250121855.1
GO:0030145	WP_250121855.1
GO:0030976	WP_250121855.1
GO:0042372	WP_250121855.1
GO:0070204	WP_250121855.1
GO:0005524	WP_250121860.1
GO:0005886	WP_250121860.1
GO:0015421	WP_250121860.1
GO:0016887	WP_250121860.1
GO:0034040	WP_250121860.1
GO:0000932	WP_250121861.1
GO:0003723	WP_250121861.1
GO:0006402	WP_250121861.1
GO:0008859	WP_250121861.1
GO:0000049	WP_250121868.1
GO:0000287	WP_250121868.1
GO:0004826	WP_250121868.1
GO:0005524	WP_250121868.1
GO:0006432	WP_250121868.1
GO:0009328	WP_250121868.1
GO:0004134	WP_250121873.1
GO:0005975	WP_250121873.1
GO:0005391	WP_250121879.1
GO:0005524	WP_250121879.1
GO:0005886	WP_250121879.1
GO:0006883	WP_250121879.1
GO:0016887	WP_250121879.1
GO:0030007	WP_250121879.1
GO:0036376	WP_250121879.1
GO:1902600	WP_250121879.1
GO:1990573	WP_250121879.1
GO:0098772	WP_250121883.1
GO:0098772	WP_250121885.1
GO:0003674	WP_250121886.1
GO:0009236	WP_250121902.1
GO:0015420	WP_250121902.1
GO:0016874	WP_250121902.1
GO:0004356	WP_250121916.1
GO:0005524	WP_250121916.1
GO:0005737	WP_250121916.1
GO:0006542	WP_250121916.1
GO:0016020	WP_250121916.1
GO:0019740	WP_250121916.1
GO:0046872	WP_250121916.1
GO:0016020	WP_250121922.1
GO:0000287	WP_250121947.1
GO:0004160	WP_250121947.1
GO:0009097	WP_250121947.1
GO:0009099	WP_250121947.1
GO:0051537	WP_250121947.1
GO:0004175	WP_250121954.1
GO:0005622	WP_250121954.1
GO:0008234	WP_250121954.1
GO:0019538	WP_250121954.1
GO:0003684	WP_250121965.1
GO:0005524	WP_250121965.1
GO:0005829	WP_250121965.1
GO:0006298	WP_250121965.1
GO:0030983	WP_250121965.1
GO:0140664	WP_250121965.1
GO:0004814	WP_250121991.1
GO:0004820	WP_250121991.1
GO:0005524	WP_250121991.1
GO:0005829	WP_250121991.1
GO:0006420	WP_250121991.1
GO:0006426	WP_250121991.1
GO:0005524	WP_250122003.1
GO:0006457	WP_250122003.1
GO:0016887	WP_250122003.1
GO:0051082	WP_250122003.1
GO:0005524	WP_250122005.1
GO:0005886	WP_250122005.1
GO:0016887	WP_250122005.1
GO:0004015	WP_250122010.1
GO:0004141	WP_250122010.1
GO:0005737	WP_250122010.1
GO:0009102	WP_250122010.1
GO:0030170	WP_250122010.1
GO:0008320	WP_250122018.1
GO:0009279	WP_250122018.1
GO:0046819	WP_250122018.1
GO:0098046	WP_250122018.1
GO:0003723	WP_250122028.1
GO:0005737	WP_250122028.1
GO:0006355	WP_250122028.1
GO:0008649	WP_250122028.1
GO:0006508	WP_250122033.1
GO:0008360	WP_250122033.1
GO:0008658	WP_250122033.1
GO:0008955	WP_250122033.1
GO:0009002	WP_250122033.1
GO:0009252	WP_250122033.1
GO:0016020	WP_250122033.1
GO:0030288	WP_250122033.1
GO:0071555	WP_250122033.1
GO:0003677	WP_250122036.1
GO:0003904	WP_250122036.1
GO:0006139	WP_250122036.1
GO:0006950	WP_250122036.1
GO:0009416	WP_250122036.1
GO:0071949	WP_250122036.1
GO:0004029	WP_250122037.1
GO:0016772	WP_250122038.1
GO:0032559	WP_250122041.1
GO:0043168	WP_250122041.1
GO:0004715	WP_250122043.1
GO:0005524	WP_250122043.1
GO:0005886	WP_250122043.1
GO:0042802	WP_250122043.1
GO:0000272	WP_250122046.1
GO:0005976	WP_250122051.1
GO:0009057	WP_250122051.1
GO:0015925	WP_250122051.1
GO:0016052	WP_250122051.1
GO:0004038	WP_250122055.1
GO:0005737	WP_250122055.1
GO:0006145	WP_250122055.1
GO:0046872	WP_250122055.1
GO:0016791	WP_250122059.1
GO:0004175	WP_250122060.1
GO:0006508	WP_250122060.1
GO:0008237	WP_250122060.1
GO:0080120	WP_250122060.1
GO:0005507	WP_250122062.1
GO:0005524	WP_250122062.1
GO:0005886	WP_250122062.1
GO:0016887	WP_250122062.1
GO:0043682	WP_250122062.1
GO:0055070	WP_250122062.1
GO:0140581	WP_250122062.1
GO:0004672	WP_250122069.1
GO:0005524	WP_250122069.1
GO:0005615	WP_250122070.1
GO:0005737	WP_250122070.1
GO:0006508	WP_250122070.1
GO:0008270	WP_250122070.1
GO:0016285	WP_250122070.1
GO:0016829	WP_250122070.1
GO:0030089	WP_250122070.1
GO:0042277	WP_250122070.1
GO:0043171	WP_250122070.1
GO:0070006	WP_250122070.1
GO:0006810	WP_250122079.1
GO:0022829	WP_250122079.1
GO:0110165	WP_250122079.1
GO:0003729	WP_250122100.1
GO:0003735	WP_250122100.1
GO:0005737	WP_250122100.1
GO:0006139	WP_250122100.1
GO:0006412	WP_250122100.1
GO:0006006	WP_250122101.1
GO:0016301	WP_250122101.1
GO:0016781	WP_250122101.1
GO:0019319	WP_250122101.1
GO:0032559	WP_250122101.1
GO:0035639	WP_250122101.1
GO:0043169	WP_250122101.1
GO:0008137	WP_250122112.1
GO:0012505	WP_250122112.1
GO:0015990	WP_250122112.1
GO:0031676	WP_250122112.1
GO:0042773	WP_250122112.1
GO:0048039	WP_250122112.1
GO:0003677	WP_250122120.1
GO:0003700	WP_250122120.1
GO:0006351	WP_250122120.1
GO:0008483	WP_250122120.1
GO:0030170	WP_250122120.1
GO:0000428	WP_250122123.1
GO:0003677	WP_250122123.1
GO:0003899	WP_250122123.1
GO:0005737	WP_250122123.1
GO:0006269	WP_250122123.1
GO:0008270	WP_250122123.1
GO:1990077	WP_250122123.1
GO:0016226	WP_250122132.1
GO:0016226	WP_250122134.1
GO:0003676	WP_250122145.1
GO:0003887	WP_250122145.1
GO:0005737	WP_250122145.1
GO:0006260	WP_250122145.1
GO:0008408	WP_250122145.1
GO:0005524	WP_250122150.1
GO:0006412	WP_250122150.1
GO:0016740	WP_250122150.1
GO:0030956	WP_250122150.1
GO:0050567	WP_250122150.1
GO:0003824	WP_250122153.1
GO:0005829	WP_250122153.1
GO:0046872	WP_250122153.1
GO:0051536	WP_250122153.1
GO:0016787	WP_250122154.1
GO:0005886	WP_250122165.1
GO:0055085	WP_250122165.1
GO:0004334	WP_250122169.1
GO:0006559	WP_250122169.1
GO:0006572	WP_250122169.1
GO:0046872	WP_250122169.1
GO:1902000	WP_250122169.1
GO:0005737	WP_250122191.1
GO:0006508	WP_250122191.1
GO:0030145	WP_250122191.1
GO:0070006	WP_250122191.1
GO:0003700	WP_250122192.1
GO:0003842	WP_250122192.1
GO:0004657	WP_250122192.1
GO:0009898	WP_250122192.1
GO:0010133	WP_250122192.1
GO:0005737	WP_250122197.1
GO:0016787	WP_250122197.1
GO:0016831	WP_250122197.1
GO:0019748	WP_250122197.1
GO:0003824	WP_250122198.1
GO:0005829	WP_250122198.1
GO:0031419	WP_250122198.1
GO:0046872	WP_250122198.1
GO:0051536	WP_250122198.1
GO:0009279	WP_250122207.1
GO:0015344	WP_250122207.1
GO:0015891	WP_250122207.1
GO:0038023	WP_250122207.1
GO:0005524	WP_250122213.1
GO:0005886	WP_250122213.1
GO:0015421	WP_250122213.1
GO:0016887	WP_250122213.1
GO:0005975	WP_250122215.1
GO:0051060	WP_250122215.1
GO:0004386	WP_250122220.1
GO:0005524	WP_250122220.1
GO:0016787	WP_250122220.1
GO:0004518	WP_250122221.1
GO:0006259	WP_250122221.1
GO:0008757	WP_250122221.1
GO:0009008	WP_250122221.1
GO:0043412	WP_250122221.1
GO:0003677	WP_250122225.1
GO:0004386	WP_250122225.1
GO:0005524	WP_250122225.1
GO:0016887	WP_250122225.1
GO:0000287	WP_250122235.1
GO:0005975	WP_250122235.1
GO:0006166	WP_250122235.1
GO:0008973	WP_250122235.1
GO:0000166	WP_250122251.1
GO:0016655	WP_250122251.1
GO:0043168	WP_250122251.1
GO:0015031	WP_250122254.1
GO:0019867	WP_250122254.1
GO:0030312	WP_250122254.1
GO:0030313	WP_250122254.1
GO:0032940	WP_250122254.1
GO:0032991	WP_250122254.1
GO:0035592	WP_250122254.1
GO:0071692	WP_250122254.1
GO:0035556	WP_250122265.1
GO:0005524	WP_250122283.1
GO:0005886	WP_250122283.1
GO:0006508	WP_250122283.1
GO:0008234	WP_250122283.1
GO:0015421	WP_250122283.1
GO:0016887	WP_250122283.1
GO:0030253	WP_250122283.1
GO:0030256	WP_250122283.1
GO:0016020	WP_250122284.1
GO:0000027	WP_250122287.1
GO:0000049	WP_250122287.1
GO:0003924	WP_250122287.1
GO:0005525	WP_250122287.1
GO:0005829	WP_250122287.1
GO:0009409	WP_250122287.1
GO:0010467	WP_250122287.1
GO:0019843	WP_250122287.1
GO:0043022	WP_250122287.1
GO:1990904	WP_250122287.1
GO:0005737	WP_250122295.1
GO:0035597	WP_250122295.1
GO:0046872	WP_250122295.1
GO:0051539	WP_250122295.1
GO:0005515	WP_250122303.1
GO:0005737	WP_250122303.1
GO:0030695	WP_250122303.1
GO:0071944	WP_250122303.1
GO:0032559	WP_250122304.1
GO:0043168	WP_250122304.1
GO:0003676	WP_250122320.1
GO:0004815	WP_250122320.1
GO:0005524	WP_250122320.1
GO:0005737	WP_250122320.1
GO:0006422	WP_250122320.1
GO:0050560	WP_250122320.1
GO:0019646	WP_250122324.1
GO:0050136	WP_250122324.1
GO:0009279	WP_250122326.1
GO:1990351	WP_250122326.1
GO:0009311	WP_250122328.1
GO:0015923	WP_250122328.1
GO:0016052	WP_250122328.1
GO:0019318	WP_250122328.1
GO:0043169	WP_250122328.1
GO:0000155	WP_250122342.1
GO:0005886	WP_250122342.1
GO:0009927	WP_250122342.1
GO:0032559	WP_250122342.1
GO:0035639	WP_250122342.1
GO:0016491	WP_250122373.1
GO:0000155	WP_250122384.1
GO:0000156	WP_250122384.1
GO:0005524	WP_250122384.1
GO:0007234	WP_250122384.1
GO:0016020	WP_250122384.1
GO:0030295	WP_250122384.1
GO:0008483	WP_250122387.1
GO:0016831	WP_250122387.1
GO:0005524	WP_250122389.1
GO:0006457	WP_250122389.1
GO:0016887	WP_250122389.1
GO:0051082	WP_250122389.1
GO:0005524	WP_250122391.1
GO:0005978	WP_250122391.1
GO:0008878	WP_250122391.1
GO:0031470	WP_250122391.1
GO:0043886	WP_250122391.1
GO:0004802	WP_250122399.1
GO:0005829	WP_250122399.1
GO:0006098	WP_250122399.1
GO:0046872	WP_250122399.1
GO:0004176	WP_250122414.1
GO:0004222	WP_250122414.1
GO:0005524	WP_250122414.1
GO:0006508	WP_250122414.1
GO:0008270	WP_250122414.1
GO:0016887	WP_250122414.1
GO:0030163	WP_250122414.1
GO:0031676	WP_250122414.1
GO:0051301	WP_250122414.1
GO:0003676	WP_250122424.1
GO:0006259	WP_250122424.1
GO:0017111	WP_250122424.1
GO:0022402	WP_250122424.1
GO:0032559	WP_250122424.1
GO:0035639	WP_250122424.1
GO:0043232	WP_250122424.1
GO:0051276	WP_250122424.1
GO:0140657	WP_250122424.1
GO:0000716	WP_250122433.1
GO:0003678	WP_250122433.1
GO:0003684	WP_250122433.1
GO:0005524	WP_250122433.1
GO:0005737	WP_250122433.1
GO:0006355	WP_250122433.1
GO:0016787	WP_250122433.1
GO:0004799	WP_250122434.1
GO:0006231	WP_250122434.1
GO:0050660	WP_250122434.1
GO:0050797	WP_250122434.1
GO:0070402	WP_250122434.1
GO:0016874	WP_250122457.1
GO:0003674	WP_250122458.1
GO:0000155	WP_250122460.1
GO:0006355	WP_250122460.1
GO:0003677	WP_250122461.1
GO:0005524	WP_250122461.1
GO:0005737	WP_250122461.1
GO:0006289	WP_250122461.1
GO:0008270	WP_250122461.1
GO:0009380	WP_250122461.1
GO:0009381	WP_250122461.1
GO:0009432	WP_250122461.1
GO:0016887	WP_250122461.1
GO:0003677	WP_250122465.1
GO:0005524	WP_250122465.1
GO:0005829	WP_250122465.1
GO:0006304	WP_250122465.1
GO:0009035	WP_250122465.1
GO:0003677	WP_250122468.1
GO:0008170	WP_250122468.1
GO:0009007	WP_250122468.1
GO:0009307	WP_250122468.1
GO:0032259	WP_250122468.1
GO:0003674	WP_250122474.1
GO:0009236	WP_250122476.1
GO:0051116	WP_250122476.1
GO:0004673	WP_250122477.1
GO:0016020	WP_250122477.1
GO:0032559	WP_250122477.1
GO:0035639	WP_250122477.1
GO:0060089	WP_250122477.1
GO:0071944	WP_250122477.1
GO:0140299	WP_250122477.1
GO:0016787	WP_250122486.1
GO:0004673	WP_250122491.1
GO:0016020	WP_250122491.1
GO:0032559	WP_250122491.1
GO:0035639	WP_250122491.1
GO:0071944	WP_250122491.1
GO:0140299	WP_250122491.1
GO:0110165	WP_250122506.1
GO:0004497	WP_250122507.1
GO:0005506	WP_250122507.1
GO:0016125	WP_250122507.1
GO:0016705	WP_250122507.1
GO:0020037	WP_250122507.1
GO:0000270	WP_250122514.1
GO:0006027	WP_250122514.1
GO:0016811	WP_250122514.1
GO:0030313	WP_250122514.1
GO:0042597	WP_250122514.1
GO:0061783	WP_250122514.1
GO:0006814	WP_250122515.1
GO:0015297	WP_250122515.1
GO:0016020	WP_250122515.1
GO:1902600	WP_250122515.1
GO:0005524	WP_250122543.1
GO:0006457	WP_250122543.1
GO:0016887	WP_250122543.1
GO:0051082	WP_250122543.1
GO:0005886	WP_250122544.1
GO:0009635	WP_250122544.1
GO:0016117	WP_250122544.1
GO:0016166	WP_250122544.1
GO:0004373	WP_250122550.1
GO:0005978	WP_250122550.1
GO:0009011	WP_250122550.1
GO:0016874	WP_250122559.1
GO:0005975	WP_250122561.1
GO:0000287	WP_250122564.1
GO:0003984	WP_250122564.1
GO:0005948	WP_250122564.1
GO:0009097	WP_250122564.1
GO:0009099	WP_250122564.1
GO:0030976	WP_250122564.1
GO:0050660	WP_250122564.1
GO:0008812	WP_250122569.1
GO:0050660	WP_250122569.1
GO:0003844	WP_250122571.1
GO:0004553	WP_250122571.1
GO:0005978	WP_250122571.1
GO:0043169	WP_250122571.1
GO:0004362	WP_250122581.1
GO:0005829	WP_250122581.1
GO:0006749	WP_250122581.1
GO:0034599	WP_250122581.1
GO:0045454	WP_250122581.1
GO:0050660	WP_250122581.1
GO:0050661	WP_250122581.1
GO:0000155	WP_250122583.1
GO:0005886	WP_250122583.1
GO:0009927	WP_250122583.1
GO:0004673	WP_250122585.1
GO:0140299	WP_250122585.1
GO:0005283	WP_250122596.1
GO:0005886	WP_250122596.1
GO:0004617	WP_250122600.1
GO:0006564	WP_250122600.1
GO:0051287	WP_250122600.1
GO:0120568	WP_250122600.1
GO:0005524	WP_250122604.1
GO:0005737	WP_250122604.1
GO:0016853	WP_250122604.1
GO:0042026	WP_250122604.1
GO:0051082	WP_250122604.1
GO:0140662	WP_250122604.1
GO:0046872	WP_250122613.1
GO:0005975	WP_250122624.1
GO:0016832	WP_250122624.1
GO:0005524	WP_250122637.1
GO:0005886	WP_250122637.1
GO:0015421	WP_250122637.1
GO:0016887	WP_250122637.1
GO:0034040	WP_250122637.1
GO:0016614	WP_250122644.1
GO:0000166	WP_250122655.1
GO:0046872	WP_250122656.1
GO:0120558	WP_250122656.1
GO:0016740	WP_250122659.1
GO:0004713	WP_250122673.1
GO:0005524	WP_250122673.1
GO:0005886	WP_250122673.1
GO:0003677	WP_250122701.1
GO:0006310	WP_250122701.1
GO:0032196	WP_250122701.1
GO:0003677	WP_250122703.1
GO:0006351	WP_250122703.1
GO:0006355	WP_250122703.1
GO:0005975	WP_250122714.1
GO:0016787	WP_250122714.1
GO:0000155	WP_250122717.1
GO:0005886	WP_250122717.1
GO:0009927	WP_250122717.1
GO:0003746	WP_250122719.1
GO:0003924	WP_250122719.1
GO:0005525	WP_250122719.1
GO:0006412	WP_250122719.1
GO:0043022	WP_250122719.1
GO:0045727	WP_250122719.1
GO:0005524	WP_250122721.1
GO:0016887	WP_250122721.1
GO:0051082	WP_250122721.1
GO:0140662	WP_250122721.1
GO:0005524	WP_250122729.1
GO:0005737	WP_250122729.1
GO:0008360	WP_250122729.1
GO:0008766	WP_250122729.1
GO:0009252	WP_250122729.1
GO:0047480	WP_250122729.1
GO:0051301	WP_250122729.1
GO:0071555	WP_250122729.1
GO:0004674	WP_250122731.1
GO:0003674	WP_250122733.1
GO:0009881	WP_250122734.1
GO:0016301	WP_250122734.1
GO:0016773	WP_250122734.1
GO:0032559	WP_250122734.1
GO:0035639	WP_250122734.1
GO:0140096	WP_250122734.1
GO:0004347	WP_250122735.1
GO:0005829	WP_250122735.1
GO:0006094	WP_250122735.1
GO:0006096	WP_250122735.1
GO:0048029	WP_250122735.1
GO:0051156	WP_250122735.1
GO:0097367	WP_250122735.1
GO:0004038	WP_250122739.1
GO:0005737	WP_250122739.1
GO:0006145	WP_250122739.1
GO:0004134	WP_250122747.1
GO:0004135	WP_250122747.1
GO:0005980	WP_250122747.1
GO:0004497	WP_250122748.1
GO:0008942	WP_250122748.1
GO:0016705	WP_250122748.1
GO:0042128	WP_250122748.1
GO:0046872	WP_250122748.1
GO:0051537	WP_250122748.1
GO:0000287	WP_250122753.1
GO:0004743	WP_250122753.1
GO:0005524	WP_250122753.1
GO:0016301	WP_250122753.1
GO:0030955	WP_250122753.1
GO:0016874	WP_250122767.1
GO:0004713	WP_250122773.1
GO:0016020	WP_250122773.1
GO:0032559	WP_250122773.1
GO:0035639	WP_250122773.1
GO:0071944	WP_250122773.1
GO:0003746	WP_250122783.1
GO:0003924	WP_250122783.1
GO:0005525	WP_250122783.1
GO:0032790	WP_250122783.1
GO:0000156	WP_250122784.1
GO:0005737	WP_250122784.1
GO:0006935	WP_250122784.1
GO:0008984	WP_250122784.1
GO:0006355	WP_250122785.1
GO:0008983	WP_250122785.1
GO:0032259	WP_250122785.1
GO:0000160	WP_250122794.1
GO:0004673	WP_250122794.1
GO:0007231	WP_250122794.1
GO:0019209	WP_250122794.1
GO:0019887	WP_250122794.1
GO:0060089	WP_250122794.1
GO:0140299	WP_250122794.1
GO:0003676	WP_250122814.1
GO:0003724	WP_250122814.1
GO:0005524	WP_250122814.1
GO:0005829	WP_250122814.1
GO:0016787	WP_250122814.1
GO:0051607	WP_250122814.1
GO:0004386	WP_250122818.1
GO:0004519	WP_250122818.1
GO:0005524	WP_250122818.1
GO:0016787	WP_250122818.1
GO:0003676	WP_250122821.1
GO:0006304	WP_250122821.1
GO:0009007	WP_250122821.1
GO:0032259	WP_250122821.1
GO:0020037	WP_250122828.1
GO:0046872	WP_250122828.1
GO:0048307	WP_250122828.1
GO:0051539	WP_250122828.1
GO:0005886	WP_250122831.1
GO:0015112	WP_250122831.1
GO:0015113	WP_250122831.1
GO:0042128	WP_250122831.1
GO:0005737	WP_250122838.1
GO:0005980	WP_250122838.1
GO:0008184	WP_250122838.1
GO:0030170	WP_250122838.1
GO:0003955	WP_250122840.1
GO:0019646	WP_250122840.1
GO:0016020	WP_250122843.1
GO:0016491	WP_250122843.1
GO:0042128	WP_250122843.1
GO:0043546	WP_250122843.1
GO:0046872	WP_250122843.1
GO:0051539	WP_250122843.1
GO:0005886	WP_250122844.1
GO:0015112	WP_250122844.1
GO:0015113	WP_250122844.1
GO:0042128	WP_250122844.1
GO:0020037	WP_250122845.1
GO:0046872	WP_250122845.1
GO:0048307	WP_250122845.1
GO:0051539	WP_250122845.1
GO:0005524	WP_250122847.1
GO:0005886	WP_250122847.1
GO:0006811	WP_250122847.1
GO:0015112	WP_250122847.1
GO:0016887	WP_250122847.1
GO:0005886	WP_250122849.1
GO:0006811	WP_250122849.1
GO:0005886	WP_250122864.1
GO:0006465	WP_250122864.1
GO:0008236	WP_250122864.1
GO:0003677	WP_250122871.1
GO:0003700	WP_250122871.1
GO:0006351	WP_250122871.1
GO:0008483	WP_250122871.1
GO:0030170	WP_250122871.1
GO:0000175	WP_250122897.1
GO:0000287	WP_250122897.1
GO:0003723	WP_250122897.1
GO:0004654	WP_250122897.1
GO:0005829	WP_250122897.1
GO:0006396	WP_250122897.1
GO:0006402	WP_250122897.1
GO:0004386	WP_250122899.1
GO:0005524	WP_250122899.1
GO:0016787	WP_250122899.1
GO:0003677	WP_250122904.1
GO:0005524	WP_250122904.1
GO:0006269	WP_250122904.1
GO:0006270	WP_250122904.1
GO:0006302	WP_250122904.1
GO:0006310	WP_250122904.1
GO:0008270	WP_250122904.1
GO:0016887	WP_250122904.1
GO:0043138	WP_250122904.1
GO:1990077	WP_250122904.1
GO:0005886	WP_250122906.1
GO:0008360	WP_250122906.1
GO:0009252	WP_250122906.1
GO:0015648	WP_250122906.1
GO:0071555	WP_250122906.1
GO:0004096	WP_250122924.1
GO:0005829	WP_250122924.1
GO:0020037	WP_250122924.1
GO:0042744	WP_250122924.1
GO:0046872	WP_250122924.1
GO:0070301	WP_250122924.1
GO:0008237	WP_250122931.1
GO:0005886	WP_250122962.1
GO:0008556	WP_250122962.1
GO:0016787	WP_250122962.1
GO:0030955	WP_250122962.1
GO:0001067	WP_250122975.1
GO:0005737	WP_250122975.1
GO:0010467	WP_250122975.1
GO:0010468	WP_250122975.1
GO:0032774	WP_250122975.1
GO:0032991	WP_250122975.1
GO:0060089	WP_250122975.1
GO:1990837	WP_250122975.1
GO:2001141	WP_250122975.1
GO:0000155	WP_250122977.1
GO:0000156	WP_250122977.1
GO:0005737	WP_250122977.1
GO:0006355	WP_250122977.1
GO:0006935	WP_250122977.1
GO:0008983	WP_250122977.1
GO:0008984	WP_250122977.1
GO:0032259	WP_250122977.1
GO:0005737	WP_250122983.1
GO:0008734	WP_250122983.1
GO:0033765	WP_250122983.1
GO:0034628	WP_250122983.1
GO:0005829	WP_250122988.1
GO:0005840	WP_250122988.1
GO:0035599	WP_250122988.1
GO:0035600	WP_250122988.1
GO:0046872	WP_250122988.1
GO:0051539	WP_250122988.1
GO:0103039	WP_250122988.1
GO:0003724	WP_250122989.1
GO:0005524	WP_250122989.1
GO:0005829	WP_250122989.1
GO:0005840	WP_250122989.1
GO:0009409	WP_250122989.1
GO:0016787	WP_250122989.1
GO:0033592	WP_250122989.1
GO:0016020	WP_250122991.1
GO:0005524	WP_250123000.1
GO:0016020	WP_250123000.1
GO:0016887	WP_250123000.1
GO:0140359	WP_250123000.1
GO:0016757	WP_250123002.1
GO:0000287	WP_250123028.1
GO:0000902	WP_250123028.1
GO:0003977	WP_250123028.1
GO:0005737	WP_250123028.1
GO:0006048	WP_250123028.1
GO:0008360	WP_250123028.1
GO:0009245	WP_250123028.1
GO:0009252	WP_250123028.1
GO:0016020	WP_250123028.1
GO:0019134	WP_250123028.1
GO:0031470	WP_250123028.1
GO:0043886	WP_250123028.1
GO:0071555	WP_250123028.1
GO:0007154	WP_250123046.1
GO:0023052	WP_250123046.1
GO:0042221	WP_250123046.1
GO:0042330	WP_250123046.1
GO:0050794	WP_250123046.1
GO:0051716	WP_250123046.1
GO:0110165	WP_250123046.1
GO:0004673	WP_250123047.1
GO:0005622	WP_250123047.1
GO:0042221	WP_250123047.1
GO:0042330	WP_250123047.1
GO:0140299	WP_250123047.1
GO:0005253	WP_250123055.1
GO:0015108	WP_250123055.1
GO:0034702	WP_250123055.1
GO:0005886	WP_250123057.1
GO:0009103	WP_250123057.1
GO:0010041	WP_250123057.1
GO:0016763	WP_250123057.1
GO:0016746	WP_250123059.1
GO:0004370	WP_250123083.1
GO:0005524	WP_250123083.1
GO:0005829	WP_250123083.1
GO:0006072	WP_250123083.1
GO:0019563	WP_250123083.1
GO:0004519	WP_250123089.1
GO:0005524	WP_250123089.1
GO:0006298	WP_250123089.1
GO:0016887	WP_250123089.1
GO:0030983	WP_250123089.1
GO:0032300	WP_250123089.1
GO:0140664	WP_250123089.1
GO:0006508	WP_250123097.1
GO:0008658	WP_250123097.1
GO:0008955	WP_250123097.1
GO:0009002	WP_250123097.1
GO:0009252	WP_250123097.1
GO:0030288	WP_250123097.1
GO:0009279	WP_250123109.1
GO:0015288	WP_250123109.1
GO:0015562	WP_250123109.1
GO:1990281	WP_250123109.1
GO:0004672	WP_250123110.1
GO:0005524	WP_250123110.1
GO:0009279	WP_250123110.1
GO:0046813	WP_250123110.1
GO:0035556	WP_250123113.1
GO:0050896	WP_250123116.1
GO:0004673	WP_250123117.1
GO:0005622	WP_250123117.1
GO:0042221	WP_250123117.1
GO:0042330	WP_250123117.1
GO:0140299	WP_250123117.1
GO:0004715	WP_250123119.1
GO:0005524	WP_250123119.1
GO:0005886	WP_250123119.1
GO:0004721	WP_250123124.1
GO:0003677	WP_250123130.1
GO:0005524	WP_250123130.1
GO:0005737	WP_250123130.1
GO:0006265	WP_250123130.1
GO:0009330	WP_250123130.1
GO:0034335	WP_250123130.1
GO:0005524	WP_250123134.1
GO:0016887	WP_250123134.1
GO:0005524	WP_250123145.1
GO:0005829	WP_250123145.1
GO:0006605	WP_250123145.1
GO:0008564	WP_250123145.1
GO:0017038	WP_250123145.1
GO:0031522	WP_250123145.1
GO:0031676	WP_250123145.1
GO:0043952	WP_250123145.1
GO:0065002	WP_250123145.1
GO:0003677	WP_250123153.1
GO:0003917	WP_250123153.1
GO:0006265	WP_250123153.1
GO:0046872	WP_250123153.1
GO:0009279	WP_250123169.1
GO:0015344	WP_250123169.1
GO:0015891	WP_250123169.1
GO:0038023	WP_250123169.1
GO:0004563	WP_250123179.1
GO:0005975	WP_250123179.1
GO:0009254	WP_250123179.1
GO:0006508	WP_250123181.1
GO:0008233	WP_250123181.1
GO:0016020	WP_250123181.1
GO:0015297	WP_250123190.1
GO:0016020	WP_250123190.1
GO:1902600	WP_250123190.1
GO:0005576	WP_250123192.1
GO:0005886	WP_250123192.1
GO:0003852	WP_250123200.1
GO:0009097	WP_250123200.1
GO:0009098	WP_250123200.1
GO:0043714	WP_250123200.1
GO:0003824	WP_250123218.1
GO:0051536	WP_250123218.1
GO:0004497	WP_250123221.1
GO:0005506	WP_250123221.1
GO:0016705	WP_250123221.1
GO:0020037	WP_250123221.1
GO:0004673	WP_250123226.1
GO:0016020	WP_250123226.1
GO:0032559	WP_250123226.1
GO:0035639	WP_250123226.1
GO:0071944	WP_250123226.1
GO:0140299	WP_250123226.1
GO:0004672	WP_250123227.1
GO:0016775	WP_250123227.1
GO:0035556	WP_250123227.1
GO:0000155	WP_250123228.1
GO:0005524	WP_250123228.1
GO:0005886	WP_250123228.1
GO:0000287	WP_250123263.1
GO:0004553	WP_250123263.1
GO:0005975	WP_250123263.1
GO:0008801	WP_250123263.1
GO:0016757	WP_250123263.1
GO:0030246	WP_250123263.1
GO:0004825	WP_250123267.1
GO:0005524	WP_250123267.1
GO:0005737	WP_250123267.1
GO:0006431	WP_250123267.1
GO:0046872	WP_250123267.1
GO:0000271	WP_250123272.1
GO:0003979	WP_250123272.1
GO:0006065	WP_250123272.1
GO:0051287	WP_250123272.1
GO:0015297	WP_250123274.1
GO:0016020	WP_250123274.1
GO:1902600	WP_250123274.1
GO:0000049	WP_250123275.1
GO:0000166	WP_250123275.1
GO:0008033	WP_250123275.1
GO:0016779	WP_250123275.1
GO:0046872	WP_250123275.1
GO:0004519	WP_250123284.1
GO:0005524	WP_250123284.1
GO:0006298	WP_250123284.1
GO:0016887	WP_250123284.1
GO:0019843	WP_250123284.1
GO:0030983	WP_250123284.1
GO:0043023	WP_250123284.1
GO:0045910	WP_250123284.1
GO:0072344	WP_250123284.1
GO:0140664	WP_250123284.1
GO:0004252	WP_250123293.1
GO:0005576	WP_250123293.1
GO:0006508	WP_250123293.1
GO:0003674	WP_250123297.1
GO:0000155	WP_250123298.1
GO:0005886	WP_250123298.1
GO:0006355	WP_250123298.1
GO:0009927	WP_250123298.1
GO:0005507	WP_250123303.1
GO:0005524	WP_250123303.1
GO:0005886	WP_250123303.1
GO:0012505	WP_250123303.1
GO:0016887	WP_250123303.1
GO:0043682	WP_250123303.1
GO:0055070	WP_250123303.1
GO:0140581	WP_250123303.1
GO:0000270	WP_250123316.1
GO:0004553	WP_250123316.1
GO:0008933	WP_250123316.1
GO:0016020	WP_250123316.1
GO:0042597	WP_250123316.1
GO:0000428	WP_250123319.1
GO:0003677	WP_250123319.1
GO:0003899	WP_250123319.1
GO:0006351	WP_250123319.1
GO:0032549	WP_250123319.1
GO:0015031	WP_250123328.1
GO:0016020	WP_250123328.1
GO:0032940	WP_250123328.1
GO:0035592	WP_250123328.1
GO:0071692	WP_250123328.1
GO:0071944	WP_250123328.1
GO:0003674	WP_250123335.1
GO:0016787	WP_250123345.1
GO:0005829	WP_250123346.1
GO:0006508	WP_250123346.1
GO:0008237	WP_250123346.1
GO:0005524	WP_250123358.1
GO:0005886	WP_250123358.1
GO:0006508	WP_250123358.1
GO:0008234	WP_250123358.1
GO:0015421	WP_250123358.1
GO:0016887	WP_250123358.1
GO:0008233	WP_250123361.1
GO:0016020	WP_250123361.1
GO:0017111	WP_250123361.1
GO:0019538	WP_250123361.1
GO:0032559	WP_250123361.1
GO:0035639	WP_250123361.1
GO:0035673	WP_250123361.1
GO:0071944	WP_250123361.1
GO:0140359	WP_250123361.1
GO:0005524	WP_250123368.1
GO:0005886	WP_250123368.1
GO:0006508	WP_250123368.1
GO:0008234	WP_250123368.1
GO:0015421	WP_250123368.1
GO:0016887	WP_250123368.1
GO:0046872	WP_250123373.1
GO:0004222	WP_250123374.1
GO:0006508	WP_250123374.1
GO:0046872	WP_250123374.1
GO:0005829	WP_250123377.1
GO:0006508	WP_250123377.1
GO:0030145	WP_250123377.1
GO:0070006	WP_250123377.1
GO:0005829	WP_250123387.1
GO:0006508	WP_250123387.1
GO:0030145	WP_250123387.1
GO:0070006	WP_250123387.1
GO:0004333	WP_250123388.1
GO:0005737	WP_250123388.1
GO:0006099	WP_250123388.1
GO:0006106	WP_250123388.1
GO:0006108	WP_250123388.1
GO:0008797	WP_250123388.1
GO:0004176	WP_250123389.1
GO:0004222	WP_250123389.1
GO:0005524	WP_250123389.1
GO:0006508	WP_250123389.1
GO:0008270	WP_250123389.1
GO:0016887	WP_250123389.1
GO:0030163	WP_250123389.1
GO:0031676	WP_250123389.1
GO:0051301	WP_250123389.1
GO:0000166	WP_250123392.1
GO:0000049	WP_250123393.1
GO:0004818	WP_250123393.1
GO:0005524	WP_250123393.1
GO:0005829	WP_250123393.1
GO:0006424	WP_250123393.1
GO:0008270	WP_250123393.1
GO:0005524	WP_250123401.1
GO:0015833	WP_250123401.1
GO:0016887	WP_250123401.1
GO:0055085	WP_250123401.1
GO:0005886	WP_250123403.1
GO:0008728	WP_250123403.1
GO:0015969	WP_250123403.1
GO:0000287	WP_250123405.1
GO:0005524	WP_250123405.1
GO:0030145	WP_250123405.1
GO:0070733	WP_250123405.1
GO:0005886	WP_250123410.1
GO:0009103	WP_250123410.1
GO:0010041	WP_250123410.1
GO:0016763	WP_250123410.1
GO:0004672	WP_250123412.1
GO:0016117	WP_250123417.1
GO:0016719	WP_250123417.1
GO:0004499	WP_250123421.1
GO:0050660	WP_250123421.1
GO:0050661	WP_250123421.1
GO:0016787	WP_250123423.1
GO:0110165	WP_250123433.1
GO:0043531	WP_250123449.1
GO:0016614	WP_250123454.1
GO:0050660	WP_250123454.1
GO:0008922	WP_250123456.1
GO:0030497	WP_250123456.1
GO:0005886	WP_250123460.1
GO:0022857	WP_250123460.1
GO:0046942	WP_250123460.1
GO:0004575	WP_250123464.1
GO:0005737	WP_250123464.1
GO:0005987	WP_250123464.1
GO:0005886	WP_250123473.1
GO:0015112	WP_250123473.1
GO:0015113	WP_250123473.1
GO:0015698	WP_250123473.1
GO:0042128	WP_250123473.1
GO:0071705	WP_250123473.1
GO:0000287	WP_250123530.1
GO:0004588	WP_250123530.1
GO:0004590	WP_250123530.1
GO:0006207	WP_250123530.1
GO:0044205	WP_250123530.1
GO:0005524	WP_250123533.1
GO:0005886	WP_250123533.1
GO:0016887	WP_250123533.1
GO:0140359	WP_250123533.1
GO:0005524	WP_250123535.1
GO:0005886	WP_250123535.1
GO:0015421	WP_250123535.1
GO:0016887	WP_250123535.1
GO:0009279	WP_250123544.1
GO:0015344	WP_250123544.1
GO:0015891	WP_250123544.1
GO:0038023	WP_250123544.1
GO:0009523	WP_250123550.1
GO:0009772	WP_250123550.1
GO:0016168	WP_250123550.1
GO:0031676	WP_250123550.1
GO:0000287	WP_250123576.1
GO:0003984	WP_250123576.1
GO:0005948	WP_250123576.1
GO:0009097	WP_250123576.1
GO:0009099	WP_250123576.1
GO:0030976	WP_250123576.1
GO:0050660	WP_250123576.1
GO:0016787	WP_250123590.1
GO:0000162	WP_250123596.1
GO:0004049	WP_250123596.1
GO:0004616	WP_250123613.1
GO:0006098	WP_250123613.1
GO:0019521	WP_250123613.1
GO:0050661	WP_250123613.1
GO:0000049	WP_250123615.1
GO:0002161	WP_250123615.1
GO:0004822	WP_250123615.1
GO:0005524	WP_250123615.1
GO:0005737	WP_250123615.1
GO:0006428	WP_250123615.1
GO:0008270	WP_250123615.1
GO:0005737	WP_250123642.1
GO:0008360	WP_250123642.1
GO:0008760	WP_250123642.1
GO:0009252	WP_250123642.1
GO:0019277	WP_250123642.1
GO:0051301	WP_250123642.1
GO:0071555	WP_250123642.1
GO:0004326	WP_250123653.1
GO:0005524	WP_250123653.1
GO:0008270	WP_250123653.1
GO:0008360	WP_250123653.1
GO:0009252	WP_250123653.1
GO:0071555	WP_250123653.1
GO:0140282	WP_250123653.1
GO:0016791	WP_250123655.1
GO:0043169	WP_250123655.1
GO:0000155	WP_250123664.1
GO:0000155	WP_250123665.1
GO:0004674	WP_250123665.1
GO:0005524	WP_250123665.1
GO:0004519	WP_250123666.1
GO:0004527	WP_250123666.1
GO:0005524	WP_250123666.1
GO:0006260	WP_250123666.1
GO:0006302	WP_250123666.1
GO:0006310	WP_250123666.1
GO:0016887	WP_250123666.1
GO:0046872	WP_250123666.1
GO:0005524	WP_250123670.1
GO:0005737	WP_250123670.1
GO:0008360	WP_250123670.1
GO:0008763	WP_250123670.1
GO:0009252	WP_250123670.1
GO:0051301	WP_250123670.1
GO:0071555	WP_250123670.1
GO:0016020	WP_250123677.1
GO:0000155	WP_250123678.1
GO:0000287	WP_250123680.1
GO:0004450	WP_250123680.1
GO:0006097	WP_250123680.1
GO:0006099	WP_250123680.1
GO:0051287	WP_250123680.1
GO:0000155	WP_250123682.1
GO:0005886	WP_250123682.1
GO:0006119	WP_250123689.1
GO:0016655	WP_250123689.1
GO:0022904	WP_250123689.1
GO:0004065	WP_250123701.1
GO:0008430	WP_250123709.1
GO:0018549	WP_250123709.1
GO:0016301	WP_250123748.1
GO:0015297	WP_250123749.1
GO:0016020	WP_250123749.1
GO:1902600	WP_250123749.1
GO:0015386	WP_250123767.1
GO:0016020	WP_250123767.1
GO:0000287	WP_250123779.1
GO:0004497	WP_250123779.1
GO:0009853	WP_250123779.1
GO:0016984	WP_250123779.1
GO:0019253	WP_250123779.1
GO:0031470	WP_250123779.1
GO:0004715	WP_250123803.1
GO:0005524	WP_250123803.1
GO:0005886	WP_250123803.1
GO:0042802	WP_250123803.1
GO:0004169	WP_250123821.1
GO:0005886	WP_250123821.1
GO:0012505	WP_250123821.1
GO:0005524	WP_250123822.1
GO:0006094	WP_250123822.1
GO:0008986	WP_250123822.1
GO:0046872	WP_250123822.1
GO:0005488	WP_250123832.1
GO:0005524	WP_250123836.1
GO:0000155	WP_250123850.1
GO:0005524	WP_250123850.1
GO:0008734	WP_250123851.1
GO:0009435	WP_250123851.1
GO:0003677	WP_250123858.1
GO:0005524	WP_250123858.1
GO:0005737	WP_250123858.1
GO:0006289	WP_250123858.1
GO:0009380	WP_250123858.1
GO:0009381	WP_250123858.1
GO:0009432	WP_250123858.1
GO:0016887	WP_250123858.1
GO:0050794	WP_250123863.1
GO:0098772	WP_250123863.1
GO:0110165	WP_250123863.1
GO:0003674	WP_250123865.1
GO:0004252	WP_250123867.1
GO:0006508	WP_250123867.1
GO:0005524	WP_250123882.1
GO:0046872	WP_250123882.1
GO:0071160	WP_250123882.1
GO:0071161	WP_250123882.1
GO:0005524	WP_250123884.1
GO:0015979	WP_250123884.1
GO:0015995	WP_250123884.1
GO:0016851	WP_250123884.1
GO:0016887	WP_250123884.1
GO:0005886	WP_250123888.1
GO:0006811	WP_250123888.1
GO:0004851	WP_250123895.1
GO:0004852	WP_250123895.1
GO:0019354	WP_250123895.1
GO:0032259	WP_250123895.1
GO:0003824	WP_250123899.1
GO:0005198	WP_250123899.1
GO:0031469	WP_250123899.1
GO:0004674	WP_250123904.1
GO:0005524	WP_250123904.1
GO:0000287	WP_250123909.1
GO:0005524	WP_250123909.1
GO:0005886	WP_250123909.1
GO:0008556	WP_250123909.1
GO:0016887	WP_250123909.1
GO:0009538	WP_250123916.1
GO:0009767	WP_250123916.1
GO:0016168	WP_250123916.1
GO:0031676	WP_250123916.1
GO:0043167	WP_250123933.1
GO:0005886	WP_250123934.1
GO:0006071	WP_250123934.1
GO:0016758	WP_250123934.1
GO:0046467	WP_250123934.1
GO:0005829	WP_250123944.1
GO:0008270	WP_250123944.1
GO:0008705	WP_250123944.1
GO:0031419	WP_250123944.1
GO:0032259	WP_250123944.1
GO:0046653	WP_250123944.1
GO:0050667	WP_250123944.1
GO:0004601	WP_250123949.1
GO:0043169	WP_250123949.1
GO:0046906	WP_250123949.1
GO:0110165	WP_250123949.1
GO:0003952	WP_250123950.1
GO:0004359	WP_250123950.1
GO:0005524	WP_250123950.1
GO:0005737	WP_250123950.1
GO:0008795	WP_250123950.1
GO:0009435	WP_250123950.1
GO:0004516	WP_250123954.1
GO:0005829	WP_250123954.1
GO:0016757	WP_250123954.1
GO:0034355	WP_250123954.1
GO:0003824	WP_250123959.1
GO:0005829	WP_250123959.1
GO:0046872	WP_250123959.1
GO:0051536	WP_250123959.1
GO:0005524	WP_250123963.1
GO:0005886	WP_250123963.1
GO:0016887	WP_250123963.1
GO:0140359	WP_250123963.1
GO:0004386	WP_250123964.1
GO:0005524	WP_250123964.1
GO:0005886	WP_250123964.1
GO:0015421	WP_250123964.1
GO:0016887	WP_250123964.1
GO:0015343	WP_250123968.1
GO:0019867	WP_250123968.1
GO:0030312	WP_250123968.1
GO:0030313	WP_250123968.1
GO:0060089	WP_250123968.1
GO:1901678	WP_250123968.1
GO:0015343	WP_250123973.1
GO:0015891	WP_250123973.1
GO:0019867	WP_250123973.1
GO:0030312	WP_250123973.1
GO:0030313	WP_250123973.1
GO:0004466	WP_250123993.1
GO:0005737	WP_250123993.1
GO:0033539	WP_250123993.1
GO:0050660	WP_250123993.1
GO:0070991	WP_250123993.1
GO:0010436	WP_250123996.1
GO:0016121	WP_250123996.1
GO:0046872	WP_250123996.1
GO:0005737	WP_250124012.1
GO:0016881	WP_250124012.1
GO:0000049	WP_250124038.1
GO:0003677	WP_250124038.1
GO:0005524	WP_250124038.1
GO:0006412	WP_250124038.1
GO:0006417	WP_250124038.1
GO:0016887	WP_250124038.1
GO:0019843	WP_250124038.1
GO:0005975	WP_250124045.1
GO:0019867	WP_250124053.1
GO:0004222	WP_250124065.1
GO:0005829	WP_250124065.1
GO:0006508	WP_250124065.1
GO:0006518	WP_250124065.1
GO:0046872	WP_250124065.1
GO:0004673	WP_250124067.1
GO:0005622	WP_250124067.1
GO:0042221	WP_250124067.1
GO:0042330	WP_250124067.1
GO:0140299	WP_250124067.1
GO:0007154	WP_250124068.1
GO:0016020	WP_250124068.1
GO:0023052	WP_250124068.1
GO:0038023	WP_250124068.1
GO:0042221	WP_250124068.1
GO:0042330	WP_250124068.1
GO:0050794	WP_250124068.1
GO:0051716	WP_250124068.1
GO:0071944	WP_250124068.1
GO:0000166	WP_250124076.1
GO:0016020	WP_250124087.1
GO:0016853	WP_250124087.1
GO:0016874	WP_250124087.1
GO:0004672	WP_250124089.1
GO:0032559	WP_250124089.1
GO:0035639	WP_250124089.1
GO:0005886	WP_250124097.1
GO:0008750	WP_250124097.1
GO:0016491	WP_250124097.1
GO:0050661	WP_250124097.1
GO:0009034	WP_250124099.1
GO:0008137	WP_250124107.1
GO:0012505	WP_250124107.1
GO:0015990	WP_250124107.1
GO:0031676	WP_250124107.1
GO:0042773	WP_250124107.1
GO:0048039	WP_250124107.1
GO:0008137	WP_250124108.1
GO:0012505	WP_250124108.1
GO:0015990	WP_250124108.1
GO:0016020	WP_250124108.1
GO:0042773	WP_250124108.1
GO:0048038	WP_250124108.1
GO:0005886	WP_250124121.1
GO:0022857	WP_250124121.1
GO:0016772	WP_250124130.1
GO:0008168	WP_250124144.1
GO:0032259	WP_250124144.1
GO:0003677	WP_250124146.1
GO:0005524	WP_250124146.1
GO:0016787	WP_250124146.1
GO:0043138	WP_250124146.1
GO:0005524	WP_250124148.1
GO:0005737	WP_250124148.1
GO:0006508	WP_250124148.1
GO:0008233	WP_250124148.1
GO:0016887	WP_250124148.1
GO:0034605	WP_250124148.1
GO:0009279	WP_250124153.1
GO:0015344	WP_250124153.1
GO:0044718	WP_250124153.1
GO:0005829	WP_250124164.1
GO:0008270	WP_250124164.1
GO:0009228	WP_250124164.1
GO:0009229	WP_250124164.1
GO:0051539	WP_250124164.1
GO:0070284	WP_250124164.1
GO:0000725	WP_250124171.1
GO:0003677	WP_250124171.1
GO:0005524	WP_250124171.1
GO:0005829	WP_250124171.1
GO:0016887	WP_250124171.1
GO:0033202	WP_250124171.1
GO:0043138	WP_250124171.1
GO:0005886	WP_250124172.1
GO:0015385	WP_250124172.1
GO:0015386	WP_250124172.1
GO:0051453	WP_250124172.1
GO:0098719	WP_250124172.1
GO:0005975	WP_250124176.1
GO:0016787	WP_250124176.1
GO:0005985	WP_250124180.1
GO:0016157	WP_250124180.1
GO:0004181	WP_250124181.1
GO:0006508	WP_250124181.1
GO:0046872	WP_250124181.1
GO:0008168	WP_250124194.1
GO:0009103	WP_250124194.1
GO:0016757	WP_250124194.1
GO:0032259	WP_250124194.1
GO:0097363	WP_250124204.1
GO:0000155	WP_250124233.1
GO:0000156	WP_250124233.1
GO:0005524	WP_250124233.1
GO:0007234	WP_250124233.1
GO:0010468	WP_250124233.1
GO:0016020	WP_250124233.1
GO:0030295	WP_250124233.1
GO:2001141	WP_250124233.1
GO:0016491	WP_250124234.1
GO:0006325	WP_250124246.1
GO:0043531	WP_250124246.1
GO:0004357	WP_250124250.1
GO:0042398	WP_250124250.1
GO:0003730	WP_250124257.1
GO:0003994	WP_250124257.1
GO:0005829	WP_250124257.1
GO:0006099	WP_250124257.1
GO:0019629	WP_250124257.1
GO:0046872	WP_250124257.1
GO:0047456	WP_250124257.1
GO:0051539	WP_250124257.1
GO:0003723	WP_250124262.1
GO:0004527	WP_250124262.1
GO:0004540	WP_250124262.1
GO:0005829	WP_250124262.1
GO:0006402	WP_250124262.1
GO:0006865	WP_250124274.1
GO:0015276	WP_250124274.1
GO:0043190	WP_250124274.1
GO:0004715	WP_250124304.1
GO:0005524	WP_250124304.1
GO:0005886	WP_250124304.1
GO:0005829	WP_250124311.1
GO:0006744	WP_250124311.1
GO:0008694	WP_250124311.1
GO:0004814	WP_250124329.1
GO:0005524	WP_250124329.1
GO:0005737	WP_250124329.1
GO:0006420	WP_250124329.1
GO:0005737	WP_250124332.1
GO:0008965	WP_250124332.1
GO:0009401	WP_250124332.1
GO:0016020	WP_250124332.1
GO:0046872	WP_250124332.1
GO:0047324	WP_250124332.1
GO:0005524	WP_250124336.1
GO:0006302	WP_250124336.1
GO:0006310	WP_250124336.1
GO:0009432	WP_250124336.1
GO:0016887	WP_250124336.1
GO:0043590	WP_250124336.1
GO:0004672	WP_250124337.1
GO:0005524	WP_250124337.1
GO:0002161	WP_250124339.1
GO:0004832	WP_250124339.1
GO:0005524	WP_250124339.1
GO:0005829	WP_250124339.1
GO:0006438	WP_250124339.1
GO:0004575	WP_250124341.1
GO:0005987	WP_250124341.1
GO:0033926	WP_250124341.1
GO:0004324	WP_250124343.1
GO:0030089	WP_250124343.1
GO:0031676	WP_250124343.1
GO:0005886	WP_250124348.1
GO:0009636	WP_250124348.1
GO:0015562	WP_250124348.1
GO:0042910	WP_250124348.1
GO:0000049	WP_250124376.1
GO:0019843	WP_250124376.1
GO:0043023	WP_250124376.1
GO:0072344	WP_250124376.1
GO:1990112	WP_250124376.1
GO:0005886	WP_250124387.1
GO:0042910	WP_250124387.1
GO:0000287	WP_250124389.1
GO:0003984	WP_250124389.1
GO:0005948	WP_250124389.1
GO:0009097	WP_250124389.1
GO:0009099	WP_250124389.1
GO:0030976	WP_250124389.1
GO:0050660	WP_250124389.1
GO:0004030	WP_250124390.1
GO:0004777	WP_250124390.1
GO:0008734	WP_250124398.1
GO:0009435	WP_250124398.1
GO:0016301	WP_250124404.1
GO:0000725	WP_250124411.1
GO:0003684	WP_250124411.1
GO:0005524	WP_250124411.1
GO:0005829	WP_250124411.1
GO:0008270	WP_250124411.1
GO:0016787	WP_250124411.1
GO:0140664	WP_250124411.1
GO:0005524	WP_250124417.1
GO:0016887	WP_250124417.1
GO:0015977	WP_250124423.1
GO:0015979	WP_250124423.1
GO:0016829	WP_250124423.1
GO:0031470	WP_250124423.1
GO:0043886	WP_250124423.1
GO:0046872	WP_250124423.1
GO:0008137	WP_250124426.1
GO:0012505	WP_250124426.1
GO:0015990	WP_250124426.1
GO:0016020	WP_250124426.1
GO:0042773	WP_250124426.1
GO:0008137	WP_250124427.1
GO:0012505	WP_250124427.1
GO:0015990	WP_250124427.1
GO:0016020	WP_250124427.1
GO:0042773	WP_250124427.1
GO:0048039	WP_250124427.1
GO:0004827	WP_250124443.1
GO:0005524	WP_250124443.1
GO:0005737	WP_250124443.1
GO:0006433	WP_250124443.1
GO:0017101	WP_250124443.1
GO:0004553	WP_250124444.1
GO:0005975	WP_250124444.1
GO:0004497	WP_250124454.1
GO:0008767	WP_250124454.1
GO:0016020	WP_250124454.1
GO:0016705	WP_250124454.1
GO:0046872	WP_250124454.1
GO:0051537	WP_250124454.1
GO:0004326	WP_250124459.1
GO:0005524	WP_250124459.1
GO:0005737	WP_250124459.1
GO:0008841	WP_250124459.1
GO:0046872	WP_250124459.1
GO:0005975	WP_250124494.1
GO:0008184	WP_250124494.1
GO:0030170	WP_250124494.1
GO:0000287	WP_250124500.1
GO:0005829	WP_250124500.1
GO:0008661	WP_250124500.1
GO:0009228	WP_250124500.1
GO:0016114	WP_250124500.1
GO:0019288	WP_250124500.1
GO:0030976	WP_250124500.1
GO:0005524	WP_250124509.1
GO:0005524	WP_250124516.1
GO:0006412	WP_250124516.1
GO:0016740	WP_250124516.1
GO:0050566	WP_250124516.1
GO:0050567	WP_250124516.1
GO:0070681	WP_250124516.1
GO:0005524	WP_250124526.1
GO:0005975	WP_250124526.1
GO:0046316	WP_250124526.1
GO:0000287	WP_250124528.1
GO:0004019	WP_250124528.1
GO:0005525	WP_250124528.1
GO:0005737	WP_250124528.1
GO:0044208	WP_250124528.1
GO:0046040	WP_250124528.1
GO:0004148	WP_250124543.1
GO:0006103	WP_250124543.1
GO:0045252	WP_250124543.1
GO:0050660	WP_250124543.1
GO:0016020	WP_250124545.1
GO:0016117	WP_250124545.1
GO:0016491	WP_250124545.1
GO:0046608	WP_250124545.1
GO:0009279	WP_250124554.1
GO:0015344	WP_250124554.1
GO:0038023	WP_250124554.1
GO:0044718	WP_250124554.1
GO:0005886	WP_250124557.1
GO:0022857	WP_250124557.1
GO:0033214	WP_250124557.1
GO:0008643	WP_250124570.1
GO:0015288	WP_250124570.1
GO:0016020	WP_250124570.1
GO:0005524	WP_250124576.1
GO:0004573	WP_250124578.1
GO:0009311	WP_250124578.1
GO:0003677	WP_250124581.1
GO:0004386	WP_250124581.1
GO:0005524	WP_250124581.1
GO:0016887	WP_250124581.1
GO:0032559	WP_250124587.1
GO:0043168	WP_250124587.1
GO:0015108	WP_250124594.1
GO:0016020	WP_250124594.1
GO:0004087	WP_250124607.1
GO:0004088	WP_250124607.1
GO:0005524	WP_250124607.1
GO:0005737	WP_250124607.1
GO:0006526	WP_250124607.1
GO:0006541	WP_250124607.1
GO:0044205	WP_250124607.1
GO:0046872	WP_250124607.1
GO:0005737	WP_250124618.1
GO:0009039	WP_250124618.1
GO:0016151	WP_250124618.1
GO:0043419	WP_250124618.1
GO:0004029	WP_250124621.1
GO:0005737	WP_250124621.1
GO:0006081	WP_250124621.1
GO:0003723	WP_250124627.1
GO:0004521	WP_250124627.1
GO:0004534	WP_250124627.1
GO:0005737	WP_250124627.1
GO:0006364	WP_250124627.1
GO:0008270	WP_250124627.1
GO:0003755	WP_250124631.1
GO:0005737	WP_250124631.1
GO:0015031	WP_250124631.1
GO:0043022	WP_250124631.1
GO:0043335	WP_250124631.1
GO:0044183	WP_250124631.1
GO:0051083	WP_250124631.1
GO:0051301	WP_250124631.1
GO:0000271	WP_250124644.1
GO:0016020	WP_250124644.1
GO:0016740	WP_250124644.1
GO:0046394	WP_250124644.1
GO:0071944	WP_250124644.1
GO:0016757	WP_250124646.1
GO:0016117	WP_250124654.1
GO:0016491	WP_250124654.1
GO:0000155	WP_250124676.1
GO:0005524	WP_250124676.1
GO:0005886	WP_250124676.1
GO:0005992	WP_250124688.1
GO:0030980	WP_250124688.1
GO:0047470	WP_250124688.1
GO:0003844	WP_250124689.1
GO:0005737	WP_250124689.1
GO:0005992	WP_250124689.1
GO:0033942	WP_250124689.1
GO:0043169	WP_250124689.1
GO:0004135	WP_250124690.1
GO:0005980	WP_250124690.1
GO:0004134	WP_250124692.1
GO:0005975	WP_250124692.1
GO:0005524	WP_250124693.1
GO:0005977	WP_250124693.1
GO:0016740	WP_250124693.1
GO:0046872	WP_250124693.1
GO:0047471	WP_250124693.1
GO:0022857	WP_250124704.1
GO:0005524	WP_250124713.1
GO:0005886	WP_250124713.1
GO:0015421	WP_250124713.1
GO:0016887	WP_250124713.1
GO:0034040	WP_250124713.1
GO:0003847	WP_250124716.1
GO:0016042	WP_250124716.1
GO:0005524	WP_250124717.1
GO:0016301	WP_250124717.1
GO:0006508	WP_250124729.1
GO:0008360	WP_250124729.1
GO:0008658	WP_250124729.1
GO:0008955	WP_250124729.1
GO:0009002	WP_250124729.1
GO:0009252	WP_250124729.1
GO:0030288	WP_250124729.1
GO:0071555	WP_250124729.1
GO:0004345	WP_250124752.1
GO:0005829	WP_250124752.1
GO:0006006	WP_250124752.1
GO:0009051	WP_250124752.1
GO:0050661	WP_250124752.1
GO:0000166	WP_250124757.1
GO:0004386	WP_250124757.1
GO:0004519	WP_250124757.1
GO:0004748	WP_250124757.1
GO:0006260	WP_250124757.1
GO:0008998	WP_250124757.1
GO:0016539	WP_250124757.1
GO:0031419	WP_250124757.1
GO:0005886	WP_250124768.1
GO:0008324	WP_250124768.1
GO:0042910	WP_250124768.1
GO:0005215	WP_250124769.1
GO:0035434	WP_250124769.1
GO:0110165	WP_250124769.1
GO:0004673	WP_250124770.1
GO:0140299	WP_250124770.1
GO:0000155	WP_250124773.1
GO:0016020	WP_250124773.1
GO:0005886	WP_250124777.1
GO:0050660	WP_250124777.1
GO:0005524	WP_250124781.1
GO:0005737	WP_250124781.1
GO:0016853	WP_250124781.1
GO:0042026	WP_250124781.1
GO:0051082	WP_250124781.1
GO:0140662	WP_250124781.1
GO:0003676	WP_250124789.1
GO:0004816	WP_250124789.1
GO:0005524	WP_250124789.1
GO:0005737	WP_250124789.1
GO:0006421	WP_250124789.1
GO:0070041	WP_250124793.1
GO:0070475	WP_250124793.1
GO:0000287	WP_250124795.1
GO:0004642	WP_250124795.1
GO:0005524	WP_250124795.1
GO:0005737	WP_250124795.1
GO:0006189	WP_250124795.1
GO:0004075	WP_250124798.1
GO:0005524	WP_250124798.1
GO:0006633	WP_250124798.1
GO:0016740	WP_250124798.1
GO:0046872	WP_250124798.1
GO:2001295	WP_250124798.1
GO:0006527	WP_250124803.1
GO:0008295	WP_250124803.1
GO:0008792	WP_250124803.1
GO:0033388	WP_250124803.1
GO:0046872	WP_250124803.1
GO:0003987	WP_250124809.1
GO:0005524	WP_250124809.1
GO:0005829	WP_250124809.1
GO:0016208	WP_250124809.1
GO:0019427	WP_250124809.1
GO:0046872	WP_250124809.1
GO:0003677	WP_250124815.1
GO:0005524	WP_250124815.1
GO:0006281	WP_250124815.1
GO:0006310	WP_250124815.1
GO:0016887	WP_250124815.1
GO:0043138	WP_250124815.1
GO:0050099	WP_250124833.1
GO:0003677	WP_250124867.1
GO:0004386	WP_250124867.1
GO:0005524	WP_250124867.1
GO:0009035	WP_250124867.1
GO:0009307	WP_250124867.1
GO:0004673	WP_250124920.1
GO:0005515	WP_250124920.1
GO:0032559	WP_250124920.1
GO:0035639	WP_250124920.1
GO:0110165	WP_250124920.1
GO:0140299	WP_250124920.1
GO:0003676	WP_250124965.1
GO:0003678	WP_250124965.1
GO:0006281	WP_250124965.1
GO:0006310	WP_250124965.1
GO:0016787	WP_250124965.1
GO:0032559	WP_250124965.1
GO:0035639	WP_250124965.1
GO:0003677	WP_250124973.1
GO:0008170	WP_250124973.1
GO:0009007	WP_250124973.1
GO:0009307	WP_250124973.1
GO:0032259	WP_250124973.1
GO:0005524	WP_250124977.1
GO:0005886	WP_250124977.1
GO:0015421	WP_250124977.1
GO:0016887	WP_250124977.1
GO:0034040	WP_250124977.1
GO:0003924	WP_250124982.1
GO:0005525	WP_250124982.1
GO:0006614	WP_250124982.1
GO:0008312	WP_250124982.1
GO:0048500	WP_250124982.1
GO:0003674	WP_250125004.1
GO:0003824	WP_250125008.1
GO:0110165	WP_250125008.1
GO:0016757	WP_250125012.1
GO:0008168	WP_250125049.1
GO:0032259	WP_250125049.1
GO:0044010	WP_250125049.1
GO:0016740	WP_250125053.1
GO:0005524	WP_250125059.1
GO:0016020	WP_250125059.1
GO:0016887	WP_250125059.1
GO:0140359	WP_250125059.1
GO:0032559	WP_250125063.1
GO:0043168	WP_250125063.1
GO:0005886	WP_250125096.1
GO:0008177	WP_250125096.1
GO:0009055	WP_250125096.1
GO:0009061	WP_250125096.1
GO:0022900	WP_250125096.1
GO:0033765	WP_250125096.1
GO:0050660	WP_250125096.1
GO:0005524	WP_250125106.1
GO:0005886	WP_250125106.1
GO:0015421	WP_250125106.1
GO:0016874	WP_250125106.1
GO:0016887	WP_250125106.1
GO:0034040	WP_250125106.1
GO:0005524	WP_250125137.1
GO:0005886	WP_250125137.1
GO:0016887	WP_250125137.1
GO:0003677	WP_250125152.1
GO:0004519	WP_250125152.1
GO:0006310	WP_250125152.1
GO:0032196	WP_250125152.1
GO:0003688	WP_250125154.1
GO:0005524	WP_250125154.1
GO:0005737	WP_250125154.1
GO:0005886	WP_250125154.1
GO:0006270	WP_250125154.1
GO:0006275	WP_250125154.1
GO:0008289	WP_250125154.1
GO:0003676	WP_250125167.1
GO:0006281	WP_250125167.1
GO:0006310	WP_250125167.1
GO:0008409	WP_250125167.1
GO:0005524	WP_250125173.1
GO:0016887	WP_250125173.1
GO:0015833	WP_250125183.1
GO:0042597	WP_250125183.1
GO:0043190	WP_250125183.1
GO:1904680	WP_250125183.1
GO:0015833	WP_250125185.1
GO:0042597	WP_250125185.1
GO:0043190	WP_250125185.1
GO:1904680	WP_250125185.1
GO:0006750	WP_250125188.1
GO:0006751	WP_250125188.1
GO:0036374	WP_250125188.1
GO:0103068	WP_250125188.1
GO:0000287	WP_250125191.1
GO:0004743	WP_250125191.1
GO:0005524	WP_250125191.1
GO:0006950	WP_250125191.1
GO:0016301	WP_250125191.1
GO:0030955	WP_250125191.1
GO:0017004	WP_250125211.1
GO:0031676	WP_250125211.1
GO:0043531	WP_250125218.1
GO:0004715	WP_250125235.1
GO:0005524	WP_250125235.1
GO:0005886	WP_250125235.1
GO:0042802	WP_250125235.1
GO:0016020	WP_250125243.1
GO:0016780	WP_250125243.1
GO:0017111	WP_250125246.1
GO:0032559	WP_250125246.1
GO:0035639	WP_250125246.1
GO:0042626	WP_250125246.1
GO:0110165	WP_250125246.1
GO:0015343	WP_250125265.1
GO:0019867	WP_250125265.1
GO:0030312	WP_250125265.1
GO:0030313	WP_250125265.1
GO:0060089	WP_250125265.1
GO:1901678	WP_250125265.1
GO:0005829	WP_250125274.1
GO:0008422	WP_250125274.1
GO:0030245	WP_250125274.1
GO:0006508	WP_250125275.1
GO:0008237	WP_250125275.1
GO:0005829	WP_250125276.1
GO:0006508	WP_250125276.1
GO:0008237	WP_250125276.1
GO:0005829	WP_250125294.1
GO:0008767	WP_250125294.1
GO:0016491	WP_250125294.1
GO:0050660	WP_250125294.1
GO:0005886	WP_250125296.1
GO:0003677	WP_250125324.1
GO:0005524	WP_250125324.1
GO:0005737	WP_250125324.1
GO:0006260	WP_250125324.1
GO:0006281	WP_250125324.1
GO:0006310	WP_250125324.1
GO:0006355	WP_250125324.1
GO:0009378	WP_250125324.1
GO:0009432	WP_250125324.1
GO:0016787	WP_250125324.1
GO:0030894	WP_250125324.1
GO:0043138	WP_250125324.1
GO:0043590	WP_250125324.1
GO:0046872	WP_250125324.1
GO:0005524	WP_250125339.1
GO:0005737	WP_250125339.1
GO:0009432	WP_250125339.1
GO:0018169	WP_250125339.1
GO:0046872	WP_250125339.1
GO:0003674	WP_250125340.1
GO:0005737	WP_250125343.1
GO:0005992	WP_250125343.1
GO:0033942	WP_250125343.1
GO:0043169	WP_250125343.1
GO:0004360	WP_250125346.1
GO:0005829	WP_250125346.1
GO:0005975	WP_250125346.1
GO:0006002	WP_250125346.1
GO:0006047	WP_250125346.1
GO:0006487	WP_250125346.1
GO:0046349	WP_250125346.1
GO:0097367	WP_250125346.1
GO:0003677	WP_250125347.1
GO:0003973	WP_250125349.1
GO:0004458	WP_250125349.1
GO:0009339	WP_250125349.1
GO:0071949	WP_250125349.1
GO:0002161	WP_250125368.1
GO:0004823	WP_250125368.1
GO:0005524	WP_250125368.1
GO:0005829	WP_250125368.1
GO:0006429	WP_250125368.1
GO:0004673	WP_250125380.1
GO:0016020	WP_250125380.1
GO:0032559	WP_250125380.1
GO:0035639	WP_250125380.1
GO:0060089	WP_250125380.1
GO:0071944	WP_250125380.1
GO:0140299	WP_250125380.1
GO:0000271	WP_250125381.1
GO:0008610	WP_250125381.1
GO:0008653	WP_250125381.1
GO:0009101	WP_250125381.1
GO:0016020	WP_250125381.1
GO:0016758	WP_250125381.1
GO:0071944	WP_250125381.1
GO:0006865	WP_250125386.1
GO:0004673	WP_250125406.1
GO:0016020	WP_250125406.1
GO:0060089	WP_250125406.1
GO:0071944	WP_250125406.1
GO:0140299	WP_250125406.1
GO:0000155	WP_250125407.1
GO:0005524	WP_250125407.1
GO:0005886	WP_250125407.1
GO:0009927	WP_250125407.1
GO:0005829	WP_250125410.1
GO:0006508	WP_250125410.1
GO:0008237	WP_250125410.1
GO:0030288	WP_250125413.1
GO:0030435	WP_250125413.1
GO:0009055	WP_250125432.1
GO:0010181	WP_250125432.1
GO:0016646	WP_250125432.1
GO:0016791	WP_250125438.1
GO:0003924	WP_250125439.1
GO:0005047	WP_250125439.1
GO:0005525	WP_250125439.1
GO:0005737	WP_250125439.1
GO:0005886	WP_250125439.1
GO:0006614	WP_250125439.1
GO:0051301	WP_250125439.1
GO:0006629	WP_250125444.1
GO:0009056	WP_250125444.1
GO:0052689	WP_250125444.1
GO:0015159	WP_250125445.1
GO:0005524	WP_250125451.1
GO:0005737	WP_250125451.1
GO:0006508	WP_250125451.1
GO:0008233	WP_250125451.1
GO:0016887	WP_250125451.1
GO:0034605	WP_250125451.1
GO:0008836	WP_250125453.1
GO:0009089	WP_250125453.1
GO:0030170	WP_250125453.1
GO:0003674	WP_250125467.1
GO:0008643	WP_250125471.1
GO:0015288	WP_250125471.1
GO:0016020	WP_250125471.1
GO:0009690	WP_250125477.1
GO:0019139	WP_250125477.1
GO:0071949	WP_250125477.1
GO:0004252	WP_250125534.1
GO:0006508	WP_250125534.1
GO:0003677	WP_250125550.1
GO:0003887	WP_250125550.1
GO:0006261	WP_250125550.1
GO:0006302	WP_250125550.1
GO:0008408	WP_250125550.1
GO:0008409	WP_250125550.1
GO:0003844	WP_250125562.1
GO:0004553	WP_250125562.1
GO:0005829	WP_250125562.1
GO:0005978	WP_250125562.1
GO:0043169	WP_250125562.1
GO:0003676	WP_250125573.1
GO:0004386	WP_250125573.1
GO:0005524	WP_250125573.1
GO:0016787	WP_250125573.1
GO:0055087	WP_250125573.1
GO:0070478	WP_250125573.1
GO:0000162	WP_250125578.1
GO:0004049	WP_250125578.1
GO:0046872	WP_250125578.1
GO:0005525	WP_250125580.1
GO:0042254	WP_250125580.1
GO:0043022	WP_250125580.1
GO:0016491	WP_250125581.1
GO:0004556	WP_250125590.1
GO:0005975	WP_250125590.1
GO:0016740	WP_250125590.1
GO:0016853	WP_250125590.1
GO:0043169	WP_250125590.1
GO:0000725	WP_250125591.1
GO:0003677	WP_250125591.1
GO:0005524	WP_250125591.1
GO:0005829	WP_250125591.1
GO:0006260	WP_250125591.1
GO:0009314	WP_250125591.1
GO:0016887	WP_250125591.1
GO:0033202	WP_250125591.1
GO:0043138	WP_250125591.1
GO:0005886	WP_250125601.1
GO:0042910	WP_250125601.1
GO:0000155	WP_250125610.1
GO:0005524	WP_250125610.1
GO:0004673	WP_250125613.1
GO:0016020	WP_250125613.1
GO:0032559	WP_250125613.1
GO:0035639	WP_250125613.1
GO:0071944	WP_250125613.1
GO:0140299	WP_250125613.1
GO:0005524	WP_250125620.1
GO:0016636	WP_250125620.1
GO:0016730	WP_250125620.1
GO:0019685	WP_250125620.1
GO:0030494	WP_250125620.1
GO:0036068	WP_250125620.1
GO:0046872	WP_250125620.1
GO:0051539	WP_250125620.1
GO:0015343	WP_250125622.1
GO:0019867	WP_250125622.1
GO:0030312	WP_250125622.1
GO:0030313	WP_250125622.1
GO:0060089	WP_250125622.1
GO:1901678	WP_250125622.1
GO:0005829	WP_250125629.1
GO:0006631	WP_250125629.1
GO:0008610	WP_250125629.1
GO:0009239	WP_250125629.1
GO:0009366	WP_250125629.1
GO:0031177	WP_250125629.1
GO:0043041	WP_250125629.1
GO:0047527	WP_250125629.1
GO:0071766	WP_250125629.1
GO:0072330	WP_250125629.1
GO:0004312	WP_250125630.1
GO:0004315	WP_250125630.1
GO:0006633	WP_250125630.1
GO:0008168	WP_250125630.1
GO:0016491	WP_250125630.1
GO:0016853	WP_250125630.1
GO:0031177	WP_250125630.1
GO:0032259	WP_250125630.1
GO:0034081	WP_250125630.1
GO:0005737	WP_250125635.1
GO:0006629	WP_250125635.1
GO:0016999	WP_250125635.1
GO:0019184	WP_250125635.1
GO:0019748	WP_250125635.1
GO:0019842	WP_250125635.1
GO:0043038	WP_250125635.1
GO:0043168	WP_250125635.1
GO:0047661	WP_250125635.1
GO:0072341	WP_250125635.1
GO:1901681	WP_250125635.1
GO:0008610	WP_250125636.1
GO:0019748	WP_250125636.1
GO:0031177	WP_250125636.1
GO:0032787	WP_250125636.1
GO:0046394	WP_250125636.1
GO:0047689	WP_250125636.1
GO:0051213	WP_250125636.1
GO:0005737	WP_250125637.1
GO:0006629	WP_250125637.1
GO:0019184	WP_250125637.1
GO:0019748	WP_250125637.1
GO:0019842	WP_250125637.1
GO:0032787	WP_250125637.1
GO:0043038	WP_250125637.1
GO:0043168	WP_250125637.1
GO:0046394	WP_250125637.1
GO:0072341	WP_250125637.1
GO:1901681	WP_250125637.1
GO:0003824	WP_250125640.1
GO:0006629	WP_250125640.1
GO:0019184	WP_250125640.1
GO:0019748	WP_250125640.1
GO:0019842	WP_250125640.1
GO:0043038	WP_250125640.1
GO:0043168	WP_250125640.1
GO:0044281	WP_250125640.1
GO:0072341	WP_250125640.1
GO:1901681	WP_250125640.1
GO:0008483	WP_250125642.1
GO:0030170	WP_250125642.1
GO:0005975	WP_250125650.1
GO:0008184	WP_250125650.1
GO:0030170	WP_250125650.1
GO:0004467	WP_250125654.1
GO:0008922	WP_250125654.1
GO:0030497	WP_250125654.1
GO:0002098	WP_250125656.1
GO:0005737	WP_250125656.1
GO:0030488	WP_250125656.1
GO:0050660	WP_250125656.1
GO:0004222	WP_250125659.1
GO:0016020	WP_250125659.1
GO:0046872	WP_250125659.1
GO:0051603	WP_250125659.1
GO:0006203	WP_250125684.1
GO:0008832	WP_250125684.1
GO:0009236	WP_250125692.1
GO:0030789	WP_250125692.1
GO:0032259	WP_250125692.1
GO:0008137	WP_250125693.1
GO:0012505	WP_250125693.1
GO:0019684	WP_250125693.1
GO:0031676	WP_250125693.1
GO:0042773	WP_250125693.1
GO:0048038	WP_250125693.1
GO:0000287	WP_250125694.1
GO:0009055	WP_250125694.1
GO:0009522	WP_250125694.1
GO:0012505	WP_250125694.1
GO:0015979	WP_250125694.1
GO:0016168	WP_250125694.1
GO:0016491	WP_250125694.1
GO:0031676	WP_250125694.1
GO:0051539	WP_250125694.1
GO:0000287	WP_250125695.1
GO:0009055	WP_250125695.1
GO:0009522	WP_250125695.1
GO:0012505	WP_250125695.1
GO:0015979	WP_250125695.1
GO:0016168	WP_250125695.1
GO:0016491	WP_250125695.1
GO:0031676	WP_250125695.1
GO:0051539	WP_250125695.1
GO:0005524	WP_250125697.1
GO:0016887	WP_250125697.1
GO:0000155	WP_250125702.1
GO:0000160	WP_250125702.1
GO:0005524	WP_250125702.1
GO:0005886	WP_250125702.1
GO:0006935	WP_250125702.1
GO:0005886	WP_250125703.1
GO:0022857	WP_250125703.1
GO:1905039	WP_250125703.1
GO:0003824	WP_250125707.1
GO:0005829	WP_250125707.1
GO:0031419	WP_250125707.1
GO:0046872	WP_250125707.1
GO:0051536	WP_250125707.1
GO:0005524	WP_250125714.1
GO:0005737	WP_250125714.1
GO:0016887	WP_250125714.1
GO:0034605	WP_250125714.1
GO:0042026	WP_250125714.1
GO:0000162	WP_250125719.1
GO:0004049	WP_250125719.1
GO:0046872	WP_250125719.1
GO:0000155	WP_250125721.1
GO:0005975	WP_250125723.1
GO:0019154	WP_250125728.1
GO:0046872	WP_250125728.1
GO:0051539	WP_250125728.1
GO:0004497	WP_250125731.1
GO:0005506	WP_250125731.1
GO:0016705	WP_250125731.1
GO:0020037	WP_250125731.1
GO:0004497	WP_250125732.1
GO:0005506	WP_250125732.1
GO:0016705	WP_250125732.1
GO:0020037	WP_250125732.1
GO:0003883	WP_250125762.1
GO:0004359	WP_250125762.1
GO:0005524	WP_250125762.1
GO:0005829	WP_250125762.1
GO:0019856	WP_250125762.1
GO:0042802	WP_250125762.1
GO:0044210	WP_250125762.1
GO:0046872	WP_250125762.1
GO:0097268	WP_250125762.1
GO:0008745	WP_250125763.1
GO:0009253	WP_250125763.1
GO:0030288	WP_250125763.1
GO:0071555	WP_250125763.1
GO:0006631	WP_250125792.1
GO:0008756	WP_250125792.1
GO:0031956	WP_250125792.1
GO:0005886	WP_250125821.1
GO:0006814	WP_250125821.1
GO:0008643	WP_250125821.1
GO:0015293	WP_250125821.1
GO:0019521	WP_250125830.1
GO:0046316	WP_250125830.1
GO:0004791	WP_250125834.1
GO:0005737	WP_250125834.1
GO:0019430	WP_250125834.1
GO:0000166	WP_250125856.1
GO:0008473	WP_250125856.1
GO:0016990	WP_250125856.1
GO:0019546	WP_250125856.1
GO:0003993	WP_250125859.1
GO:0046872	WP_250125859.1
GO:0005985	WP_250125862.1
GO:0016157	WP_250125862.1
GO:0004521	WP_250125866.1
GO:0004348	WP_250125873.1
GO:0005975	WP_250125873.1
GO:0006680	WP_250125873.1
GO:0008422	WP_250125873.1
GO:0016020	WP_250125873.1
GO:0004672	WP_250125880.1
GO:0032559	WP_250125880.1
GO:0035639	WP_250125880.1
GO:0005524	WP_250125895.1
GO:0005886	WP_250125895.1
GO:0015421	WP_250125895.1
GO:0016887	WP_250125895.1
GO:0030170	WP_250125903.1
GO:0034386	WP_250125903.1
GO:0042802	WP_250125903.1
GO:0047298	WP_250125903.1
GO:0003844	WP_250125915.1
GO:0005576	WP_250125915.1
GO:0016787	WP_250125915.1
GO:0030979	WP_250125915.1
GO:0005886	WP_250125925.1
GO:0022857	WP_250125925.1
GO:0005524	WP_250125929.1
GO:0016787	WP_250125929.1
GO:0031676	WP_250125929.1
GO:0043531	WP_250125929.1
GO:0045259	WP_250125929.1
GO:0046933	WP_250125929.1
GO:0015979	WP_250125938.1
GO:0016829	WP_250125938.1
GO:0030089	WP_250125938.1
GO:0031676	WP_250125938.1
GO:0003852	WP_250125945.1
GO:0003985	WP_250125945.1
GO:0004410	WP_250125945.1
GO:0005737	WP_250125945.1
GO:0009098	WP_250125945.1
GO:0030145	WP_250125945.1
GO:0003886	WP_250125950.1
GO:0009307	WP_250125950.1
GO:0032259	WP_250125950.1
GO:0004619	WP_250125959.1
GO:0005829	WP_250125959.1
GO:0006007	WP_250125959.1
GO:0006096	WP_250125959.1
GO:0030145	WP_250125959.1
GO:0003676	WP_250125960.1
GO:0005524	WP_250125960.1
GO:0016887	WP_250125960.1
GO:0003677	WP_250125996.1
GO:0005524	WP_250125996.1
GO:0004386	WP_250126008.1
GO:0005524	WP_250126008.1
GO:0016787	WP_250126008.1
GO:0008381	WP_250126061.1
GO:0016020	WP_250126069.1
GO:0004497	WP_250126070.1
GO:0010436	WP_250126070.1
GO:0016121	WP_250126070.1
GO:0046872	WP_250126070.1
GO:0003677	WP_250126083.1
GO:0005737	WP_250126083.1
GO:0006289	WP_250126083.1
GO:0009380	WP_250126083.1
GO:0009381	WP_250126083.1
GO:0009432	WP_250126083.1
GO:0016462	WP_250126096.1
GO:0008150	WP_250126100.1
GO:0003824	WP_250126116.1
GO:0009523	WP_250126120.1
GO:0009772	WP_250126120.1
GO:0016168	WP_250126120.1
GO:0031676	WP_250126120.1
GO:0046872	WP_250126120.1
GO:0005524	WP_250126121.1
GO:0005886	WP_250126121.1
GO:0015421	WP_250126121.1
GO:0016887	WP_250126121.1
GO:0003824	WP_250126167.1
GO:0005829	WP_250126167.1
GO:0031419	WP_250126167.1
GO:0046872	WP_250126167.1
GO:0051536	WP_250126167.1
GO:0003677	WP_250126288.1
GO:0006351	WP_250126288.1
GO:0006355	WP_250126288.1
GO:0005488	WP_250126340.1
GO:0008152	WP_250126340.1
GO:0005488	WP_250126341.1
GO:0008150	WP_250126341.1
GO:0005524	WP_250126349.1
GO:0016887	WP_250126349.1
GO:0009987	WP_250126352.1
GO:0004129	WP_250126384.1
GO:0009060	WP_250126384.1
GO:0016020	WP_250126384.1
GO:0020037	WP_250126384.1
GO:0016491	WP_250126405.1
GO:0071949	WP_250126405.1
GO:0000155	WP_250126413.1
GO:0004674	WP_250126413.1
GO:0005524	WP_250126413.1
GO:0006355	WP_250126413.1
GO:0016020	WP_250126413.1
GO:0046983	WP_250126413.1
GO:0003677	WP_250126430.1
GO:0004386	WP_250126430.1
GO:0005524	WP_250126430.1
GO:0005829	WP_250126430.1
GO:0016787	WP_250126430.1
GO:0005524	WP_250126440.1
GO:0005886	WP_250126440.1
GO:0016887	WP_250126440.1
GO:0034040	WP_250126440.1
GO:0140359	WP_250126440.1
GO:0005524	WP_250126446.1
GO:0005886	WP_250126446.1
GO:0016887	WP_250126446.1
GO:0034040	WP_250126446.1
GO:0140359	WP_250126446.1
GO:0003824	WP_250126451.1
GO:0005622	WP_250126451.1
GO:0006629	WP_250126451.1
GO:0009404	WP_250126451.1
GO:0019184	WP_250126451.1
GO:0019842	WP_250126451.1
GO:0043038	WP_250126451.1
GO:0043168	WP_250126451.1
GO:0044550	WP_250126451.1
GO:0072341	WP_250126451.1
GO:1901681	WP_250126451.1
GO:0005829	WP_250126453.1
GO:0008610	WP_250126453.1
GO:0016874	WP_250126453.1
GO:0017000	WP_250126453.1
GO:0031177	WP_250126453.1
GO:0043041	WP_250126453.1
GO:0044550	WP_250126453.1
GO:0004312	WP_250126458.1
GO:0004315	WP_250126458.1
GO:0005737	WP_250126458.1
GO:0006633	WP_250126458.1
GO:0031177	WP_250126458.1
GO:1902494	WP_250126458.1
GO:0004315	WP_250126459.1
GO:0005737	WP_250126459.1
GO:0006633	WP_250126459.1
GO:0016874	WP_250126459.1
GO:0031177	WP_250126459.1
GO:0043041	WP_250126459.1
GO:0044550	WP_250126459.1
GO:0004497	WP_250126460.1
GO:0006631	WP_250126461.1
GO:0008610	WP_250126461.1
GO:0016747	WP_250126461.1
GO:0019748	WP_250126461.1
GO:0019842	WP_250126461.1
GO:0043168	WP_250126461.1
GO:0072330	WP_250126461.1
GO:0072341	WP_250126461.1
GO:1901681	WP_250126461.1
GO:0000162	WP_250126463.1
GO:0004106	WP_250126463.1
GO:0008909	WP_250126463.1
GO:0016833	WP_250126463.1
GO:0046872	WP_250126463.1
GO:0005524	WP_250126464.1
GO:0018858	WP_250126464.1
GO:0044550	WP_250126464.1
GO:0003677	WP_250126479.1
GO:0004803	WP_250126479.1
GO:0006313	WP_250126479.1
GO:0003676	WP_250126493.1
GO:0004197	WP_250126493.1
GO:0004386	WP_250126493.1
GO:0005524	WP_250126493.1
GO:0006508	WP_250126493.1
GO:0004817	WP_250126501.1
GO:0005524	WP_250126501.1
GO:0005829	WP_250126501.1
GO:0006423	WP_250126501.1
GO:0008270	WP_250126501.1
GO:0003677	WP_250126525.1
GO:0005524	WP_250126525.1
GO:0016787	WP_250126525.1
GO:0043138	WP_250126525.1
GO:0003677	WP_250126538.1
GO:0006351	WP_250126538.1
GO:0006355	WP_250126538.1
GO:0005507	WP_250126544.1
GO:0005524	WP_250126544.1
GO:0005886	WP_250126544.1
GO:0016887	WP_250126544.1
GO:0043682	WP_250126544.1
GO:0055070	WP_250126544.1
GO:0004035	WP_250126561.1
GO:0046872	WP_250126561.1
GO:0000150	WP_250126597.1
GO:0003677	WP_250126597.1
GO:0003677	WP_250126634.1
GO:0003677	WP_250126637.1
GO:0005524	WP_250126637.1
GO:0006310	WP_250126637.1
GO:0009338	WP_250126637.1
GO:0016787	WP_250126637.1
GO:0017116	WP_250126637.1
GO:0043139	WP_250126637.1
GO:0003824	WP_250126667.1
GO:0005488	WP_250126667.1
GO:0016491	WP_250126668.1
GO:0071949	WP_250126668.1
GO:0000155	WP_250126675.1
GO:0005524	WP_250126675.1
GO:0006355	WP_250126675.1
GO:0016020	WP_250126675.1
GO:0046983	WP_250126675.1
GO:0003844	WP_250126676.1
GO:0004553	WP_250126676.1
GO:0005978	WP_250126676.1
GO:0016491	WP_250126676.1
GO:0043169	WP_250126676.1
GO:0004568	WP_250126677.1
GO:0006026	WP_250126677.1
GO:0006030	WP_250126677.1
GO:0044238	WP_250126677.1
GO:0097367	WP_250126677.1
GO:0110165	WP_250126677.1
GO:1901072	WP_250126677.1
GO:0003824	WP_250126722.1
GO:0012505	WP_250126722.1
GO:0006325	WP_250126734.1
GO:0043531	WP_250126734.1
GO:0016491	WP_250126765.1
GO:0071949	WP_250126765.1
GO:0005886	WP_250126792.1
GO:0006811	WP_250126792.1
GO:0015297	WP_250126792.1
GO:0042910	WP_250126792.1
GO:0016787	WP_250126803.1
GO:0000155	WP_250126811.1
GO:0005524	WP_250126811.1
GO:0005886	WP_250126811.1
GO:0003676	WP_250126824.1
GO:0003964	WP_250126824.1
GO:0004519	WP_250126824.1
GO:0008270	WP_250126824.1
GO:0006259	WP_250126828.1
GO:0051213	WP_256478626.1
GO:0004673	WP_256478703.1
GO:0140299	WP_256478703.1
GO:0016709	WP_256478798.1
GO:0071949	WP_256478798.1
GO:0016020	WP_256478827.1
GO:0016780	WP_256478827.1
GO:0003677	WP_256478922.1
GO:0005524	WP_256478922.1
GO:0005694	WP_256478922.1
GO:0006265	WP_256478922.1
GO:0016539	WP_256478922.1
GO:0034335	WP_256478922.1
GO:0046872	WP_256478922.1
GO:0003677	WP_256478929.1
GO:0006310	WP_256478929.1
GO:0032196	WP_256478929.1
GO:0046872	WP_256478929.1
GO:0000287	WP_256478962.1
GO:0003984	WP_256478962.1
GO:0005948	WP_256478962.1
GO:0009097	WP_256478962.1
GO:0009099	WP_256478962.1
GO:0030976	WP_256478962.1
GO:0050660	WP_256478962.1
GO:0005524	WP_275983354.1
GO:0015833	WP_275983354.1
GO:0016887	WP_275983354.1
GO:0055085	WP_275983354.1
GO:0004176	WP_275983356.1
GO:0004222	WP_275983356.1
GO:0005524	WP_275983356.1
GO:0006508	WP_275983356.1
GO:0008270	WP_275983356.1
GO:0016887	WP_275983356.1
GO:0030163	WP_275983356.1
GO:0031676	WP_275983356.1
GO:0051301	WP_275983356.1
GO:0005737	WP_275983368.1
GO:0009229	WP_275983368.1
GO:0043799	WP_275983368.1
GO:0050660	WP_275983368.1
GO:1990107	WP_275983368.1
GO:0003921	WP_275983373.1
GO:0005524	WP_275983373.1
GO:0005829	WP_275983373.1
GO:0005391	WP_275983374.1
GO:0005524	WP_275983374.1
GO:0005886	WP_275983374.1
GO:0006883	WP_275983374.1
GO:0016887	WP_275983374.1
GO:0030007	WP_275983374.1
GO:0036376	WP_275983374.1
GO:1902600	WP_275983374.1
GO:1990573	WP_275983374.1
GO:0000287	WP_275983386.1
GO:0003935	WP_275983386.1
GO:0005525	WP_275983386.1
GO:0005829	WP_275983386.1
GO:0008270	WP_275983386.1
GO:0008686	WP_275983386.1
GO:0009231	WP_275983386.1
GO:0030145	WP_275983386.1
GO:0016020	WP_346016526.1
GO:0016491	WP_346016526.1
GO:0046872	WP_346016526.1
GO:0050660	WP_346016526.1
GO:0051537	WP_346016526.1
GO:0006631	WP_346016533.1
GO:0008610	WP_346016533.1
GO:0016747	WP_346016533.1
GO:0072330	WP_346016533.1
GO:0002098	WP_346016555.1
GO:0003924	WP_346016555.1
GO:0005525	WP_346016555.1
GO:0005829	WP_346016555.1
GO:0030488	WP_346016555.1
GO:0042802	WP_346016555.1
GO:0046872	WP_346016555.1
GO:0000287	WP_346016574.1
GO:0003677	WP_346016574.1
GO:0004674	WP_346016574.1
GO:0004712	WP_346016574.1
GO:0005524	WP_346016574.1
GO:0006351	WP_346016574.1
GO:0006355	WP_346016574.1
GO:0007623	WP_346016574.1
GO:0016787	WP_346016574.1
GO:0042752	WP_346016574.1
GO:0005524	WP_346016588.1
GO:0005886	WP_346016588.1
GO:0016887	WP_346016588.1
GO:0034040	WP_346016588.1
GO:0140359	WP_346016588.1
GO:0006814	WP_346016594.1
GO:0015297	WP_346016594.1
GO:0016020	WP_346016594.1
GO:1902600	WP_346016594.1
GO:0000287	WP_346016601.1
GO:0004044	WP_346016601.1
GO:0006189	WP_346016601.1
GO:0009113	WP_346016601.1
GO:0051539	WP_346016601.1
GO:0005524	WP_346016605.1
GO:0005886	WP_346016605.1
GO:0015421	WP_346016605.1
GO:0016887	WP_346016605.1
GO:0034040	WP_346016605.1
GO:0016811	WP_346016609.1
GO:0017000	WP_346016609.1
GO:0046872	WP_346016609.1
GO:0004672	WP_346016625.1
GO:0005524	WP_346016625.1
GO:0016020	WP_346016625.1
GO:0046467	WP_346016625.1
GO:1901031	WP_346016625.1
GO:0005576	WP_346016636.1
GO:0005975	WP_346016636.1
GO:0016810	WP_346016636.1
GO:0005886	WP_346016637.1
GO:0015385	WP_346016637.1
GO:0015386	WP_346016637.1
GO:0051453	WP_346016637.1
GO:0098719	WP_346016637.1
GO:0005886	WP_346016638.1
GO:0006740	WP_346016638.1
GO:0008750	WP_346016638.1
GO:0016491	WP_346016638.1
GO:0050661	WP_346016638.1
GO:0005975	WP_346016641.1
GO:0005886	WP_346016655.1
GO:0015112	WP_346016655.1
GO:0015113	WP_346016655.1
GO:0042128	WP_346016655.1
GO:0008168	WP_346016672.1
GO:0032259	WP_346016672.1
GO:0044010	WP_346016672.1
GO:0005829	WP_346016678.1
GO:0006508	WP_346016678.1
GO:0008237	WP_346016678.1
GO:0003677	WP_346016679.1
GO:0004630	WP_346016679.1
GO:0006281	WP_346016679.1
GO:0006793	WP_346016679.1
GO:0016042	WP_346016679.1
GO:0016891	WP_346016679.1
GO:0003677	WP_346016680.1
GO:0005524	WP_346016680.1
GO:0005737	WP_346016680.1
GO:0006281	WP_346016680.1
GO:0006310	WP_346016680.1
GO:0009378	WP_346016680.1
GO:0016787	WP_346016680.1
GO:0030894	WP_346016680.1
GO:0043138	WP_346016680.1
GO:0043590	WP_346016680.1
GO:0046872	WP_346016680.1
GO:0004129	WP_346016684.1
GO:0005886	WP_346016684.1
GO:0006119	WP_346016684.1
GO:0015990	WP_346016684.1
GO:0020037	WP_346016684.1
GO:0022904	WP_346016684.1
GO:0046872	WP_346016684.1
GO:0000049	WP_346016687.1
GO:0004829	WP_346016687.1
GO:0005524	WP_346016687.1
GO:0005737	WP_346016687.1
GO:0006435	WP_346016687.1
GO:0016787	WP_346016687.1
GO:0046872	WP_346016687.1
GO:0003924	WP_346016691.1
GO:0005525	WP_346016691.1
GO:0005737	WP_346016691.1
GO:0043022	WP_346016691.1
GO:0046872	WP_346016691.1
GO:0005247	WP_346016696.1
GO:0005886	WP_346016696.1
GO:0010181	WP_346016697.1
GO:0016646	WP_346016697.1
GO:0046872	WP_346016697.1
GO:0004056	WP_346016698.1
GO:0005829	WP_346016698.1
GO:0042450	WP_346016698.1
GO:0003924	WP_346016700.1
GO:0005525	WP_346016700.1
GO:0005829	WP_346016700.1
GO:0006449	WP_346016700.1
GO:0016149	WP_346016700.1
GO:0016150	WP_346016700.1
GO:0005975	WP_346016702.1
GO:0006166	WP_346016702.1
GO:0008973	WP_346016702.1
GO:0046872	WP_346016702.1
GO:0005886	WP_346016703.1
GO:0008658	WP_346016703.1
GO:0051301	WP_346016703.1
GO:0071555	WP_346016703.1
GO:0003677	WP_346016717.1
GO:0003700	WP_346016717.1
GO:0006351	WP_346016717.1
GO:0008483	WP_346016717.1
GO:0030170	WP_346016717.1
GO:0005524	WP_346016718.1
GO:0005886	WP_346016718.1
GO:0006825	WP_346016718.1
GO:0016887	WP_346016718.1
GO:0019829	WP_346016718.1
GO:0046872	WP_346016718.1
GO:0004072	WP_346016721.1
GO:0005524	WP_346016721.1
GO:0005829	WP_346016721.1
GO:0009088	WP_346016721.1
GO:0009089	WP_346016721.1
GO:0009090	WP_346016721.1
GO:0019877	WP_346016721.1
GO:0004673	WP_346016722.1
GO:0016020	WP_346016722.1
GO:0032559	WP_346016722.1
GO:0035639	WP_346016722.1
GO:0071944	WP_346016722.1
GO:0140299	WP_346016722.1
GO:0000287	WP_346016725.1
GO:0004553	WP_346016725.1
GO:0005975	WP_346016725.1
GO:0008801	WP_346016725.1
GO:0016757	WP_346016725.1
GO:0030246	WP_346016725.1
GO:0005886	WP_346016733.1
GO:0022857	WP_346016733.1
GO:0002098	WP_346016738.1
GO:0005525	WP_346016738.1
GO:0005737	WP_346016738.1
GO:0016020	WP_346016738.1
GO:0030488	WP_346016738.1
GO:0003824	WP_346016746.1
GO:0003861	WP_346016747.1
GO:0009098	WP_346016747.1
GO:0046872	WP_346016747.1
GO:0051539	WP_346016747.1
GO:0005524	WP_346016751.1
GO:0000271	WP_346016752.1
GO:0008610	WP_346016752.1
GO:0008653	WP_346016752.1
GO:0010039	WP_346016752.1
GO:0016020	WP_346016752.1
GO:0016757	WP_346016752.1
GO:0071944	WP_346016752.1
GO:1901137	WP_346016752.1
GO:0016874	WP_346016756.1
GO:0006750	WP_346016757.1
GO:0006751	WP_346016757.1
GO:0036374	WP_346016757.1
GO:0103068	WP_346016757.1
GO:0004040	WP_346016768.1
GO:0005524	WP_346016769.1
GO:0016301	WP_346016769.1
GO:0046496	WP_346016769.1
GO:0046872	WP_346016769.1
GO:0052855	WP_346016769.1
GO:0052856	WP_346016769.1
GO:0110051	WP_346016769.1
GO:0004592	WP_346016776.1
GO:0005524	WP_346016776.1
GO:0005829	WP_346016776.1
GO:0006220	WP_346016776.1
GO:0015940	WP_346016776.1
GO:0015949	WP_346016776.1
GO:0036430	WP_346016776.1
GO:0036431	WP_346016776.1
GO:0005524	WP_346016794.1
GO:0005737	WP_346016794.1
GO:0008360	WP_346016794.1
GO:0008764	WP_346016794.1
GO:0009252	WP_346016794.1
GO:0051301	WP_346016794.1
GO:0071555	WP_346016794.1
GO:0000287	WP_346016807.1
GO:0004615	WP_346016807.1
GO:0005829	WP_346016807.1
GO:0005975	WP_346016807.1
GO:0006048	WP_346016807.1
GO:0008966	WP_346016807.1
GO:0009252	WP_346016807.1
GO:0016491	WP_346016834.1
GO:0005886	WP_346016836.1
GO:0005886	WP_346016867.1
GO:0009103	WP_346016867.1
GO:0016763	WP_346016867.1
GO:0005488	WP_346016889.1
GO:0140640	WP_346016889.1
GO:0016757	WP_250125298.1
GO:0005886	WP_250124360.1
GO:0006605	WP_250124360.1
GO:0015450	WP_250124360.1
GO:0043952	WP_250124360.1
GO:0065002	WP_250124360.1
GO:0003677	WP_250126516.1
GO:0004803	WP_250126516.1
GO:0006313	WP_250126516.1
GO:0003677	WP_250124726.1
GO:0006310	WP_250124726.1
GO:0032196	WP_250124726.1
GO:0046872	WP_250124726.1
GO:0004674	WP_250121867.1
GO:0005524	WP_250121867.1
GO:0106310	WP_250121867.1
GO:0004372	WP_250126141.1
GO:0005829	WP_250126141.1
GO:0008168	WP_250126141.1
GO:0019264	WP_250126141.1
GO:0030170	WP_250126141.1
GO:0032259	WP_250126141.1
GO:0035999	WP_250126141.1
GO:0005524	WP_250125301.1
GO:0016020	WP_250125301.1
GO:0016887	WP_250125301.1
GO:0140359	WP_250125301.1
GO:0005886	WP_250122451.1
GO:0015095	WP_250122451.1
GO:0046872	WP_250122451.1
GO:0005829	WP_250124493.1
GO:0009042	WP_250124493.1
GO:0030170	WP_250124493.1
GO:1901605	WP_250124493.1
GO:0003824	WP_250123051.1
GO:0005622	WP_250123051.1
GO:0005524	WP_250121668.1
GO:0046872	WP_250121668.1
GO:0016798	WP_250123799.1
GO:0016740	WP_250124487.1
GO:0016020	WP_346016774.1
GO:0016491	WP_346016774.1
GO:0000155	WP_250124175.1
GO:0005886	WP_250124175.1
GO:0000150	WP_250123060.1
GO:0003677	WP_250123060.1
GO:0016791	WP_250121508.1
GO:0003941	WP_250122365.1
GO:0004794	WP_250122365.1
GO:0004795	WP_250122365.1
GO:0006565	WP_250122365.1
GO:0006567	WP_250122365.1
GO:0009088	WP_250122365.1
GO:0009097	WP_250122365.1
GO:0005737	WP_250123128.1
GO:0006782	WP_250123128.1
GO:0008483	WP_250123128.1
GO:0015995	WP_250123128.1
GO:0030170	WP_250123128.1
GO:0042286	WP_250123128.1
GO:0016757	WP_250125796.1
GO:0005886	WP_250125627.1
GO:0022857	WP_250125627.1
GO:0016787	WP_250122082.1
GO:0003677	WP_346016553.1
GO:0006310	WP_346016553.1
GO:0032196	WP_346016553.1
GO:0005524	WP_275983366.1
GO:0008643	WP_275983366.1
GO:0016887	WP_275983366.1
GO:0055052	WP_275983366.1
GO:0140359	WP_275983366.1
GO:0004222	WP_250124828.1
GO:0006508	WP_250124828.1
GO:0046872	WP_250124828.1
GO:0003992	WP_250124064.1
GO:0005737	WP_250124064.1
GO:0006526	WP_250124064.1
GO:0030170	WP_250124064.1
GO:0042802	WP_250124064.1
GO:0003866	WP_250125258.1
GO:0005737	WP_250125258.1
GO:0008652	WP_250125258.1
GO:0009073	WP_250125258.1
GO:0009423	WP_250125258.1
GO:0005524	WP_250124633.1
GO:0008233	WP_250124633.1
GO:0008270	WP_250124633.1
GO:0009376	WP_250124633.1
GO:0016887	WP_250124633.1
GO:0046983	WP_250124633.1
GO:0051082	WP_250124633.1
GO:0051301	WP_250124633.1
GO:0051603	WP_250124633.1
GO:0140662	WP_250124633.1
GO:0004109	WP_250122355.1
GO:0005737	WP_250122355.1
GO:0006779	WP_250122355.1
GO:0046872	WP_250122355.1
GO:0051539	WP_250122355.1
GO:0003676	WP_250123640.1
GO:0006259	WP_250123640.1
GO:0008168	WP_250123829.1
GO:0032259	WP_250123829.1
GO:0015768	WP_250125923.1
GO:0042956	WP_250125923.1
GO:0055052	WP_250125923.1
GO:1901982	WP_250125923.1
GO:0005886	WP_346016556.1
GO:0016746	WP_346016556.1
GO:0042121	WP_346016556.1
GO:0019877	WP_250121321.1
GO:0046872	WP_250121321.1
GO:0050118	WP_250121321.1
GO:0004497	WP_250125917.1
GO:0006744	WP_250125917.1
GO:0016705	WP_250125917.1
GO:0071949	WP_250125917.1
GO:0110142	WP_250125917.1
GO:0016740	WP_250125069.1
GO:0003677	WP_250121406.1
GO:0006310	WP_250121406.1
GO:0032196	WP_250121406.1
GO:0046872	WP_250121406.1
GO:0005886	WP_250123144.1
GO:0008750	WP_250123144.1
GO:0050661	WP_250123144.1
GO:0008483	WP_250124009.1
GO:0030170	WP_250124009.1
GO:0008909	WP_346016615.1
GO:0000105	WP_250123322.1
GO:0004399	WP_250123322.1
GO:0005829	WP_250123322.1
GO:0008270	WP_250123322.1
GO:0051287	WP_250123322.1
GO:0015179	WP_250122176.1
GO:0016020	WP_250122176.1
GO:0004821	WP_250122185.1
GO:0005524	WP_250122185.1
GO:0005737	WP_250122185.1
GO:0006427	WP_250122185.1
GO:0004856	WP_250123309.1
GO:0005524	WP_250123309.1
GO:0005829	WP_250123309.1
GO:0005997	WP_250123309.1
GO:0019150	WP_250123309.1
GO:0004175	WP_250126666.1
GO:0006508	WP_250126666.1
GO:0007165	WP_250126666.1
GO:0008236	WP_250126666.1
GO:0030288	WP_250126666.1
GO:0003824	WP_250122850.1
GO:0030076	WP_250122850.1
GO:0042651	WP_250122850.1
GO:0098796	WP_250122850.1
GO:0000270	WP_250123340.1
GO:0004185	WP_250123340.1
GO:0006508	WP_250123340.1
GO:0004042	WP_250125168.1
GO:0004358	WP_250125168.1
GO:0005737	WP_250125168.1
GO:0006526	WP_250125168.1
GO:0006592	WP_250125168.1
GO:0005886	WP_250125829.1
GO:0022857	WP_250125829.1
GO:0002098	WP_346016780.1
GO:0005525	WP_346016780.1
GO:0005737	WP_346016780.1
GO:0016020	WP_346016780.1
GO:0030488	WP_346016780.1
GO:0005524	WP_250123775.1
GO:0016887	WP_250123775.1
GO:0005524	WP_250123611.1
GO:0016887	WP_250123611.1
GO:0005524	WP_250124651.1
GO:0016020	WP_250124651.1
GO:0016887	WP_250124651.1
GO:0140359	WP_250124651.1
GO:0004018	WP_250124512.1
GO:0005829	WP_250124512.1
GO:0006189	WP_250124512.1
GO:0044208	WP_250124512.1
GO:0070626	WP_250124512.1
GO:0016491	WP_250125348.1
GO:0071949	WP_250125348.1
GO:0004828	WP_250121555.1
GO:0005524	WP_250121555.1
GO:0005737	WP_250121555.1
GO:0006434	WP_250121555.1
GO:0016260	WP_250121555.1
GO:0016757	WP_346016837.1
GO:0004497	WP_250123734.1
GO:0004673	WP_250124095.1
GO:0016020	WP_250124095.1
GO:0071944	WP_250124095.1
GO:0140299	WP_250124095.1
GO:0005886	WP_250125774.1
GO:0006811	WP_250125774.1
GO:0015297	WP_250125774.1
GO:0042910	WP_250125774.1
GO:0015562	WP_250125600.1
GO:1990281	WP_250125600.1
GO:0016757	WP_250121430.1
GO:0005886	WP_250125270.1
GO:0022857	WP_250125270.1
GO:0004517	WP_250123472.1
GO:0006809	WP_250123472.1
GO:0020037	WP_250123472.1
GO:0046872	WP_250123472.1
GO:0015768	WP_250126202.1
GO:0030313	WP_250126202.1
GO:0042956	WP_250126202.1
GO:0055052	WP_250126202.1
GO:1901982	WP_250126202.1
GO:0016757	WP_250123349.1
GO:0016787	WP_250123349.1
GO:0004834	WP_250123837.1
GO:0005737	WP_250123837.1
GO:0004517	WP_250124849.1
GO:0006809	WP_250124849.1
GO:0020037	WP_250124849.1
GO:0046872	WP_250124849.1
GO:0005829	WP_250121938.1
GO:0006508	WP_250121938.1
GO:0008237	WP_250121938.1
GO:0005345	WP_250121317.1
GO:0005886	WP_250121317.1
GO:0004252	WP_250121313.1
GO:0006508	WP_250121313.1
GO:0007165	WP_250121313.1
GO:0030288	WP_250121313.1
GO:0031979	WP_250121313.1
GO:0046872	WP_250124829.1
GO:0000271	WP_250122670.1
GO:0003979	WP_250122670.1
GO:0006065	WP_250122670.1
GO:0051287	WP_250122670.1
GO:0004930	WP_250122546.1
GO:0016020	WP_250122546.1
GO:0010285	WP_250125222.1
GO:0030170	WP_250125222.1
GO:0033362	WP_250125222.1
GO:0016758	WP_250125768.1
GO:0016787	WP_250125768.1
GO:0004637	WP_250121533.1
GO:0005524	WP_250121533.1
GO:0006189	WP_250121533.1
GO:0009113	WP_250121533.1
GO:0046872	WP_250121533.1
GO:0003677	WP_250124212.1
GO:0006310	WP_250124212.1
GO:0032196	WP_250124212.1
GO:0046872	WP_250124212.1
GO:0016747	WP_250121966.1
GO:0003824	WP_250122050.1
GO:0016020	WP_250122050.1
GO:0004328	WP_250124614.1
GO:0000166	WP_250123270.1
GO:0004352	WP_250123270.1
GO:0006538	WP_250123270.1
GO:0004252	WP_250123568.1
GO:0006508	WP_250123568.1
GO:0006534	WP_250122135.1
GO:0030170	WP_250122135.1
GO:0031071	WP_250122135.1
GO:0004013	WP_250125000.1
GO:0005829	WP_250125000.1
GO:0006730	WP_250125000.1
GO:0033353	WP_250125000.1
GO:0071269	WP_250125000.1
GO:0005886	WP_250121730.1
GO:0022857	WP_250121730.1
GO:0004013	WP_250121529.1
GO:0005829	WP_250121529.1
GO:0006730	WP_250121529.1
GO:0033353	WP_250121529.1
GO:0071269	WP_250121529.1
GO:0005886	WP_250125224.1
GO:0008360	WP_250125224.1
GO:0008955	WP_250125224.1
GO:0009252	WP_250125224.1
GO:0015648	WP_250125224.1
GO:0032153	WP_250125224.1
GO:0051301	WP_250125224.1
GO:0071555	WP_250125224.1
GO:0015179	WP_250121631.1
GO:0016020	WP_250121631.1
GO:0000271	WP_250125884.1
GO:0004582	WP_250125884.1
GO:0006488	WP_250125884.1
GO:0006506	WP_250125884.1
GO:0012505	WP_250125884.1
GO:0016020	WP_250125884.1
GO:0035269	WP_250125884.1
GO:0046872	WP_250125884.1
GO:0003676	WP_346016877.1
GO:0006259	WP_346016877.1
GO:0043169	WP_346016877.1
GO:0004411	WP_250121340.1
GO:0005737	WP_250121340.1
GO:0006559	WP_250121340.1
GO:0006570	WP_250121340.1
GO:0046872	WP_250121340.1
GO:0003676	WP_250123233.1
GO:0006259	WP_250123233.1
GO:0043169	WP_250123233.1
GO:0016740	WP_250122340.1
GO:0005886	WP_250125606.1
GO:0015095	WP_250125606.1
GO:0046872	WP_250125606.1
GO:0016853	WP_250123589.1
GO:0003676	WP_256479002.1
GO:0003964	WP_256479002.1
GO:0004519	WP_256479002.1
GO:0008270	WP_256479002.1
GO:0005886	WP_250125398.1
GO:0015078	WP_250125398.1
GO:0005524	WP_250123905.1
GO:0006040	WP_250123905.1
GO:0009254	WP_250123905.1
GO:0016301	WP_250123905.1
GO:0016773	WP_250123905.1
GO:0097175	WP_250123905.1
GO:0009057	WP_250126336.1
GO:0005886	WP_250125733.1
GO:0015297	WP_250125733.1
GO:1902600	WP_250125733.1
GO:0016758	WP_250121503.1
GO:0005886	WP_346016819.1
GO:0050660	WP_346016819.1
GO:0000015	WP_250125716.1
GO:0000287	WP_250125716.1
GO:0004634	WP_250125716.1
GO:0005576	WP_250125716.1
GO:0006096	WP_250125716.1
GO:0009986	WP_250125716.1
GO:0016655	WP_250122788.1
GO:0019684	WP_250122788.1
GO:0031676	WP_250122788.1
GO:0048038	WP_250122788.1
GO:0051287	WP_250122788.1
GO:0003676	WP_250123043.1
GO:0035556	WP_250123043.1
GO:0048869	WP_250123043.1
GO:0110165	WP_250123043.1
GO:0016491	WP_256478963.1
GO:0004315	WP_250122400.1
GO:0005829	WP_250122400.1
GO:0006633	WP_250122400.1
GO:0000155	WP_250122175.1
GO:0005524	WP_250122175.1
GO:0004674	WP_250124112.1
GO:0005524	WP_250124112.1
GO:0004038	WP_250122058.1
GO:0004151	WP_250122058.1
GO:0005737	WP_250122058.1
GO:0006145	WP_250122058.1
GO:0006221	WP_250122058.1
GO:0046872	WP_250122058.1
GO:0000287	WP_250123532.1
GO:0004478	WP_250123532.1
GO:0005524	WP_250123532.1
GO:0005737	WP_250123532.1
GO:0006556	WP_250123532.1
GO:0006730	WP_250123532.1
GO:0008783	WP_250125311.1
GO:0033389	WP_250125311.1
GO:0046872	WP_250125311.1
GO:0004350	WP_250121215.1
GO:0005737	WP_250121215.1
GO:0050661	WP_250121215.1
GO:0055129	WP_250121215.1
GO:0005886	WP_250125420.1
GO:0015379	WP_250125420.1
GO:0004674	WP_250122533.1
GO:0005524	WP_250122533.1
GO:0016757	WP_250124078.1
GO:0004222	WP_250122591.1
GO:0006508	WP_250122591.1
GO:0046872	WP_250122591.1
GO:0016829	WP_346016861.1
GO:0003677	WP_346016626.1
GO:0006310	WP_346016626.1
GO:0032196	WP_346016626.1
GO:0046872	WP_346016626.1
GO:0004518	WP_250124948.1
GO:0005488	WP_250124948.1
GO:0016757	WP_250125077.1
GO:0004632	WP_250121736.1
GO:0004633	WP_250121736.1
GO:0010181	WP_250121736.1
GO:0015937	WP_250121736.1
GO:0015941	WP_250121736.1
GO:0046872	WP_250121736.1
GO:0071513	WP_250121736.1
GO:0003824	WP_250126254.1
GO:0110165	WP_250126254.1
GO:0004252	WP_250122781.1
GO:0006508	WP_250122781.1
GO:0007165	WP_250122781.1
GO:0030288	WP_250122781.1
GO:0031979	WP_250122781.1
GO:0008483	WP_250124307.1
GO:0016829	WP_250124307.1
GO:0008800	WP_346016851.1
GO:0030655	WP_346016851.1
GO:0046677	WP_346016851.1
GO:0004674	WP_250123125.1
GO:0005524	WP_250123125.1
GO:0005886	WP_250124082.1
GO:0000155	WP_250121263.1
GO:0004721	WP_250121263.1
GO:0005886	WP_250121263.1
GO:0016036	WP_250121263.1
GO:0005524	WP_250121980.1
GO:0008176	WP_250121980.1
GO:0008276	WP_250121980.1
GO:0009236	WP_250121980.1
GO:0032259	WP_250121980.1
GO:0004252	WP_250125422.1
GO:0006508	WP_250125422.1
GO:0003824	WP_250125556.1
GO:0004350	WP_250123279.1
GO:0005737	WP_250123279.1
GO:0050661	WP_250123279.1
GO:0055129	WP_250123279.1
GO:0016491	WP_346016755.1
GO:0006046	WP_250123195.1
GO:0008448	WP_250123195.1
GO:0046872	WP_250123195.1
GO:0008168	WP_250124489.1
GO:0032259	WP_250124489.1
GO:0004315	WP_250121426.1
GO:0005829	WP_250121426.1
GO:0006633	WP_250121426.1
GO:0008168	WP_250125936.1
GO:0032259	WP_250125936.1
GO:0016411	WP_250125369.1
GO:0042171	WP_250125369.1
GO:0046473	WP_250125369.1
GO:0046474	WP_250125369.1
GO:0003677	WP_250123736.1
GO:0006310	WP_250123736.1
GO:0032196	WP_250123736.1
GO:0046872	WP_250123736.1
GO:0000287	WP_250125002.1
GO:0004478	WP_250125002.1
GO:0005524	WP_250125002.1
GO:0005737	WP_250125002.1
GO:0006556	WP_250125002.1
GO:0006730	WP_250125002.1
GO:0000049	WP_250122798.1
GO:0000166	WP_250122798.1
GO:0008033	WP_250122798.1
GO:0016779	WP_250122798.1
GO:0046872	WP_250122798.1
GO:0004672	WP_250124396.1
GO:0032559	WP_250124396.1
GO:0035639	WP_250124396.1
GO:0008483	WP_250122537.1
GO:0030170	WP_250122537.1
GO:0003677	WP_250124232.1
GO:0006310	WP_250124232.1
GO:0032196	WP_250124232.1
GO:0046872	WP_250124232.1
GO:0016020	WP_250121994.1
GO:0004058	WP_250125924.1
GO:0004398	WP_250125924.1
GO:0019752	WP_250125924.1
GO:0030170	WP_250125924.1
GO:0004252	WP_250122364.1
GO:0006508	WP_250122364.1
GO:0031176	WP_250125242.1
GO:0045493	WP_250125242.1
GO:0005737	WP_250122663.1
GO:0047545	WP_250122663.1
GO:0000105	WP_250125486.1
GO:0004821	WP_250125486.1
GO:0005737	WP_250125486.1
GO:0006427	WP_250125486.1
GO:0016757	WP_250125486.1
GO:0006605	WP_250125976.1
GO:0031676	WP_250125976.1
GO:0043952	WP_250125976.1
GO:0065002	WP_250125976.1
GO:0016491	WP_250121344.1
GO:0019441	WP_250121344.1
GO:0020037	WP_250121344.1
GO:0046872	WP_250121344.1
GO:0005737	WP_250124073.1
GO:0047545	WP_250124073.1
GO:0008270	WP_250121899.1
GO:0016491	WP_250121899.1
GO:0005886	WP_250123980.1
GO:0022857	WP_250123980.1
GO:0015846	WP_250123648.1
GO:0019808	WP_250123648.1
GO:0042597	WP_250123648.1
GO:0055085	WP_250123648.1
GO:0005543	WP_250124049.1
GO:0008915	WP_250124049.1
GO:0009245	WP_250124049.1
GO:0016020	WP_250124049.1
GO:0009279	WP_250126241.1
GO:0015344	WP_250126241.1
GO:0015891	WP_250126241.1
GO:0038023	WP_250126241.1
GO:0005829	WP_346016782.1
GO:0006777	WP_346016782.1
GO:0046872	WP_346016782.1
GO:0061599	WP_346016782.1
GO:0004252	WP_250125155.1
GO:0006508	WP_250125155.1
GO:0000287	WP_250122344.1
GO:0005886	WP_250122344.1
GO:0015087	WP_250122344.1
GO:0015095	WP_250122344.1
GO:0050897	WP_250122344.1
GO:0005886	WP_250126013.1
GO:0022857	WP_250126013.1
GO:0000271	WP_250122642.1
GO:0008610	WP_250122642.1
GO:0008653	WP_250122642.1
GO:0016757	WP_250122642.1
GO:1901137	WP_250122642.1
GO:0004673	WP_250125379.1
GO:0016020	WP_250125379.1
GO:0060089	WP_250125379.1
GO:0071944	WP_250125379.1
GO:0140299	WP_250125379.1
GO:0016020	WP_250126608.1
GO:0022857	WP_250126608.1
GO:0030313	WP_250126608.1
GO:0005886	WP_250122045.1
GO:0052592	WP_250121523.1
GO:0005886	WP_250123802.1
GO:0003674	WP_346016846.1
GO:0015979	WP_250121828.1
GO:0015995	WP_250121828.1
GO:0045550	WP_250121828.1
GO:0071949	WP_250121828.1
GO:0102067	WP_250121828.1
GO:0003677	WP_250122839.1
GO:0006310	WP_250122839.1
GO:0032196	WP_250122839.1
GO:0046872	WP_250122839.1
GO:0000287	WP_250121210.1
GO:0005524	WP_250121210.1
GO:0005737	WP_250121210.1
GO:0006083	WP_250121210.1
GO:0006085	WP_250121210.1
GO:0008776	WP_250121210.1
GO:0006782	WP_250123719.1
GO:0008883	WP_250123719.1
GO:0015995	WP_250123719.1
GO:0050661	WP_250123719.1
GO:0003856	WP_250123588.1
GO:0008652	WP_250123588.1
GO:0009073	WP_250123588.1
GO:0005886	WP_250125236.1
GO:0003824	WP_250125240.1
GO:0000287	WP_250121289.1
GO:0003746	WP_250121289.1
GO:0003924	WP_250121289.1
GO:0005525	WP_250121289.1
GO:0005829	WP_250121289.1
GO:0005886	WP_250124127.1
GO:0022857	WP_250124127.1
GO:0016114	WP_250123199.1
GO:0019288	WP_250123199.1
GO:0046872	WP_250123199.1
GO:0050992	WP_250123199.1
GO:0051539	WP_250123199.1
GO:0051745	WP_250123199.1
GO:0000155	WP_250122786.1
GO:0005886	WP_250122786.1
GO:0006355	WP_250122786.1
GO:0009927	WP_250122786.1
GO:0009976	WP_250122310.1
GO:0005506	WP_250122780.1
GO:0016114	WP_250122780.1
GO:0019288	WP_250122780.1
GO:0046429	WP_250122780.1
GO:0051539	WP_250122780.1
GO:0005886	WP_250123620.1
GO:0022857	WP_250123620.1
GO:0005315	WP_250125528.1
GO:0016020	WP_250125528.1
GO:0035435	WP_250125528.1
GO:0006353	WP_250124471.1
GO:0008270	WP_250121897.1
GO:0016491	WP_250121897.1
GO:0016757	WP_250121505.1
GO:0000050	WP_250122948.1
GO:0000053	WP_250122948.1
GO:0004055	WP_250122948.1
GO:0005524	WP_250122948.1
GO:0005737	WP_250122948.1
GO:0006526	WP_250122948.1
GO:0003677	WP_250126823.1
GO:0006352	WP_250126823.1
GO:0016987	WP_250126823.1
GO:0003677	WP_250123911.1
GO:0006352	WP_250123911.1
GO:0016987	WP_250123911.1
GO:0005886	WP_250123463.1
GO:0022857	WP_250123463.1
GO:0004742	WP_250125651.1
GO:0006086	WP_250125651.1
GO:0045254	WP_250125651.1
GO:0003955	WP_250125132.1
GO:0019646	WP_250125132.1
GO:0032259	WP_250122827.1
GO:0035243	WP_250122827.1
GO:0005886	WP_346016882.1
GO:0004497	WP_346016630.1
GO:0016705	WP_346016630.1
GO:0046872	WP_346016630.1
GO:0051213	WP_346016630.1
GO:0051537	WP_346016630.1
GO:0046872	WP_250125995.1
GO:0051539	WP_250125995.1
GO:0000103	WP_250121599.1
GO:0004781	WP_250121599.1
GO:0005524	WP_250121599.1
GO:0070814	WP_250121599.1
GO:0015562	WP_250122709.1
GO:1990281	WP_250122709.1
GO:0016787	WP_250122449.1
GO:0046872	WP_250122449.1
GO:0016740	WP_250123800.1
GO:0016787	WP_250124873.1
GO:0005886	WP_250123165.1
GO:0022857	WP_250123165.1
GO:0003677	WP_250124623.1
GO:0006310	WP_250124623.1
GO:0032196	WP_250124623.1
GO:0046872	WP_250124623.1
GO:0016757	WP_250122052.1
GO:0005737	WP_346016701.1
GO:0034038	WP_346016701.1
GO:0016747	WP_250124008.1
GO:0016757	WP_250124080.1
GO:0003677	WP_250121814.1
GO:0006310	WP_250121814.1
GO:0015074	WP_250121814.1
GO:0004834	WP_346016874.1
GO:0005737	WP_346016874.1
GO:0003723	WP_250121888.1
GO:0003724	WP_250121888.1
GO:0005524	WP_250121888.1
GO:0005829	WP_250121888.1
GO:0016787	WP_250121888.1
GO:0003723	WP_346016661.1
GO:0004831	WP_346016661.1
GO:0005524	WP_346016661.1
GO:0005829	WP_346016661.1
GO:0006437	WP_346016661.1
GO:0003677	WP_250122205.1
GO:0006310	WP_250122205.1
GO:0032196	WP_250122205.1
GO:0046872	WP_250122205.1
GO:0008270	WP_250122522.1
GO:0008703	WP_250122522.1
GO:0008835	WP_250122522.1
GO:0009231	WP_250122522.1
GO:0050661	WP_250122522.1
GO:0016937	WP_250125633.1
GO:0050660	WP_250125633.1
GO:0030649	WP_250121678.1
GO:0034069	WP_250121678.1
GO:0003677	WP_250125186.1
GO:0006310	WP_250125186.1
GO:0032196	WP_250125186.1
GO:0046872	WP_250125186.1
GO:0003677	WP_250124283.1
GO:0006310	WP_250124283.1
GO:0032196	WP_250124283.1
GO:0046872	WP_250124283.1
GO:0016740	WP_250122774.1
GO:0005886	WP_250125908.1
GO:0022857	WP_250125908.1
GO:0000166	WP_250125117.1
GO:0016491	WP_250125117.1
GO:0004553	WP_250125392.1
GO:0008933	WP_250125392.1
GO:0009253	WP_250125392.1
GO:0009254	WP_250125392.1
GO:0019867	WP_250125392.1
GO:0071555	WP_250125392.1
GO:0010285	WP_250126086.1
GO:0030170	WP_250126086.1
GO:0003677	WP_250121458.1
GO:0004803	WP_250121458.1
GO:0006313	WP_250121458.1
GO:0005886	WP_250121911.1
GO:0006508	WP_250121911.1
GO:0008237	WP_250121911.1
GO:0046872	WP_250121911.1
GO:0016853	WP_250125686.1
GO:0030145	WP_250125686.1
GO:0030604	WP_250125686.1
GO:0051484	WP_250125686.1
GO:0070402	WP_250125686.1
GO:0005829	WP_250121858.1
GO:0008767	WP_250121858.1
GO:0050660	WP_250121858.1
GO:0110165	WP_250123357.1
GO:0004478	WP_250124149.1
GO:0005524	WP_250124149.1
GO:0006556	WP_250124149.1
GO:0006730	WP_250124149.1
GO:0046872	WP_250124149.1
GO:0003995	WP_250126455.1
GO:0050660	WP_250126455.1
GO:0005524	WP_250125151.1
GO:0015446	WP_250125151.1
GO:0016887	WP_250125151.1
GO:0003677	WP_250126515.1
GO:0004803	WP_250126515.1
GO:0006313	WP_250126515.1
GO:0005829	WP_250124101.1
GO:0008890	WP_250124101.1
GO:0016874	WP_250124101.1
GO:0019518	WP_250124101.1
GO:0030170	WP_250124101.1
GO:0003674	WP_250126606.1
GO:0003677	WP_250123564.1
GO:0006310	WP_250123564.1
GO:0015074	WP_250123564.1
GO:0009236	WP_346016547.1
GO:0030170	WP_346016547.1
GO:0048472	WP_346016547.1
GO:0016757	WP_250126169.1
GO:0004497	WP_250122508.1
GO:0071949	WP_250122508.1
GO:0000287	WP_250124802.1
GO:0002134	WP_250124802.1
GO:0003983	WP_250124802.1
GO:0006011	WP_250124802.1
GO:0031470	WP_250124802.1
GO:0043886	WP_250124802.1
GO:0006520	WP_250121346.1
GO:0008483	WP_250121346.1
GO:0030170	WP_250121346.1
GO:0005829	WP_250125735.1
GO:0008767	WP_250125735.1
GO:0050660	WP_250125735.1
GO:0005829	WP_250125149.1
GO:0008784	WP_250125149.1
GO:0030170	WP_250125149.1
GO:0030632	WP_250125149.1
GO:0016757	WP_250125040.1
GO:0004325	WP_250124514.1
GO:0005737	WP_250124514.1
GO:0006783	WP_250124514.1
GO:0046872	WP_250124514.1
GO:0004357	WP_250124001.1
GO:0042398	WP_250124001.1
GO:0004252	WP_250122104.1
GO:0006508	WP_250122104.1
GO:0005886	WP_250122911.1
GO:0022857	WP_250122911.1
GO:0004190	WP_250125482.1
GO:0004792	WP_250125482.1
GO:0005524	WP_250125482.1
GO:0005829	WP_250125482.1
GO:0006508	WP_250125482.1
GO:0008146	WP_250125482.1
GO:0008641	WP_250125482.1
GO:0016020	WP_250125482.1
GO:0016779	WP_250125482.1
GO:0000155	WP_250123906.1
GO:0005737	WP_250123906.1
GO:0005886	WP_250123906.1
GO:0016757	WP_250124293.1
GO:0004088	WP_250125111.1
GO:0004359	WP_250125111.1
GO:0005524	WP_250125111.1
GO:0006207	WP_250125111.1
GO:0006526	WP_250125111.1
GO:0006541	WP_250125111.1
GO:0044205	WP_250125111.1
GO:0016740	WP_250123801.1
GO:0015846	WP_250123725.1
GO:0019808	WP_250123725.1
GO:0042597	WP_250123725.1
GO:0004618	WP_250124092.1
GO:0005524	WP_250124092.1
GO:0005829	WP_250124092.1
GO:0006094	WP_250124092.1
GO:0006096	WP_250124092.1
GO:0043531	WP_250124092.1
GO:0000155	WP_346016599.1
GO:0005524	WP_346016599.1
GO:0007623	WP_346016599.1
GO:0016020	WP_250123367.1
GO:0016758	WP_250121504.1
GO:0016740	WP_250122769.1
GO:0016757	WP_346016622.1
GO:0005737	WP_250121585.1
GO:0016491	WP_250121585.1
GO:0003677	WP_250121648.1
GO:0004803	WP_250121648.1
GO:0006313	WP_250121648.1
GO:0003676	WP_250125284.1
GO:0010467	WP_250125284.1
GO:0010468	WP_250125284.1
GO:0032774	WP_250125284.1
GO:2001141	WP_250125284.1
GO:0003985	WP_250121756.1
GO:0004760	WP_250123924.1
GO:0008453	WP_250123924.1
GO:0019265	WP_250123924.1
GO:0008460	WP_250121190.1
GO:0009225	WP_250121190.1
GO:0005694	WP_250121607.1
GO:0007059	WP_250121607.1
GO:0042173	WP_250121607.1
GO:0043938	WP_250121607.1
GO:0016614	WP_250123009.1
GO:0016740	WP_250123706.1
GO:0004177	WP_250122178.1
GO:0006508	WP_250122178.1
GO:0008235	WP_250122178.1
GO:0000155	WP_250123886.1
GO:0016628	WP_250123955.1
GO:0071949	WP_250123955.1
GO:0003677	WP_346016888.1
GO:0004803	WP_346016888.1
GO:0006313	WP_346016888.1
GO:0005524	WP_250124531.1
GO:0005886	WP_250122952.1
GO:0012505	WP_250122952.1
GO:0004252	WP_346016535.1
GO:0006508	WP_346016535.1
GO:0007165	WP_346016535.1
GO:0030288	WP_346016535.1
GO:0031979	WP_346016535.1
GO:0003677	WP_250123163.1
GO:0006310	WP_250123163.1
GO:0032196	WP_250123163.1
GO:0016758	WP_250125237.1
GO:0005886	WP_250121454.1
GO:0000976	WP_250122527.1
GO:0003700	WP_250122527.1
GO:0006310	WP_250122527.1
GO:0015074	WP_250122527.1
GO:0000287	WP_250124738.1
GO:0004644	WP_250124738.1
GO:0005524	WP_250124738.1
GO:0005829	WP_250124738.1
GO:0006189	WP_250124738.1
GO:0043815	WP_250124738.1
GO:0016757	WP_250124647.1
GO:0005515	WP_250122489.1
GO:0030312	WP_250122489.1
GO:0043062	WP_250122489.1
GO:0045229	WP_250122489.1
GO:0016757	WP_250125954.1
GO:0009103	WP_250122044.1
GO:0016757	WP_250122044.1
GO:0003723	WP_250124736.1
GO:0008990	WP_250124736.1
GO:0070043	WP_250124736.1
GO:0003700	WP_250121822.1
GO:0003723	WP_250121822.1
GO:0005829	WP_250121822.1
GO:0006353	WP_250121822.1
GO:0031564	WP_250121822.1
GO:0005829	WP_250121785.1
GO:0008479	WP_250121785.1
GO:0008616	WP_250121785.1
GO:0046872	WP_250121785.1
GO:0016757	WP_250122671.1
GO:0005506	WP_250121281.1
GO:0044689	WP_250121281.1
GO:0051539	WP_250121281.1
GO:0141093	WP_250121281.1
GO:0008710	WP_250121588.1
GO:0009102	WP_250121588.1
GO:0030170	WP_250121588.1
GO:0005886	WP_250125942.1
GO:0008360	WP_250125942.1
GO:0008955	WP_250125942.1
GO:0009252	WP_250125942.1
GO:0015648	WP_250125942.1
GO:0032153	WP_250125942.1
GO:0051301	WP_250125942.1
GO:0000105	WP_250122576.1
GO:0004400	WP_250122576.1
GO:0030170	WP_250122576.1
GO:0004252	WP_250123318.1
GO:0006508	WP_250123318.1
GO:0005737	WP_346016847.1
GO:0005886	WP_346016847.1
GO:0006207	WP_346016847.1
GO:0044205	WP_346016847.1
GO:0106430	WP_346016847.1
GO:0003677	WP_250126496.1
GO:0004803	WP_250126496.1
GO:0006313	WP_250126496.1
GO:0031071	WP_250125134.1
GO:0046872	WP_250125134.1
GO:0051536	WP_250125134.1
GO:0005737	WP_250121747.1
GO:0008108	WP_250121747.1
GO:0008270	WP_250121747.1
GO:0033499	WP_250121747.1
GO:0003988	WP_250121366.1
GO:0005737	WP_250121366.1
GO:0006635	WP_250121366.1
GO:0010124	WP_250121366.1
GO:0003677	WP_250122833.1
GO:0004519	WP_250122833.1
GO:0006310	WP_250122833.1
GO:0032196	WP_250122833.1
GO:0005886	WP_250122007.1
GO:0009306	WP_250122007.1
GO:0000155	WP_250122091.1
GO:0005524	WP_250122091.1
GO:0016020	WP_250122091.1
GO:0046983	WP_250122091.1
GO:0005886	WP_250123265.1
GO:0015221	WP_250123265.1
GO:0017089	WP_250123265.1
GO:0030288	WP_250123265.1
GO:0003677	WP_250125221.1
GO:0006310	WP_250125221.1
GO:0032196	WP_250125221.1
GO:0006865	WP_250121975.1
GO:0022857	WP_250121975.1
GO:0043190	WP_250121975.1
GO:0005886	WP_250121988.1
GO:0015658	WP_250121988.1
GO:0004801	WP_250124753.1
GO:0005737	WP_250124753.1
GO:0005975	WP_250124753.1
GO:0006098	WP_250124753.1
GO:0030288	WP_250122227.1
GO:0030435	WP_250122227.1
GO:0005829	WP_250125144.1
GO:0005975	WP_250125144.1
GO:0006099	WP_250125144.1
GO:0036440	WP_250125144.1
GO:0000160	WP_346016590.1
GO:0030428	WP_346016590.1
GO:0043158	WP_346016590.1
GO:0003677	WP_250121676.1
GO:0003886	WP_250121676.1
GO:0009307	WP_250121676.1
GO:0032259	WP_250121676.1
GO:0044027	WP_250121676.1
GO:0004325	WP_250123618.1
GO:0006783	WP_250123618.1
GO:0031071	WP_250125883.1
GO:0046872	WP_250125883.1
GO:0051537	WP_250125883.1
GO:0016788	WP_250123071.1
GO:0046872	WP_250123071.1
GO:0005524	WP_250126607.1
GO:0005886	WP_250126607.1
GO:0022857	WP_250126607.1
GO:0006520	WP_346016810.1
GO:0008483	WP_346016810.1
GO:0030170	WP_346016810.1
GO:0009103	WP_250123798.1
GO:0016757	WP_250123798.1
GO:0008876	WP_250126697.1
GO:0004047	WP_250125193.1
GO:0005829	WP_250125193.1
GO:0005960	WP_250125193.1
GO:0008168	WP_250125193.1
GO:0008483	WP_250125193.1
GO:0019464	WP_250125193.1
GO:0032259	WP_250125193.1
GO:0000271	WP_250124026.1
GO:0030170	WP_250124026.1
GO:0047310	WP_250124026.1
GO:0030288	WP_250122926.1
GO:1901678	WP_250122926.1
GO:0016757	WP_250124413.1
GO:0016491	WP_346016580.1
GO:0046872	WP_346016580.1
GO:0051536	WP_346016580.1
GO:0003938	WP_250123285.1
GO:0006183	WP_250123285.1
GO:0003677	WP_250126662.1
GO:0004803	WP_250126662.1
GO:0006313	WP_250126662.1
GO:0016740	WP_250125273.1
GO:0004252	WP_250122494.1
GO:0006508	WP_250122494.1
GO:0000917	WP_250123215.1
GO:0003924	WP_250123215.1
GO:0005525	WP_250123215.1
GO:0005737	WP_250123215.1
GO:0032153	WP_250123215.1
GO:0042802	WP_250123215.1
GO:0043093	WP_250123215.1
GO:0051258	WP_250123215.1
GO:0006865	WP_250121976.1
GO:0022857	WP_250121976.1
GO:0043190	WP_250121976.1
GO:0003824	WP_250125079.1
GO:0000731	WP_256478953.1
GO:0005524	WP_256478953.1
GO:0006302	WP_256478953.1
GO:0016887	WP_256478953.1
GO:0004760	WP_250124539.1
GO:0008453	WP_250124539.1
GO:0009401	WP_250124539.1
GO:0016020	WP_250124539.1
GO:0019265	WP_250124539.1
GO:0005524	WP_250124406.1
GO:0008817	WP_250124406.1
GO:0009236	WP_250124406.1
GO:0003676	WP_256478957.1
GO:0006259	WP_256478957.1
GO:0009233	WP_250125793.1
GO:0016836	WP_250125793.1
GO:0042371	WP_250125793.1
GO:0046872	WP_250125793.1
GO:0005506	WP_250125217.1
GO:0009055	WP_250125217.1
GO:0009523	WP_250125217.1
GO:0009635	WP_250125217.1
GO:0009772	WP_250125217.1
GO:0010242	WP_250125217.1
GO:0016168	WP_250125217.1
GO:0031676	WP_250125217.1
GO:0005488	WP_250126319.1
GO:0003677	WP_250126306.1
GO:0004803	WP_250126306.1
GO:0006313	WP_250126306.1
GO:0005886	WP_250121605.1
GO:0016020	WP_250124237.1
GO:0055085	WP_250124237.1
GO:0003868	WP_250121339.1
GO:0005737	WP_250121339.1
GO:0006572	WP_250121339.1
GO:0042802	WP_250121339.1
GO:0046872	WP_250121339.1
GO:0004175	WP_250126713.1
GO:0006508	WP_250126713.1
GO:0008236	WP_250126713.1
GO:0005886	WP_346016829.1
GO:0022857	WP_346016829.1
GO:0009294	WP_250125121.1
GO:0004197	WP_250121181.1
GO:0006508	WP_250121181.1
GO:0008887	WP_250125701.1
GO:0031388	WP_250125701.1
GO:0003700	WP_250125955.1
GO:0003908	WP_250125955.1
GO:0005737	WP_250125955.1
GO:0006307	WP_250125955.1
GO:0006351	WP_250125955.1
GO:0008270	WP_250125955.1
GO:0032259	WP_250125955.1
GO:0043565	WP_250125955.1
GO:0016740	WP_250124306.1
GO:0005737	WP_250124532.1
GO:0008615	WP_250124532.1
GO:0042823	WP_250124532.1
GO:0046872	WP_250124532.1
GO:0050570	WP_250124532.1
GO:0051287	WP_250124532.1
GO:0004315	WP_250126117.1
GO:0006633	WP_250126117.1
GO:0003924	WP_250122000.1
GO:0005525	WP_250122000.1
GO:0005737	WP_250122000.1
GO:0019843	WP_250122000.1
GO:0042274	WP_250122000.1
GO:0046872	WP_250122000.1
GO:0005506	WP_250121235.1
GO:0009055	WP_250121235.1
GO:0009523	WP_250121235.1
GO:0009635	WP_250121235.1
GO:0009772	WP_250121235.1
GO:0010242	WP_250121235.1
GO:0016168	WP_250121235.1
GO:0031676	WP_250121235.1
GO:0003959	WP_250121213.1
GO:0010181	WP_250121213.1
GO:0050661	WP_250121213.1
GO:0004497	WP_250124452.1
GO:0016705	WP_250124452.1
GO:0046872	WP_250124452.1
GO:0051213	WP_250124452.1
GO:0051537	WP_250124452.1
GO:0004775	WP_346016632.1
GO:0005524	WP_346016632.1
GO:0005829	WP_346016632.1
GO:0006099	WP_346016632.1
GO:0006104	WP_346016632.1
GO:0042709	WP_346016632.1
GO:0046872	WP_346016632.1
GO:0004357	WP_250126110.1
GO:0005524	WP_250126110.1
GO:0042398	WP_250126110.1
GO:0017000	WP_250125639.1
GO:0051213	WP_250125639.1
GO:0005886	WP_250123527.1
GO:0016020	WP_346016883.1
GO:0016787	WP_346016883.1
GO:0003868	WP_250124354.1
GO:0006572	WP_250124354.1
GO:0046872	WP_250124354.1
GO:0005886	WP_250121413.1
GO:0015849	WP_250123469.1
GO:0031317	WP_250123469.1
GO:0043177	WP_250123469.1
GO:0046872	WP_250123469.1
GO:0055085	WP_250123469.1
GO:0000155	WP_250123450.1
GO:0005524	WP_250123450.1
GO:0005737	WP_250123450.1
GO:0016020	WP_250123450.1
GO:0046872	WP_250123450.1
GO:0046983	WP_250123450.1
GO:0051539	WP_250123450.1
GO:0005506	WP_250121155.1
GO:0009055	WP_250121155.1
GO:0009523	WP_250121155.1
GO:0009772	WP_250121155.1
GO:0010242	WP_250121155.1
GO:0016168	WP_250121155.1
GO:0031676	WP_250121155.1
GO:0016301	WP_250123407.1
GO:0008446	WP_250126129.1
GO:0042351	WP_250126129.1
GO:0070401	WP_250126129.1
GO:0004129	WP_250125286.1
GO:0005507	WP_250125286.1
GO:0005886	WP_250125286.1
GO:0042773	WP_250125286.1
GO:0005506	WP_250123350.1
GO:0009055	WP_250123350.1
GO:0009523	WP_250123350.1
GO:0009635	WP_250123350.1
GO:0009772	WP_250123350.1
GO:0010242	WP_250123350.1
GO:0016168	WP_250123350.1
GO:0031676	WP_250123350.1
GO:0042597	WP_250124788.1
GO:0140104	WP_250124788.1
GO:1901681	WP_250124788.1
GO:1902358	WP_250124788.1
GO:0051301	WP_250124946.1
GO:0000162	WP_250122852.1
GO:0004048	WP_250122852.1
GO:0005829	WP_250122852.1
GO:0000155	WP_250124403.1
GO:0005524	WP_250124403.1
GO:0003677	WP_250123131.1
GO:0006352	WP_250123131.1
GO:0016987	WP_250123131.1
GO:0008939	WP_250123723.1
GO:0004553	WP_250124878.1
GO:0045493	WP_250124878.1
GO:0003677	WP_250126565.1
GO:0004803	WP_250126565.1
GO:0006313	WP_250126565.1
GO:0005737	WP_250122127.1
GO:0008616	WP_250122127.1
GO:0051075	WP_250122127.1
GO:0003677	WP_250122874.1
GO:0005737	WP_250122874.1
GO:0006352	WP_250122874.1
GO:0016987	WP_250122874.1
GO:0003913	WP_250125179.1
GO:0042601	WP_250125179.1
GO:0051539	WP_250125179.1
GO:1904047	WP_250125179.1
GO:0009521	WP_250123915.1
GO:0009767	WP_250123915.1
GO:0016168	WP_250123915.1
GO:0031676	WP_250123915.1
GO:0006259	WP_250126018.1
GO:0000701	WP_346016656.1
GO:0006284	WP_346016656.1
GO:0006298	WP_346016656.1
GO:0008413	WP_346016656.1
GO:0032357	WP_346016656.1
GO:0034039	WP_346016656.1
GO:0035485	WP_346016656.1
GO:0046872	WP_346016656.1
GO:0051539	WP_346016656.1
GO:0005886	WP_346016562.1
GO:0022857	WP_346016562.1
GO:0004109	WP_250125227.1
GO:0005737	WP_250125227.1
GO:0006782	WP_250125227.1
GO:0015995	WP_250125227.1
GO:0042803	WP_250125227.1
GO:0046872	WP_250125227.1
GO:0005524	WP_250122006.1
GO:0016887	WP_250122006.1
GO:0005506	WP_250122369.1
GO:0015979	WP_250122369.1
GO:0036068	WP_250122369.1
GO:0048529	WP_250122369.1
GO:0016614	WP_250122538.1
GO:0046872	WP_250122538.1
GO:0008761	WP_250123609.1
GO:0005886	WP_256478733.1
GO:0015031	WP_256478733.1
GO:0032977	WP_256478733.1
GO:0051205	WP_256478733.1
GO:0016746	WP_250122423.1
GO:0000287	WP_250124016.1
GO:0003862	WP_250124016.1
GO:0005829	WP_250124016.1
GO:0009098	WP_250124016.1
GO:0051287	WP_250124016.1
GO:0005524	WP_250122858.1
GO:0016887	WP_250122858.1
GO:0016757	WP_250123120.1
GO:0003677	WP_250124925.1
GO:0004803	WP_250124925.1
GO:0006313	WP_250124925.1
GO:0004107	WP_250123217.1
GO:0005829	WP_250123217.1
GO:0008652	WP_250123217.1
GO:0009073	WP_250123217.1
GO:0009423	WP_250123217.1
GO:0010181	WP_250123217.1
GO:0005886	WP_275983359.1
GO:0015104	WP_275983359.1
GO:0015105	WP_275983359.1
GO:0015297	WP_275983359.1
GO:0003676	WP_250126208.1
GO:0032559	WP_250126208.1
GO:0035639	WP_250126208.1
GO:0120545	WP_250126208.1
GO:0140640	WP_250126208.1
GO:0140657	WP_250126208.1
GO:0005886	WP_346016693.1
GO:0006865	WP_346016693.1
GO:0022857	WP_346016693.1
GO:0016020	WP_250126004.1
GO:0005886	WP_250122793.1
GO:0055085	WP_250122793.1
GO:0006826	WP_250125626.1
GO:0030313	WP_250125626.1
GO:0042597	WP_250125626.1
GO:0004332	WP_250123694.1
GO:0015562	WP_250124349.1
GO:0019898	WP_250124349.1
GO:1990195	WP_250124349.1
GO:1990281	WP_250124349.1
GO:1990961	WP_250124349.1
GO:0005524	WP_250124694.1
GO:0008643	WP_250124694.1
GO:0016887	WP_250124694.1
GO:0055052	WP_250124694.1
GO:0140359	WP_250124694.1
GO:0009103	WP_250123019.1
GO:0016757	WP_250123019.1
GO:0016020	WP_250123033.1
GO:0022857	WP_250123033.1
GO:0030313	WP_250123033.1
GO:0016757	WP_250123118.1
GO:0016740	WP_250121506.1
GO:0005886	WP_250126550.1
GO:0022857	WP_250126550.1
GO:0006629	WP_250122228.1
GO:0016491	WP_250122228.1
GO:0003677	WP_250125805.1
GO:0006355	WP_250125805.1
GO:0009236	WP_250125805.1
GO:0016993	WP_250125805.1
GO:0043190	WP_250121691.1
GO:0140359	WP_250121691.1
GO:0000271	WP_250124292.1
GO:0008610	WP_250124292.1
GO:0008653	WP_250124292.1
GO:0016740	WP_250124292.1
GO:1901137	WP_250124292.1
GO:0005524	WP_250124502.1
GO:0008643	WP_250124502.1
GO:0016887	WP_250124502.1
GO:0055052	WP_250124502.1
GO:0140359	WP_250124502.1
GO:0110165	WP_250122634.1
GO:0005886	WP_250123171.1
GO:0006508	WP_250123171.1
GO:0008237	WP_250123171.1
GO:0046872	WP_250123171.1
GO:0005524	WP_250122374.1
GO:0015979	WP_250122374.1
GO:0015995	WP_250122374.1
GO:0016787	WP_250122374.1
GO:0016851	WP_250122374.1
GO:0032991	WP_250122374.1
GO:0005886	WP_346016694.1
GO:0015658	WP_346016694.1
GO:0022402	WP_250126438.1
GO:0043232	WP_250126438.1
GO:0005737	WP_250122954.1
GO:0015977	WP_250122954.1
GO:0015979	WP_250122954.1
GO:0110102	WP_250122954.1
GO:0003942	WP_346016714.1
GO:0005737	WP_346016714.1
GO:0006526	WP_346016714.1
GO:0051287	WP_346016714.1
GO:0070401	WP_346016714.1
GO:0002098	WP_250125898.1
GO:0004792	WP_250125898.1
GO:0043828	WP_250125898.1
GO:0003755	WP_250124438.1
GO:0003677	WP_250126171.1
GO:0004803	WP_250126171.1
GO:0006313	WP_250126171.1
GO:0016757	WP_250125458.1
GO:0016787	WP_250125662.1
GO:0030313	WP_250126297.1
GO:0005886	WP_250123106.1
GO:0005524	WP_250123647.1
GO:0015594	WP_250123647.1
GO:0016887	WP_250123647.1
GO:0043190	WP_250123647.1
GO:0016740	WP_250124650.1
GO:0008168	WP_250123856.1
GO:0032259	WP_250123856.1
GO:0000400	WP_250122501.1
GO:0005524	WP_250122501.1
GO:0005737	WP_250122501.1
GO:0006281	WP_250122501.1
GO:0006310	WP_250122501.1
GO:0009378	WP_250122501.1
GO:0016787	WP_250122501.1
GO:0048476	WP_250122501.1
GO:0008879	WP_250123017.1
GO:0005886	WP_250121969.1
GO:0008932	WP_250121969.1
GO:0009252	WP_250121969.1
GO:0071555	WP_250121969.1
GO:0004371	WP_250125159.1
GO:0005829	WP_250125159.1
GO:0019563	WP_250125159.1
GO:0047324	WP_250125159.1
GO:0008168	WP_250125052.1
GO:0008168	WP_250123824.1
GO:0032259	WP_250123824.1
GO:0000287	WP_250121542.1
GO:0004789	WP_250121542.1
GO:0005737	WP_250121542.1
GO:0009228	WP_250121542.1
GO:0009229	WP_250121542.1
GO:0005886	WP_250124011.1
GO:0022857	WP_250124011.1
GO:0004180	WP_250125712.1
GO:0006508	WP_250125712.1
GO:0008236	WP_250125712.1
GO:0003677	WP_250122444.1
GO:0008168	WP_250121915.1
GO:0032259	WP_250121915.1
GO:0008460	WP_250122775.1
GO:0009225	WP_250122775.1
GO:0004332	WP_250122623.1
GO:0006096	WP_250122623.1
GO:0008270	WP_250122623.1
GO:0000155	WP_250124620.1
GO:0003677	WP_250124620.1
GO:0005886	WP_250124620.1
GO:0006351	WP_250124620.1
GO:0009927	WP_250124620.1
GO:0008616	WP_250123989.1
GO:0051075	WP_250123989.1
GO:0004795	WP_250125317.1
GO:0009088	WP_250125317.1
GO:0030170	WP_250125317.1
GO:0003824	WP_250125062.1
GO:0017004	WP_346016853.1
GO:0020037	WP_346016853.1
GO:0031676	WP_346016853.1
GO:0003677	WP_250125153.1
GO:0003887	WP_250125153.1
GO:0005737	WP_250125153.1
GO:0006271	WP_250125153.1
GO:0008408	WP_250125153.1
GO:0009360	WP_250125153.1
GO:0005524	WP_275983367.1
GO:0009103	WP_250125239.1
GO:0016757	WP_250125239.1
GO:0000049	WP_250121598.1
GO:0002143	WP_250121598.1
GO:0005524	WP_250121598.1
GO:0005737	WP_250121598.1
GO:0008168	WP_250121598.1
GO:0032259	WP_250121598.1
GO:0103016	WP_250121598.1
GO:0003954	WP_250125143.1
GO:0009060	WP_250125143.1
GO:0016655	WP_250125143.1
GO:0019684	WP_250125143.1
GO:0031676	WP_250125143.1
GO:0048038	WP_250125143.1
GO:0003939	WP_250125460.1
GO:0008270	WP_250125460.1
GO:0006629	WP_250125667.1
GO:0009056	WP_250125667.1
GO:0052689	WP_250125667.1
GO:0120569	WP_250125667.1
GO:0000049	WP_250126082.1
GO:0002935	WP_250126082.1
GO:0005737	WP_250126082.1
GO:0019843	WP_250126082.1
GO:0030488	WP_250126082.1
GO:0046872	WP_250126082.1
GO:0051539	WP_250126082.1
GO:0070040	WP_250126082.1
GO:0070475	WP_250126082.1
GO:0008460	WP_346016675.1
GO:0009225	WP_346016675.1
GO:0016772	WP_250121586.1
GO:0016020	WP_250123998.1
GO:0055085	WP_250123998.1
GO:0005524	WP_250121157.1
GO:0015418	WP_250121157.1
GO:0016887	WP_250121157.1
GO:0043190	WP_250121157.1
GO:0006826	WP_250122542.1
GO:0030288	WP_250122542.1
GO:0046872	WP_250122542.1
GO:0003995	WP_250122711.1
GO:0050660	WP_250122711.1
GO:0006508	WP_250121895.1
GO:0008233	WP_250121895.1
GO:0003723	WP_250121971.1
GO:0004349	WP_250121971.1
GO:0005524	WP_250121971.1
GO:0005829	WP_250121971.1
GO:0055129	WP_250121971.1
GO:0016747	WP_250126454.1
GO:0005886	WP_250123142.1
GO:0006740	WP_250123142.1
GO:0008750	WP_250123142.1
GO:0016491	WP_250123142.1
GO:0050661	WP_250123142.1
GO:0004000	WP_250124530.1
GO:0005829	WP_250124530.1
GO:0006154	WP_250124530.1
GO:0043103	WP_250124530.1
GO:0046103	WP_250124530.1
GO:0046872	WP_250124530.1
GO:0000155	WP_250124131.1
GO:0005524	WP_250124131.1
GO:0005886	WP_250124131.1
GO:0006355	WP_250124131.1
GO:0007167	WP_250124131.1
GO:0009152	WP_250124131.1
GO:0009190	WP_250124131.1
GO:0009927	WP_250124131.1
GO:0009975	WP_250124131.1
GO:0016849	WP_250124131.1
GO:0038023	WP_250124131.1
GO:0043169	WP_250124131.1
GO:0046058	WP_250124131.1
GO:0003872	WP_250123072.1
GO:0005524	WP_250123072.1
GO:0005945	WP_250123072.1
GO:0006002	WP_250123072.1
GO:0016208	WP_250123072.1
GO:0030388	WP_250123072.1
GO:0042802	WP_250123072.1
GO:0046872	WP_250123072.1
GO:0047334	WP_250123072.1
GO:0048029	WP_250123072.1
GO:0061621	WP_250123072.1
GO:0070095	WP_250123072.1
GO:0016787	WP_250124419.1
GO:0005524	WP_250122294.1
GO:0005829	WP_250122294.1
GO:0008360	WP_250122294.1
GO:0008716	WP_250122294.1
GO:0009252	WP_250122294.1
GO:0046872	WP_250122294.1
GO:0071555	WP_250122294.1
GO:0005829	WP_250123287.1
GO:0004364	WP_250121353.1
GO:0005737	WP_250121353.1
GO:0004475	WP_250123746.1
GO:0005525	WP_250123746.1
GO:0009298	WP_250123746.1
GO:0035435	WP_250123399.1
GO:0042301	WP_250123399.1
GO:0043190	WP_250123399.1
GO:0016740	WP_346016685.1
GO:0005829	WP_250122305.1
GO:0016491	WP_250122305.1
GO:0008270	WP_250124395.1
GO:0016491	WP_250124395.1
GO:0000731	WP_250121880.1
GO:0003697	WP_250121880.1
GO:0005524	WP_250121880.1
GO:0005737	WP_250121880.1
GO:0006260	WP_250121880.1
GO:0006302	WP_250121880.1
GO:0009432	WP_250121880.1
GO:0015995	WP_250122996.1
GO:0016020	WP_250122996.1
GO:0046408	WP_250122996.1
GO:0004659	WP_250125418.1
GO:0016020	WP_250125418.1
GO:0015920	WP_346016809.1
GO:0043190	WP_346016809.1
GO:0008800	WP_250126421.1
GO:0030655	WP_250126421.1
GO:0046677	WP_250126421.1
GO:0016746	WP_250121754.1
GO:0042619	WP_250121754.1
GO:0005886	WP_250121270.1
GO:0008360	WP_250121270.1
GO:0008963	WP_250121270.1
GO:0009252	WP_250121270.1
GO:0046872	WP_250121270.1
GO:0051301	WP_250121270.1
GO:0051992	WP_250121270.1
GO:0071555	WP_250121270.1
GO:0003677	WP_256478949.1
GO:0004519	WP_256478949.1
GO:0006310	WP_256478949.1
GO:0032196	WP_256478949.1
GO:0000287	WP_250124754.1
GO:0005829	WP_250124754.1
GO:0005986	WP_250124754.1
GO:0006000	WP_250124754.1
GO:0006002	WP_250124754.1
GO:0006094	WP_250124754.1
GO:0019253	WP_250124754.1
GO:0030388	WP_250124754.1
GO:0042132	WP_250124754.1
GO:0000166	WP_250125705.1
GO:0003856	WP_250125705.1
GO:0005737	WP_250125705.1
GO:0008652	WP_250125705.1
GO:0009073	WP_250125705.1
GO:0009423	WP_250125705.1
GO:0046872	WP_250125705.1
GO:0009063	WP_250124874.1
GO:0016855	WP_250124874.1
GO:0046872	WP_250124874.1
GO:0000166	WP_346016662.1
GO:0005737	WP_250125965.1
GO:0016149	WP_250125965.1
GO:0003677	WP_250123170.1
GO:0010467	WP_250123170.1
GO:0032774	WP_250123170.1
GO:0140110	WP_250123170.1
GO:0004252	WP_250122179.1
GO:0006508	WP_250122179.1
GO:0003849	WP_250121170.1
GO:0005737	WP_250121170.1
GO:0008652	WP_250121170.1
GO:0009073	WP_250121170.1
GO:0009423	WP_250121170.1
GO:0008106	WP_250124910.1
GO:0008270	WP_250124910.1
GO:0051301	WP_250122257.1
GO:0016020	WP_250123565.1
GO:0055085	WP_250123565.1
GO:0016829	WP_250121989.1
GO:0051213	WP_250121989.1
GO:0005886	WP_250124033.1
GO:0005975	WP_250124033.1
GO:0008360	WP_250124033.1
GO:0009252	WP_250124033.1
GO:0050511	WP_250124033.1
GO:0051301	WP_250124033.1
GO:0051991	WP_250124033.1
GO:0071555	WP_250124033.1
GO:0006817	WP_250122421.1
GO:0042301	WP_250122421.1
GO:0006865	WP_250121977.1
GO:0016712	WP_250125780.1
GO:0000166	WP_250123577.1
GO:0006520	WP_250123577.1
GO:0050363	WP_250123577.1
GO:0016020	WP_250123869.1
GO:0055085	WP_250123869.1
GO:0016747	WP_250125634.1
GO:0008643	WP_346016525.1
GO:0015288	WP_346016525.1
GO:0016020	WP_346016525.1
GO:0016758	WP_250122675.1
GO:0007155	WP_250125949.1
GO:0030001	WP_250125949.1
GO:0030313	WP_250125949.1
GO:0046872	WP_250125949.1
GO:0004853	WP_250125711.1
GO:0005737	WP_250125711.1
GO:0006782	WP_250125711.1
GO:0006099	WP_346016789.1
GO:0008177	WP_346016789.1
GO:0009055	WP_346016789.1
GO:0022904	WP_346016789.1
GO:0046872	WP_346016789.1
GO:0051537	WP_346016789.1
GO:0051538	WP_346016789.1
GO:0051539	WP_346016789.1
GO:0003824	WP_250124551.1
GO:0110165	WP_250124551.1
GO:0003849	WP_250123600.1
GO:0009073	WP_250123600.1
GO:0016832	WP_250123600.1
GO:0004364	WP_250125260.1
GO:0005737	WP_250125260.1
GO:0016757	WP_250125722.1
GO:0000049	WP_346016815.1
GO:0017150	WP_346016815.1
GO:0050660	WP_346016815.1
GO:0005886	WP_250121692.1
GO:0140359	WP_250121692.1
GO:0003677	WP_250124708.1
GO:0006351	WP_250124708.1
GO:0045892	WP_250124708.1
GO:0000105	WP_250124405.1
GO:0004400	WP_250124405.1
GO:0030170	WP_250124405.1
GO:0004252	WP_250123570.1
GO:0006508	WP_250123570.1
GO:0016758	WP_250122640.1
GO:0005507	WP_250125250.1
GO:0050421	WP_250125250.1
GO:0016740	WP_346016816.1
GO:0002949	WP_250124370.1
GO:0005506	WP_250124370.1
GO:0005737	WP_250124370.1
GO:0016787	WP_250124370.1
GO:0061711	WP_250124370.1
GO:0004637	WP_346016775.1
GO:0004641	WP_346016775.1
GO:0005524	WP_346016775.1
GO:0005829	WP_346016775.1
GO:0006189	WP_346016775.1
GO:0046084	WP_346016775.1
GO:0000162	WP_250125109.1
GO:0000287	WP_250125109.1
GO:0004048	WP_250125109.1
GO:0005829	WP_250125109.1
GO:0000155	WP_250125341.1
GO:0005524	WP_250125341.1
GO:0005737	WP_275983365.1
GO:0042026	WP_275983365.1
GO:0051082	WP_275983365.1
GO:0035435	WP_250123090.1
GO:0042301	WP_250123090.1
GO:0043190	WP_250123090.1
GO:0003824	WP_250124970.1
GO:0000271	WP_250124649.1
GO:0008610	WP_250124649.1
GO:0008653	WP_250124649.1
GO:0016740	WP_250124649.1
GO:1901137	WP_250124649.1
GO:0008270	WP_256478783.1
GO:0016491	WP_256478783.1
GO:0008446	WP_250125034.1
GO:0042351	WP_250125034.1
GO:0070401	WP_250125034.1
GO:0006826	WP_250123967.1
GO:0030313	WP_250123967.1
GO:0042597	WP_250123967.1
GO:0003824	WP_250124998.1
GO:0005524	WP_250125225.1
GO:0016226	WP_250125225.1
GO:0016887	WP_250125225.1
GO:0046872	WP_250125225.1
GO:0051539	WP_250125225.1
GO:0140663	WP_250125225.1
GO:0004222	WP_250121554.1
GO:0006508	WP_250121554.1
GO:0016020	WP_250121554.1
GO:0046872	WP_250121554.1
GO:0004739	WP_250124474.1
GO:0006086	WP_250124474.1
GO:0000166	WP_250125280.1
GO:0000286	WP_250125280.1
GO:0005886	WP_250125280.1
GO:0042853	WP_250125280.1
GO:0019509	WP_250124501.1
GO:0046523	WP_250124501.1
GO:0003674	WP_250123969.1
GO:0006566	WP_250124927.1
GO:0009067	WP_250124927.1
GO:0016773	WP_250124927.1
GO:0019202	WP_250124927.1
GO:0000156	WP_250122976.1
GO:0005737	WP_250122976.1
GO:0006935	WP_250122976.1
GO:0008984	WP_250122976.1
GO:0032259	WP_250121766.1
GO:0052706	WP_250121766.1
GO:0016740	WP_250121857.1
GO:0004076	WP_250122009.1
GO:0005506	WP_250122009.1
GO:0009102	WP_250122009.1
GO:0051537	WP_250122009.1
GO:0051539	WP_250122009.1
GO:0003700	WP_250122206.1
GO:0006351	WP_250122206.1
GO:0043565	WP_250122206.1
GO:0016758	WP_250125005.1
GO:0003700	WP_250122928.1
GO:0006351	WP_250122928.1
GO:0043565	WP_250122928.1
GO:0016740	WP_250125295.1
GO:0003676	WP_250121189.1
GO:0016853	WP_250124037.1
GO:0004830	WP_250126166.1
GO:0005524	WP_250126166.1
GO:0005737	WP_250126166.1
GO:0006436	WP_250126166.1
GO:0003684	WP_250121493.1
GO:0003697	WP_250121493.1
GO:0005524	WP_250121493.1
GO:0005829	WP_250121493.1
GO:0006281	WP_250121493.1
GO:0006310	WP_250121493.1
GO:0009432	WP_250121493.1
GO:0140664	WP_250121493.1
GO:0004518	WP_250122356.1
GO:0016787	WP_250122356.1
GO:0003677	WP_250126217.1
GO:0004803	WP_250126217.1
GO:0006313	WP_250126217.1
GO:0003824	WP_250126107.1
GO:0046872	WP_250126107.1
GO:0051536	WP_250126107.1
GO:0003676	WP_250126354.1
GO:0006310	WP_250126354.1
GO:0032196	WP_250126354.1
GO:0140097	WP_250126354.1
GO:0000160	WP_250123029.1
GO:0004674	WP_250121789.1
GO:0005524	WP_250121789.1
GO:0005524	WP_250122385.1
GO:0005525	WP_250122385.1
GO:0005737	WP_250122385.1
GO:0016887	WP_250122385.1
GO:0043023	WP_250122385.1
GO:0046872	WP_250122385.1
GO:0016491	WP_250121906.1
GO:0003677	WP_346016870.1
GO:0006310	WP_346016870.1
GO:0015074	WP_346016870.1
GO:0006826	WP_250123167.1
GO:0030313	WP_250123167.1
GO:0042597	WP_250123167.1
GO:0005524	WP_250125446.1
GO:0016887	WP_250125446.1
GO:0000166	WP_250126507.1
GO:0016787	WP_250126507.1
GO:0006812	WP_250125474.1
GO:0009987	WP_250125474.1
GO:0043169	WP_250125474.1
GO:0000287	WP_250123021.1
GO:0003924	WP_250123021.1
GO:0005525	WP_250123021.1
GO:0005737	WP_250123021.1
GO:0042254	WP_250123021.1
GO:0004022	WP_346016748.1
GO:0005737	WP_346016748.1
GO:0046872	WP_346016748.1
GO:0004364	WP_250124667.1
GO:0005737	WP_250124667.1
GO:0006629	WP_250121654.1
GO:0008081	WP_250121654.1
GO:0003978	WP_250126123.1
GO:0033499	WP_250126123.1
GO:0016757	WP_250122249.1
GO:0004177	WP_346016795.1
GO:0006508	WP_346016795.1
GO:0008235	WP_346016795.1
GO:0004061	WP_250126567.1
GO:0019441	WP_250126567.1
GO:0003674	WP_250123974.1
GO:0005886	WP_250125293.1
GO:0016757	WP_250125293.1
GO:0006259	WP_250126282.1
GO:0004106	WP_250123585.1
GO:0004665	WP_250123585.1
GO:0006571	WP_250123585.1
GO:0008977	WP_250123585.1
GO:0070403	WP_250123585.1
GO:0016757	WP_250125017.1
GO:0006812	WP_250121420.1
GO:0009987	WP_250121420.1
GO:0043169	WP_250121420.1
GO:0110165	WP_250121420.1
GO:0005524	WP_250124342.1
GO:0008974	WP_250124342.1
GO:0019253	WP_250124342.1
GO:0000160	WP_250123229.1
GO:0006355	WP_250123229.1
GO:0004252	WP_250123156.1
GO:0006508	WP_250123156.1
GO:0005829	WP_250123718.1
GO:0006071	WP_250123718.1
GO:0006094	WP_250123718.1
GO:0019253	WP_250123718.1
GO:0030388	WP_250123718.1
GO:0042132	WP_250123718.1
GO:0046872	WP_250123718.1
GO:0050278	WP_250123718.1
GO:0016020	WP_250123692.1
GO:0071944	WP_250123692.1
GO:0016757	WP_250126003.1
GO:0004365	WP_250123668.1
GO:0006006	WP_250123668.1
GO:0047100	WP_250123668.1
GO:0050661	WP_250123668.1
GO:0051287	WP_250123668.1
GO:0003849	WP_250125334.1
GO:0009073	WP_250125334.1
GO:0016832	WP_250125334.1
GO:0016757	WP_250122759.1
GO:0004622	WP_250122641.1
GO:0000287	WP_250123667.1
GO:0005524	WP_250123667.1
GO:0009030	WP_250123667.1
GO:0009228	WP_250123667.1
GO:0009229	WP_250123667.1
GO:0000455	WP_250125843.1
GO:0003723	WP_250125843.1
GO:0120159	WP_250125843.1
GO:0000166	WP_250125647.1
GO:0005737	WP_250125647.1
GO:0009236	WP_250125647.1
GO:0016787	WP_250125647.1
GO:0004073	WP_250124629.1
GO:0009088	WP_250124629.1
GO:0009089	WP_250124629.1
GO:0009097	WP_250124629.1
GO:0019877	WP_250124629.1
GO:0046983	WP_250124629.1
GO:0050661	WP_250124629.1
GO:0051287	WP_250124629.1
GO:0071266	WP_250124629.1
GO:0008933	WP_250121706.1
GO:0030203	WP_250121706.1
GO:0045229	WP_250121706.1
GO:0071554	WP_250121706.1
GO:0003700	WP_250122592.1
GO:0006351	WP_250122592.1
GO:0043565	WP_250122592.1
GO:0003677	WP_250125623.1
GO:0010467	WP_250125623.1
GO:0032774	WP_250125623.1
GO:0140110	WP_250125623.1
GO:0000155	WP_346016800.1
GO:0016020	WP_346016800.1
GO:0016740	WP_256478693.1
GO:0003723	WP_250125969.1
GO:0016829	WP_250125969.1
GO:0031119	WP_250125969.1
GO:0160147	WP_250125969.1
GO:0004340	WP_250125926.1
GO:0005524	WP_250125926.1
GO:0005536	WP_250125926.1
GO:0005737	WP_250125926.1
GO:0006096	WP_250125926.1
GO:0016740	WP_250122766.1
GO:0006874	WP_250124177.1
GO:0012505	WP_250124177.1
GO:0015369	WP_250124177.1
GO:0016020	WP_250124177.1
GO:0006259	WP_250126526.1
GO:0016811	WP_346016832.1
GO:0000287	WP_250122863.1
GO:0004452	WP_250122863.1
GO:0005737	WP_250122863.1
GO:0008299	WP_250122863.1
GO:0010181	WP_250122863.1
GO:0016491	WP_250122863.1
GO:0070402	WP_250122863.1
GO:0005737	WP_275983388.1
GO:0042026	WP_275983388.1
GO:0051082	WP_275983388.1
GO:0003963	WP_250122084.1
GO:0005524	WP_250122084.1
GO:0005737	WP_250122084.1
GO:0006396	WP_250122084.1
GO:0005506	WP_250123351.1
GO:0016765	WP_250123351.1
GO:0044689	WP_250123351.1
GO:0051539	WP_250123351.1
GO:0005524	WP_250122002.1
GO:0005737	WP_250122002.1
GO:0006260	WP_250122002.1
GO:0008270	WP_250122002.1
GO:0009408	WP_250122002.1
GO:0031072	WP_250122002.1
GO:0042026	WP_250122002.1
GO:0051082	WP_250122002.1
GO:0005829	WP_250121345.1
GO:0016618	WP_250121345.1
GO:0030267	WP_250121345.1
GO:0047964	WP_250121345.1
GO:0051287	WP_250121345.1
GO:0004070	WP_250125609.1
GO:0005829	WP_250125609.1
GO:0006207	WP_250125609.1
GO:0006520	WP_250125609.1
GO:0016597	WP_250125609.1
GO:0044205	WP_250125609.1
GO:0005525	WP_250124120.1
GO:0006777	WP_250124120.1
GO:0046872	WP_250124120.1
GO:0051539	WP_250124120.1
GO:0061798	WP_250124120.1
GO:0061799	WP_250124120.1
GO:1904047	WP_250124120.1
GO:0003677	WP_250123545.1
GO:0010467	WP_250123545.1
GO:0032774	WP_250123545.1
GO:0140110	WP_250123545.1
GO:0005737	WP_250121629.1
GO:0016491	WP_250121629.1
GO:0008168	WP_250125070.1
GO:0032259	WP_250125070.1
GO:0016020	WP_250121752.1
GO:0016491	WP_250121752.1
GO:0005737	WP_250123273.1
GO:0033320	WP_250123273.1
GO:0042732	WP_250123273.1
GO:0048040	WP_250123273.1
GO:0070403	WP_250123273.1
GO:0005737	WP_250123254.1
GO:0006633	WP_250123254.1
GO:0008654	WP_250123254.1
GO:0043811	WP_250123254.1
GO:0015012	WP_250122643.1
GO:0016020	WP_250122643.1
GO:0030158	WP_250122643.1
GO:0046872	WP_250122643.1
GO:0050650	WP_250122643.1
GO:0000156	WP_250122490.1
GO:0000976	WP_250122490.1
GO:0005829	WP_250122490.1
GO:0006351	WP_250122490.1
GO:0006355	WP_250122490.1
GO:0032993	WP_250122490.1
GO:0004029	WP_250121613.1
GO:0005737	WP_250121613.1
GO:0004364	WP_250121401.1
GO:0005737	WP_250121401.1
GO:0016491	WP_250121401.1
GO:0005524	WP_250123699.1
GO:0015418	WP_250123699.1
GO:0015419	WP_250123699.1
GO:0016887	WP_250123699.1
GO:0043190	WP_250123699.1
GO:0008757	WP_250123244.1
GO:0032259	WP_250123244.1
GO:0003824	WP_250124945.1
GO:0004655	WP_250125470.1
GO:0005829	WP_250125470.1
GO:0006782	WP_250125470.1
GO:0006783	WP_250125470.1
GO:0008270	WP_250125470.1
GO:0016020	WP_250124657.1
GO:0016491	WP_250124657.1
GO:0005524	WP_250126491.1
GO:0015418	WP_250126491.1
GO:0015419	WP_250126491.1
GO:0016887	WP_250126491.1
GO:0043190	WP_250126491.1
GO:0005524	WP_250121827.1
GO:0015418	WP_250121827.1
GO:0015419	WP_250121827.1
GO:0016887	WP_250121827.1
GO:0043190	WP_250121827.1
GO:0016705	WP_250123338.1
GO:0016787	WP_250125200.1
GO:0005975	WP_250122536.1
GO:0008194	WP_250122536.1
GO:0016758	WP_250122536.1
GO:0033072	WP_250122536.1
GO:0005488	WP_250126247.1
GO:0015996	WP_250122509.1
GO:0047746	WP_250122509.1
GO:0004497	WP_250122628.1
GO:0071949	WP_250122628.1
GO:0003824	WP_250122156.1
GO:0000166	WP_346016821.1
GO:0006826	WP_250123966.1
GO:0030313	WP_250123966.1
GO:0042597	WP_250123966.1
GO:0005737	WP_250121742.1
GO:0008677	WP_250121742.1
GO:0015940	WP_250121742.1
GO:0003674	WP_250121735.1
GO:0030313	WP_250123107.1
GO:0003677	WP_250125264.1
GO:0010467	WP_250125264.1
GO:0032774	WP_250125264.1
GO:0140110	WP_250125264.1
GO:0005737	WP_346016573.1
GO:0016149	WP_346016573.1
GO:0030313	WP_250121606.1
GO:0016787	WP_250126783.1
GO:0016491	WP_250121212.1
GO:0004479	WP_250125215.1
GO:0005829	WP_250125215.1
GO:0005886	WP_250123101.1
GO:0055085	WP_250123101.1
GO:0003723	WP_250125114.1
GO:0005829	WP_250125114.1
GO:0006396	WP_250125114.1
GO:0008173	WP_250125114.1
GO:0032259	WP_250125114.1
GO:0008168	WP_250126449.1
GO:0032259	WP_250126449.1
GO:0006826	WP_250123981.1
GO:0030313	WP_250123981.1
GO:0042597	WP_250123981.1
GO:0005524	WP_250126144.1
GO:0016301	WP_250126144.1
GO:0016787	WP_250125314.1
GO:0004363	WP_346016859.1
GO:0005524	WP_346016859.1
GO:0005737	WP_346016859.1
GO:0046872	WP_346016859.1
GO:0004364	WP_346016546.1
GO:0005737	WP_346016546.1
GO:0005737	WP_275983363.1
GO:0006260	WP_275983363.1
GO:0008270	WP_275983363.1
GO:0042026	WP_275983363.1
GO:0051082	WP_275983363.1
GO:0016491	WP_250125674.1
GO:0006874	WP_250124178.1
GO:0012505	WP_250124178.1
GO:0015369	WP_250124178.1
GO:0016020	WP_250124178.1
GO:0005886	WP_250121721.1
GO:0009055	WP_250121721.1
GO:0016682	WP_250121721.1
GO:0019646	WP_250121721.1
GO:0070069	WP_250121721.1
GO:0000287	WP_250126115.1
GO:0004455	WP_250126115.1
GO:0005829	WP_250126115.1
GO:0009097	WP_250126115.1
GO:0009099	WP_250126115.1
GO:0016853	WP_250126115.1
GO:0050661	WP_250126115.1
GO:0016853	WP_250126130.1
GO:0042351	WP_250126130.1
GO:0050577	WP_250126130.1
GO:0070401	WP_250126130.1
GO:0005829	WP_250125001.1
GO:0009086	WP_250125001.1
GO:0035999	WP_250125001.1
GO:0071949	WP_250125001.1
GO:0106312	WP_250125001.1
GO:0004365	WP_250123823.1
GO:0006006	WP_250123823.1
GO:0047100	WP_250123823.1
GO:0050661	WP_250123823.1
GO:0051287	WP_250123823.1
GO:0000166	WP_250126506.1
GO:0016787	WP_250126506.1
GO:0004124	WP_250122262.1
GO:0006535	WP_250122262.1
GO:0000049	WP_250123149.1
GO:0000287	WP_250123149.1
GO:0004826	WP_250123149.1
GO:0005524	WP_250123149.1
GO:0005737	WP_250123149.1
GO:0006432	WP_250123149.1
GO:0005886	WP_250125262.1
GO:0022857	WP_250125262.1
GO:0033214	WP_250125262.1
GO:0001510	WP_250122868.1
GO:0003723	WP_250122868.1
GO:0008173	WP_250122868.1
GO:0008270	WP_346016831.1
GO:0016491	WP_346016831.1
GO:0016020	WP_250125308.1
GO:0042597	WP_250125308.1
GO:0042626	WP_250125308.1
GO:0000287	WP_250121327.1
GO:0002189	WP_250121327.1
GO:0004749	WP_250121327.1
GO:0005524	WP_250121327.1
GO:0005737	WP_250121327.1
GO:0006015	WP_250121327.1
GO:0006164	WP_250121327.1
GO:0009156	WP_250121327.1
GO:0016301	WP_250121327.1
GO:0008270	WP_250122226.1
GO:0042781	WP_250122226.1
GO:0042802	WP_250122226.1
GO:0006567	WP_250124102.1
GO:0008743	WP_250124102.1
GO:0008757	WP_250126106.1
GO:0032259	WP_250126106.1
GO:0005886	WP_250121825.1
GO:0055085	WP_250121825.1
GO:0004067	WP_250123027.1
GO:0006508	WP_250123027.1
GO:0008233	WP_250123027.1
GO:0000976	WP_250124111.1
GO:0003700	WP_250124111.1
GO:0006351	WP_250124111.1
GO:0003677	WP_250122803.1
GO:0004520	WP_250122803.1
GO:0016787	WP_250122803.1
GO:0043571	WP_250122803.1
GO:0046872	WP_250122803.1
GO:0051607	WP_250122803.1
GO:0005829	WP_250123344.1
GO:0008987	WP_250123344.1
GO:0034628	WP_250123344.1
GO:0046872	WP_250123344.1
GO:0051539	WP_250123344.1
GO:0004519	WP_250125698.1
GO:0006289	WP_250125698.1
GO:0009411	WP_250125698.1
GO:0016787	WP_250125698.1
GO:0005506	WP_250121546.1
GO:0009055	WP_250121546.1
GO:0015979	WP_250121546.1
GO:0020037	WP_250121546.1
GO:0031676	WP_250121546.1
GO:0005524	WP_250125289.1
GO:0016887	WP_250125289.1
GO:0043215	WP_250125289.1
GO:1900753	WP_250125289.1
GO:0005524	WP_250124744.1
GO:0016887	WP_250124744.1
GO:0005886	WP_250122107.1
GO:0008381	WP_250122107.1
GO:0016740	WP_250122947.1
GO:0008800	WP_250126047.1
GO:0030655	WP_250126047.1
GO:0046677	WP_250126047.1
GO:0004029	WP_250125709.1
GO:0005737	WP_250125709.1
GO:0005576	WP_250125818.1
GO:0008360	WP_250125818.1
GO:0016757	WP_250125818.1
GO:0018104	WP_250125818.1
GO:0071555	WP_250125818.1
GO:0071972	WP_250125818.1
GO:0008610	WP_250122752.1
GO:0016020	WP_250122752.1
GO:0016717	WP_250122752.1
GO:0003674	WP_250123983.1
GO:0009523	WP_250124534.1
GO:0015979	WP_250124534.1
GO:0000166	WP_346016523.1
GO:0016787	WP_346016523.1
GO:0008146	WP_250126704.1
GO:0004175	WP_250124916.1
GO:0008237	WP_250124916.1
GO:0080120	WP_250124916.1
GO:0005886	WP_250122912.1
GO:0009103	WP_250122912.1
GO:0016757	WP_250122912.1
GO:0008879	WP_250125068.1
GO:0046872	WP_250125068.1
GO:0016020	WP_250122986.1
GO:0016491	WP_250122986.1
GO:0048038	WP_250122986.1
GO:0004820	WP_250121451.1
GO:0005524	WP_250121451.1
GO:0005829	WP_250121451.1
GO:0006426	WP_250121451.1
GO:0016491	WP_250124359.1
GO:0006797	WP_250123929.1
GO:0016301	WP_250123929.1
GO:0016776	WP_250123929.1
GO:0005886	WP_250124185.1
GO:0009236	WP_250124185.1
GO:0015420	WP_250124185.1
GO:0048472	WP_250124185.1
GO:0000902	WP_250122518.1
GO:0005524	WP_250122518.1
GO:0005737	WP_250122518.1
GO:0008360	WP_250122518.1
GO:0008270	WP_250126400.1
GO:0016491	WP_250126400.1
GO:0000976	WP_250126578.1
GO:0003700	WP_250126578.1
GO:0005829	WP_250126578.1
GO:0006351	WP_250126578.1
GO:0030288	WP_250123168.1
GO:1901678	WP_250123168.1
GO:0005886	WP_250124295.1
GO:0009103	WP_250124295.1
GO:0016780	WP_250124295.1
GO:0044038	WP_250124295.1
GO:0046872	WP_250124295.1
GO:0071555	WP_250124295.1
GO:0016787	WP_250126401.1
GO:0046872	WP_250126401.1
GO:0000162	WP_250123601.1
GO:0000287	WP_250123601.1
GO:0004048	WP_250123601.1
GO:0005829	WP_250123601.1
GO:0016757	WP_250125006.1
GO:0016651	WP_250126580.1
GO:0070402	WP_250126580.1
GO:0003824	WP_250123984.1
GO:0031470	WP_250123984.1
GO:0043886	WP_250123984.1
GO:0004177	WP_250123486.1
GO:0006508	WP_250123486.1
GO:0016020	WP_250123486.1
GO:0003677	WP_250122851.1
GO:0003700	WP_250122851.1
GO:0005829	WP_250122851.1
GO:0006351	WP_250122851.1
GO:0003684	WP_250126148.1
GO:0003690	WP_250126148.1
GO:0006284	WP_250126148.1
GO:0008270	WP_250126148.1
GO:0034039	WP_250126148.1
GO:0140078	WP_250126148.1
GO:0003676	WP_250121582.1
GO:0006310	WP_250121582.1
GO:0032196	WP_250121582.1
GO:0140097	WP_250121582.1
GO:0005829	WP_250123815.1
GO:0008713	WP_250123815.1
GO:0009244	WP_250123815.1
GO:0006493	WP_346016828.1
GO:0097363	WP_346016828.1
GO:0003677	WP_346016845.1
GO:0006352	WP_346016845.1
GO:0016987	WP_346016845.1
GO:0000166	WP_250123761.1
GO:0005737	WP_250123761.1
GO:0016787	WP_250123761.1
GO:0003824	WP_250126777.1
GO:0005524	WP_250121590.1
GO:0016887	WP_250121590.1
GO:0003723	WP_250123511.1
GO:0005737	WP_250123511.1
GO:0008270	WP_250123511.1
GO:0016491	WP_250123511.1
GO:0004029	WP_250125176.1
GO:0005737	WP_250125176.1
GO:0016853	WP_250125176.1
GO:0003676	WP_250125997.1
GO:0006310	WP_250125997.1
GO:0032196	WP_250125997.1
GO:0140097	WP_250125997.1
GO:0000166	WP_250125678.1
GO:0016787	WP_250125678.1
GO:0003978	WP_250126126.1
GO:0005829	WP_250126126.1
GO:0006012	WP_250126126.1
GO:0015979	WP_250125271.1
GO:0015995	WP_250125271.1
GO:0016630	WP_250125271.1
GO:0016787	WP_250123343.1
GO:0016787	WP_250123847.1
GO:0005886	WP_250123010.1
GO:0016757	WP_250123010.1
GO:0015012	WP_250122049.1
GO:0016020	WP_250122049.1
GO:0030158	WP_250122049.1
GO:0046872	WP_250122049.1
GO:0050650	WP_250122049.1
GO:0005886	WP_250121154.1
GO:0009103	WP_250121154.1
GO:0016780	WP_250121154.1
GO:0044038	WP_250121154.1
GO:0046872	WP_250121154.1
GO:0071555	WP_250121154.1
GO:0004029	WP_250124007.1
GO:0005737	WP_250124007.1
GO:0016787	WP_250123871.1
GO:0005886	WP_250125288.1
GO:0008495	WP_250125288.1
GO:0048034	WP_250125288.1
GO:0016787	WP_250123560.1
GO:0003951	WP_250125140.1
GO:0005524	WP_250125140.1
GO:0005737	WP_250125140.1
GO:0006741	WP_250125140.1
GO:0019674	WP_250125140.1
GO:0046872	WP_250125140.1
GO:0051287	WP_250125140.1
GO:0016491	WP_250122383.1
GO:0006281	WP_250125952.1
GO:0009295	WP_250125952.1
GO:0043232	WP_250125952.1
GO:0005886	WP_250124241.1
GO:0016788	WP_250124601.1
GO:0044238	WP_250124601.1
GO:0016020	WP_250125677.1
GO:0055085	WP_250125677.1
GO:0003677	WP_250126369.1
GO:0006310	WP_250126369.1
GO:0015074	WP_250126369.1
GO:0004407	WP_250122726.1
GO:0040029	WP_250122726.1
GO:0016491	WP_346016760.1
GO:0003989	WP_250121907.1
GO:0005524	WP_250121907.1
GO:0006633	WP_250121907.1
GO:0009317	WP_250121907.1
GO:0016743	WP_250121907.1
GO:2001295	WP_250121907.1
GO:0030313	WP_250121409.1
GO:0004315	WP_346016860.1
GO:0005737	WP_346016860.1
GO:0006633	WP_346016860.1
GO:0033818	WP_346016860.1
GO:0005737	WP_250122990.1
GO:0016491	WP_250122990.1
GO:0005886	WP_250126140.1
GO:0009103	WP_250126140.1
GO:0016780	WP_250126140.1
GO:0044038	WP_250126140.1
GO:0046872	WP_250126140.1
GO:0071555	WP_250126140.1
GO:0005886	WP_250122841.1
GO:0006811	WP_250122841.1
GO:0004418	WP_250122554.1
GO:0005737	WP_250122554.1
GO:0006782	WP_250122554.1
GO:0003676	WP_250126648.1
GO:0006259	WP_250126648.1
GO:0051213	WP_250125902.1
GO:0005886	WP_250121741.1
GO:0016740	WP_346016737.1
GO:0006400	WP_250125272.1
GO:0016705	WP_250125272.1
GO:0005975	WP_250124990.1
GO:0019146	WP_250124990.1
GO:0046872	WP_250124990.1
GO:0097367	WP_250124990.1
GO:1901135	WP_250124990.1
GO:0005737	WP_250124231.1
GO:0008616	WP_250124231.1
GO:0031419	WP_250124231.1
GO:0046872	WP_250124231.1
GO:0051539	WP_250124231.1
GO:0052693	WP_250124231.1
GO:0005524	WP_250126000.1
GO:0008974	WP_250126000.1
GO:0019253	WP_250126000.1
GO:0003919	WP_250123147.1
GO:0005524	WP_250123147.1
GO:0006747	WP_250123147.1
GO:0008531	WP_250123147.1
GO:0009231	WP_250123147.1
GO:0009398	WP_250123147.1
GO:0005886	WP_250125904.1
GO:0004067	WP_250121921.1
GO:0016757	WP_250123003.1
GO:0046872	WP_250122089.1
GO:0051266	WP_250122089.1
GO:0016491	WP_250124904.1
GO:0030313	WP_250123526.1
GO:0004459	WP_250126150.1
GO:0006089	WP_250126150.1
GO:0006099	WP_250126150.1
GO:0030060	WP_250126150.1
GO:0005829	WP_250123671.1
GO:0008360	WP_250123671.1
GO:0008762	WP_250123671.1
GO:0009252	WP_250123671.1
GO:0051301	WP_250123671.1
GO:0071555	WP_250123671.1
GO:0071949	WP_250123671.1
GO:0005886	WP_250125297.1
GO:0016757	WP_250125297.1
GO:0003677	WP_250122679.1
GO:0003700	WP_250122679.1
GO:0006351	WP_250122679.1
GO:0004407	WP_346016629.1
GO:0016787	WP_346016629.1
GO:0040029	WP_346016629.1
GO:0016491	WP_250121341.1
GO:0005975	WP_250122650.1
GO:0019146	WP_250122650.1
GO:0046872	WP_250122650.1
GO:0097367	WP_250122650.1
GO:1901135	WP_250122650.1
GO:0003993	WP_250123175.1
GO:0016020	WP_250123191.1
GO:0055085	WP_250123191.1
GO:0016780	WP_346016603.1
GO:0140110	WP_346016603.1
GO:0005524	WP_250121247.1
GO:0016114	WP_250121247.1
GO:0019288	WP_250121247.1
GO:0050515	WP_250121247.1
GO:0004311	WP_346016554.1
GO:0016117	WP_346016554.1
GO:0051996	WP_346016554.1
GO:0016740	WP_250125009.1
GO:0046872	WP_250124467.1
GO:0004659	WP_250122511.1
GO:0008299	WP_250122511.1
GO:0046872	WP_250122511.1
GO:0008168	WP_250125056.1
GO:0032259	WP_250125056.1
GO:0003677	WP_250121983.1
GO:0003887	WP_250121983.1
GO:0006261	WP_250121983.1
GO:0009360	WP_250121983.1
GO:0003700	WP_250122560.1
GO:0006351	WP_250122560.1
GO:0043565	WP_250122560.1
GO:0016491	WP_250122402.1
GO:0016020	WP_250124369.1
GO:0016787	WP_250124369.1
GO:0004222	WP_346016762.1
GO:0006508	WP_346016762.1
GO:0046872	WP_346016762.1
GO:0030288	WP_250125357.1
GO:1901678	WP_250125357.1
GO:0005737	WP_250122601.1
GO:0005840	WP_250122601.1
GO:0008276	WP_250122601.1
GO:0032259	WP_250122601.1
GO:0016788	WP_346016872.1
GO:0046872	WP_346016872.1
GO:0005886	WP_250124472.1
GO:0055085	WP_250124472.1
GO:0016020	WP_250124245.1
GO:0055085	WP_250124245.1
GO:0016740	WP_250125304.1
GO:0000287	WP_250125557.1
GO:0003676	WP_250125557.1
GO:0004523	WP_250125557.1
GO:0005737	WP_250125557.1
GO:0043137	WP_250125557.1
GO:0005829	WP_250126165.1
GO:0009086	WP_250126165.1
GO:0035999	WP_250126165.1
GO:0071949	WP_250126165.1
GO:0106312	WP_250126165.1
GO:0005737	WP_250123827.1
GO:0016853	WP_250123827.1
GO:0005886	WP_346016650.1
GO:0008879	WP_250124286.1
GO:0046872	WP_250124286.1
GO:0003677	WP_250124636.1
GO:0003700	WP_250124636.1
GO:0006351	WP_250124636.1
GO:0005886	WP_250126055.1
GO:0004301	WP_346016670.1
GO:0016491	WP_250124897.1
GO:0006826	WP_250124556.1
GO:0030313	WP_250124556.1
GO:0042597	WP_250124556.1
GO:0006826	WP_250126186.1
GO:0030313	WP_250126186.1
GO:0042597	WP_250126186.1
GO:0004124	WP_250122077.1
GO:0005737	WP_250122077.1
GO:0006535	WP_250122077.1
GO:0004124	WP_250123700.1
GO:0005737	WP_250123700.1
GO:0006535	WP_250123700.1
GO:0005737	WP_346016822.1
GO:0016706	WP_346016822.1
GO:0046872	WP_346016822.1
GO:0008360	WP_250122513.1
GO:0008881	WP_250122513.1
GO:0009252	WP_250122513.1
GO:0071555	WP_250122513.1
GO:0016787	WP_250123759.1
GO:0008233	WP_250122073.1
GO:0019538	WP_250122073.1
GO:0005524	WP_250123662.1
GO:0016887	WP_250123662.1
GO:0004124	WP_250123440.1
GO:0005737	WP_250123440.1
GO:0006535	WP_250123440.1
GO:0016846	WP_250123440.1
GO:0005829	WP_250121723.1
GO:0006152	WP_250121723.1
GO:0008477	WP_250121723.1
GO:0003676	WP_250124366.1
GO:0032259	WP_250124366.1
GO:0102559	WP_250124366.1
GO:0003951	WP_250124535.1
GO:0005524	WP_250124535.1
GO:0005737	WP_250124535.1
GO:0006741	WP_250124535.1
GO:0019674	WP_250124535.1
GO:0046872	WP_250124535.1
GO:0051287	WP_250124535.1
GO:0004497	WP_346016898.1
GO:0071949	WP_346016898.1
GO:0003989	WP_346016521.1
GO:0005524	WP_346016521.1
GO:0006633	WP_346016521.1
GO:0008270	WP_346016521.1
GO:0009317	WP_346016521.1
GO:0016743	WP_346016521.1
GO:2001295	WP_346016521.1
GO:0052689	WP_250126763.1
GO:0005524	WP_250122382.1
GO:0005829	WP_250122382.1
GO:0008654	WP_250122382.1
GO:0008929	WP_250122382.1
GO:0016301	WP_250122382.1
GO:0019242	WP_250122382.1
GO:0003700	WP_250121633.1
GO:0006351	WP_250121633.1
GO:0043565	WP_250121633.1
GO:0008757	WP_250122072.1
GO:0032259	WP_250122072.1
GO:0008783	WP_250123875.1
GO:0033389	WP_250123875.1
GO:0046872	WP_250123875.1
GO:0005886	WP_250125263.1
GO:0022857	WP_250125263.1
GO:0033214	WP_250125263.1
GO:0000028	WP_250123073.1
GO:0003924	WP_250123073.1
GO:0005525	WP_250123073.1
GO:0005829	WP_250123073.1
GO:0005886	WP_250123073.1
GO:0043024	WP_250123073.1
GO:0070181	WP_250123073.1
GO:0003700	WP_250121626.1
GO:0006351	WP_250121626.1
GO:0043565	WP_250121626.1
GO:0016787	WP_250124739.1
GO:0005315	WP_250123398.1
GO:0005886	WP_250123398.1
GO:0006817	WP_250123398.1
GO:0016301	WP_250125540.1
GO:0016747	WP_250126769.1
GO:0016787	WP_250122877.1
GO:0005524	WP_250123371.1
GO:0005737	WP_250123371.1
GO:0005840	WP_250123371.1
GO:0009432	WP_250123371.1
GO:0018169	WP_250123371.1
GO:0046872	WP_250123371.1
GO:0000976	WP_250124421.1
GO:0003700	WP_250124421.1
GO:0006351	WP_250124421.1
GO:0003677	WP_250126495.1
GO:0005694	WP_250126495.1
GO:0007059	WP_250126495.1
GO:0008879	WP_250122776.1
GO:0046872	WP_250122776.1
GO:0003677	WP_250126257.1
GO:0006352	WP_250126257.1
GO:0016987	WP_250126257.1
GO:0016020	WP_250124634.1
GO:0016787	WP_250124634.1
GO:0003676	WP_250126467.1
GO:0003677	WP_250121433.1
GO:0004803	WP_250121433.1
GO:0006313	WP_250121433.1
GO:0003674	WP_250126794.1
GO:0005886	WP_250125819.1
GO:0055085	WP_250125819.1
GO:0003723	WP_250124979.1
GO:0005524	WP_250124979.1
GO:0005829	WP_250124979.1
GO:0005829	WP_250123763.1
GO:0008837	WP_250123763.1
GO:0009089	WP_250123763.1
GO:0005524	WP_346016631.1
GO:0016887	WP_346016631.1
GO:0006633	WP_250122526.1
GO:0016020	WP_250122526.1
GO:0016717	WP_250122526.1
GO:0003676	WP_250124810.1
GO:0003700	WP_250121639.1
GO:0006351	WP_250121639.1
GO:0043565	WP_250121639.1
GO:0016787	WP_250124004.1
GO:0004341	WP_250124577.1
GO:0005509	WP_250124577.1
GO:0019853	WP_250124577.1
GO:0030246	WP_250124564.1
GO:0030313	WP_250124564.1
GO:0003700	WP_250124036.1
GO:0006351	WP_250124036.1
GO:0043565	WP_250124036.1
GO:0005737	WP_250125403.1
GO:0009249	WP_250125403.1
GO:0016992	WP_250125403.1
GO:0046872	WP_250125403.1
GO:0051539	WP_250125403.1
GO:0003700	WP_250123541.1
GO:0006351	WP_250123541.1
GO:0043565	WP_250123541.1
GO:0006784	WP_250125287.1
GO:0016020	WP_250125287.1
GO:0016491	WP_250125287.1
GO:0046872	WP_250125287.1
GO:0003676	WP_346016887.1
GO:0015074	WP_346016887.1
GO:0008150	WP_250123612.1
GO:0004413	WP_250122114.1
GO:0005524	WP_250122114.1
GO:0005737	WP_250122114.1
GO:0009088	WP_250122114.1
GO:0016020	WP_250125042.1
GO:0071944	WP_250125042.1
GO:0005737	WP_250122872.1
GO:0009249	WP_250122872.1
GO:0016992	WP_250122872.1
GO:0046872	WP_250122872.1
GO:0051539	WP_250122872.1
GO:0005524	WP_250125355.1
GO:0006400	WP_250125355.1
GO:0052381	WP_250125355.1
GO:0005886	WP_346016673.1
GO:0009103	WP_346016673.1
GO:0099621	WP_346016673.1
GO:0008152	WP_250123225.1
GO:0008757	WP_250123225.1
GO:0051998	WP_250123225.1
GO:0003983	WP_250125373.1
GO:0006011	WP_250125373.1
GO:0009243	WP_275983377.1
GO:0047343	WP_275983377.1
GO:0016645	WP_250123030.1
GO:0016757	WP_250124645.1
GO:0005886	WP_250124361.1
GO:0006605	WP_250124361.1
GO:0015450	WP_250124361.1
GO:0043952	WP_250124361.1
GO:0065002	WP_250124361.1
GO:0016757	WP_250122651.1
GO:0016758	WP_250124084.1
GO:0005622	WP_250125434.1
GO:0015936	WP_250125434.1
GO:0016301	WP_250125434.1
GO:0016773	WP_250125434.1
GO:0032559	WP_250125434.1
GO:0035639	WP_250125434.1
GO:0043169	WP_250125434.1
GO:0044272	WP_250125434.1
GO:0072522	WP_250125434.1
GO:1901293	WP_250125434.1
GO:0016787	WP_250125478.1
GO:0019898	WP_250121694.1
GO:0030313	WP_250121694.1
GO:1990195	WP_250121694.1
GO:1990961	WP_250121694.1
GO:0003700	WP_250121280.1
GO:0006351	WP_250121280.1
GO:0043565	WP_250121280.1
GO:0003700	WP_250121646.1
GO:0006351	WP_250121646.1
GO:0043565	WP_250121646.1
GO:0003700	WP_250126555.1
GO:0006351	WP_250126555.1
GO:0043565	WP_250126555.1
GO:0005737	WP_250122563.1
GO:0019172	WP_250122563.1
GO:0019243	WP_250122563.1
GO:0003729	WP_250123547.1
GO:0003735	WP_250123547.1
GO:0005840	WP_250123547.1
GO:0006412	WP_250123547.1
GO:1990904	WP_250123547.1
GO:0003677	WP_250123035.1
GO:0006352	WP_250123035.1
GO:0016987	WP_250123035.1
GO:0016757	WP_250125303.1
GO:0016787	WP_250123207.1
GO:0046872	WP_250126739.1
GO:0005737	WP_250124615.1
GO:0016151	WP_250124615.1
GO:0004161	WP_250121959.1
GO:0005737	WP_250121959.1
GO:0016114	WP_250121959.1
GO:0046872	WP_250121959.1
GO:0005886	WP_250125579.1
GO:0005829	WP_250123016.1
GO:0008831	WP_250123016.1
GO:0019305	WP_250123016.1
GO:0016020	WP_250126154.1
GO:0016787	WP_250126154.1
GO:0016491	WP_250122306.1
GO:0000428	WP_250125971.1
GO:0003677	WP_250125971.1
GO:0003899	WP_250125971.1
GO:0005737	WP_250125971.1
GO:0006351	WP_250125971.1
GO:0046983	WP_250125971.1
GO:0003723	WP_256478749.1
GO:0016829	WP_256478749.1
GO:0031119	WP_256478749.1
GO:0160148	WP_256478749.1
GO:1990481	WP_256478749.1
GO:0016691	WP_250126497.1
GO:0016787	WP_250126497.1
GO:0003676	WP_250124434.1
GO:0006139	WP_250124434.1
GO:0008408	WP_250124434.1
GO:0006259	WP_250124926.1
GO:0005737	WP_250126474.1
GO:0016491	WP_250126474.1
GO:0016020	WP_250123470.1
GO:0046464	WP_250123470.1
GO:0047372	WP_250123470.1
GO:0046872	WP_250122075.1
GO:0070497	WP_250122075.1
GO:0004585	WP_250121219.1
GO:0005737	WP_250121219.1
GO:0016597	WP_250121219.1
GO:0019240	WP_250121219.1
GO:0042450	WP_250121219.1
GO:0016747	WP_250125374.1
GO:0008757	WP_250125055.1
GO:0016757	WP_250125055.1
GO:0005886	WP_250124458.1
GO:0006882	WP_250124458.1
GO:0015086	WP_250124458.1
GO:0015093	WP_250124458.1
GO:0015341	WP_250124458.1
GO:0016757	WP_250123018.1
GO:0003723	WP_250125411.1
GO:0003677	WP_250122925.1
GO:0004803	WP_250122925.1
GO:0006313	WP_250122925.1
GO:0003700	WP_250126760.1
GO:0006351	WP_250126760.1
GO:0043565	WP_250126760.1
GO:0016740	WP_250122639.1
GO:0003700	WP_250122688.1
GO:0006351	WP_250122688.1
GO:0043565	WP_250122688.1
GO:0005524	WP_250122590.1
GO:0005737	WP_250122590.1
GO:0016301	WP_250122590.1
GO:0030313	WP_250122909.1
GO:0042597	WP_250122909.1
GO:0043934	WP_250122909.1
GO:0048646	WP_250122909.1
GO:0005524	WP_250123150.1
GO:0005886	WP_250123150.1
GO:0016887	WP_250123150.1
GO:0043215	WP_250123150.1
GO:1900753	WP_250123150.1
GO:0003677	WP_250124606.1
GO:0006352	WP_250124606.1
GO:0016987	WP_250124606.1
GO:0003700	WP_250122698.1
GO:0006351	WP_250122698.1
GO:0043565	WP_250122698.1
GO:0008168	WP_250122946.1
GO:0032259	WP_250122946.1
GO:0003700	WP_250126758.1
GO:0006351	WP_250126758.1
GO:0043565	WP_250126758.1
GO:0004252	WP_250125770.1
GO:0006515	WP_250125770.1
GO:0042597	WP_250125770.1
GO:0006633	WP_250123280.1
GO:0016020	WP_250123280.1
GO:0016717	WP_250123280.1
GO:0005886	WP_250123326.1
GO:0055085	WP_250123326.1
GO:0000270	WP_250123256.1
GO:0006027	WP_250123256.1
GO:0016811	WP_250123256.1
GO:0045229	WP_250123256.1
GO:0061783	WP_250123256.1
GO:0071554	WP_250123256.1
GO:0005886	WP_250121306.1
GO:0009254	WP_250123330.1
GO:0016803	WP_250123330.1
GO:0016835	WP_250123330.1
GO:0046348	WP_250123330.1
GO:0097173	WP_250123330.1
GO:0097367	WP_250123330.1
GO:0005975	WP_250124475.1
GO:0016853	WP_250124475.1
GO:0030246	WP_250124475.1
GO:0005886	WP_250124561.1
GO:0022857	WP_250124561.1
GO:0016746	WP_250125116.1
GO:0016787	WP_250125116.1
GO:0005886	WP_250124562.1
GO:0022857	WP_250124562.1
GO:0005886	WP_250123649.1
GO:0055085	WP_250123649.1
GO:0000103	WP_250125539.1
GO:0008441	WP_250125539.1
GO:0046854	WP_250125539.1
GO:0046872	WP_250125539.1
GO:0050427	WP_250125539.1
GO:0052834	WP_250125539.1
GO:0005886	WP_346016742.1
GO:0008961	WP_346016742.1
GO:0042158	WP_346016742.1
GO:0005315	WP_250123091.1
GO:0005886	WP_250123091.1
GO:0006817	WP_250123091.1
GO:0004314	WP_250123252.1
GO:0005829	WP_250123252.1
GO:0006633	WP_250123252.1
GO:0005524	WP_250124944.1
GO:0016887	WP_250124944.1
GO:0003677	WP_250126714.1
GO:0003700	WP_250126714.1
GO:0006351	WP_250126714.1
GO:0032993	WP_250126714.1
GO:0016747	WP_250126698.1
GO:0006629	WP_250121667.1
GO:0016298	WP_250121667.1
GO:0004792	WP_250122755.1
GO:0015979	WP_250125846.1
GO:0030089	WP_250125846.1
GO:0031676	WP_250125846.1
GO:0004222	WP_250123641.1
GO:0006508	WP_250123641.1
GO:0046872	WP_250123641.1
GO:0008758	WP_250121241.1
GO:0009245	WP_250121241.1
GO:0016020	WP_250121241.1
GO:0046872	WP_250121241.1
GO:0005886	WP_250121399.1
GO:0005524	WP_346016863.1
GO:0016887	WP_346016863.1
GO:0047936	WP_250121892.1
GO:0005886	WP_250124696.1
GO:0055085	WP_250124696.1
GO:0005524	WP_250125928.1
GO:0031676	WP_250125928.1
GO:0045259	WP_250125928.1
GO:0046933	WP_250125928.1
GO:0003700	WP_250122578.1
GO:0006351	WP_250122578.1
GO:0043565	WP_250122578.1
GO:0005886	WP_250126095.1
GO:0006744	WP_250126095.1
GO:0008412	WP_250126095.1
GO:0004016	WP_250125454.1
GO:0005524	WP_250125454.1
GO:0006171	WP_250125454.1
GO:0106408	WP_250125454.1
GO:0004029	WP_250124294.1
GO:0005737	WP_250124294.1
GO:0008758	WP_250122488.1
GO:0009245	WP_250122488.1
GO:0016020	WP_250122488.1
GO:0046872	WP_250122488.1
GO:0016787	WP_250122149.1
GO:0003700	WP_250126395.1
GO:0006351	WP_250126395.1
GO:0043565	WP_250126395.1
GO:0008757	WP_250124123.1
GO:0032259	WP_250124123.1
GO:0005524	WP_250121791.1
GO:0016163	WP_250121791.1
GO:0016636	WP_250121791.1
GO:0019685	WP_250121791.1
GO:0036068	WP_250121791.1
GO:0046872	WP_250121791.1
GO:0051539	WP_250121791.1
GO:0003677	WP_250124850.1
GO:0004803	WP_250124850.1
GO:0006313	WP_250124850.1
GO:0004764	WP_250125201.1
GO:0005829	WP_250125201.1
GO:0008652	WP_250125201.1
GO:0009073	WP_250125201.1
GO:0009423	WP_250125201.1
GO:0019632	WP_250125201.1
GO:0050661	WP_250125201.1
GO:0003677	WP_250126310.1
GO:0006352	WP_250126310.1
GO:0016987	WP_250126310.1
GO:0005515	WP_250125487.1
GO:0006457	WP_250125487.1
GO:0005737	WP_250122787.1
GO:0070475	WP_250122787.1
GO:0071424	WP_250122787.1
GO:0022857	WP_250125189.1
GO:0043190	WP_250125189.1
GO:0004143	WP_250122914.1
GO:0005524	WP_250122914.1
GO:0005886	WP_250122914.1
GO:0008654	WP_250122914.1
GO:0046872	WP_250122914.1
GO:0003677	WP_250123659.1
GO:0003700	WP_250123659.1
GO:0006351	WP_250123659.1
GO:0032993	WP_250123659.1
GO:0004673	WP_250124364.1
GO:0140299	WP_250124364.1
GO:0016779	WP_250121642.1
GO:0003676	WP_250121603.1
GO:0006259	WP_250121603.1
GO:0043169	WP_250121603.1
GO:0016020	WP_346016571.1
GO:0055085	WP_346016571.1
GO:0009245	WP_346016634.1
GO:0016020	WP_346016634.1
GO:0046872	WP_346016634.1
GO:0103117	WP_346016634.1
GO:0004747	WP_250121716.1
GO:0005524	WP_250121716.1
GO:0005829	WP_250121716.1
GO:0019303	WP_250121716.1
GO:0046872	WP_250121716.1
GO:0003700	WP_250125738.1
GO:0006351	WP_250125738.1
GO:0043565	WP_250125738.1
GO:0008757	WP_250125419.1
GO:0032259	WP_250125419.1
GO:0005304	WP_250122242.1
GO:0005886	WP_250122242.1
GO:0015188	WP_250122242.1
GO:0015190	WP_250122242.1
GO:0015192	WP_250122242.1
GO:0015808	WP_250122242.1
GO:0042941	WP_250122242.1
GO:1903806	WP_250122242.1
GO:0005886	WP_250121876.1
GO:0055085	WP_250121876.1
GO:0016020	WP_250123584.1
GO:0016765	WP_250123584.1
GO:0005829	WP_346016842.1
GO:0005975	WP_346016842.1
GO:0006650	WP_346016842.1
GO:0008654	WP_346016842.1
GO:0046167	WP_346016842.1
GO:0046168	WP_346016842.1
GO:0051287	WP_346016842.1
GO:0141152	WP_346016842.1
GO:0141153	WP_346016842.1
GO:0006793	WP_250122842.1
GO:0008976	WP_250122842.1
GO:0005829	WP_250124628.1
GO:0008840	WP_250124628.1
GO:0009089	WP_250124628.1
GO:0019877	WP_250124628.1
GO:0000166	WP_250125099.1
GO:0005737	WP_250125099.1
GO:0016787	WP_250125099.1
GO:0003991	WP_250121943.1
GO:0005524	WP_250121943.1
GO:0005737	WP_250121943.1
GO:0042450	WP_250121943.1
GO:0005886	WP_250124132.1
GO:0015658	WP_250124132.1
GO:0005829	WP_250124497.1
GO:0006166	WP_250124497.1
GO:0017061	WP_250124497.1
GO:0019509	WP_250124497.1
GO:0004301	WP_250123052.1
GO:0006298	WP_250123176.1
GO:0009007	WP_250123176.1
GO:0009307	WP_250123176.1
GO:0032259	WP_250123176.1
GO:0043565	WP_250123176.1
GO:1904047	WP_250123176.1
GO:0004029	WP_250121634.1
GO:0005737	WP_250121634.1
GO:0016020	WP_250121239.1
GO:0003887	WP_250122066.1
GO:0006261	WP_250122066.1
GO:0008408	WP_250122066.1
GO:0016491	WP_250126715.1
GO:0005524	WP_250121842.1
GO:0005886	WP_250121842.1
GO:0015112	WP_250121842.1
GO:0016887	WP_250121842.1
GO:0016020	WP_250121677.1
GO:0005737	WP_250121465.1
GO:0006508	WP_250121465.1
GO:0008233	WP_250121465.1
GO:0016811	WP_250121465.1
GO:0003924	WP_250124094.1
GO:0005525	WP_250124094.1
GO:0005737	WP_250124094.1
GO:0006412	WP_250124094.1
GO:0008168	WP_250125689.1
GO:0032259	WP_250125689.1
GO:0004519	WP_250122805.1
GO:0016788	WP_250122805.1
GO:0051607	WP_250122805.1
GO:0005524	WP_250124555.1
GO:0005886	WP_250124555.1
GO:0006826	WP_250124555.1
GO:0016887	WP_250124555.1
GO:0005737	WP_250122426.1
GO:0042026	WP_250122426.1
GO:0044183	WP_250122426.1
GO:0051082	WP_250122426.1
GO:0005886	WP_250125316.1
GO:0006508	WP_250124431.1
GO:0008235	WP_250124431.1
GO:0004089	WP_250125178.1
GO:0008270	WP_250125178.1
GO:0015976	WP_250125178.1
GO:0015977	WP_250125178.1
GO:0031470	WP_250125178.1
GO:0005829	WP_250124021.1
GO:0016020	WP_250124021.1
GO:0016491	WP_250124021.1
GO:0016691	WP_250124901.1
GO:0016787	WP_250124901.1
GO:0005886	WP_250125920.1
GO:0055085	WP_250125920.1
GO:0005524	WP_250123948.1
GO:0005886	WP_250123948.1
GO:0016887	WP_250123948.1
GO:0004222	WP_346016798.1
GO:0004792	WP_250123031.1
GO:0004156	WP_250122893.1
GO:0046654	WP_250122893.1
GO:0046656	WP_250122893.1
GO:0046872	WP_250122893.1
GO:0005829	WP_250126092.1
GO:0008935	WP_250126092.1
GO:0009234	WP_250126092.1
GO:0042372	WP_250126092.1
GO:0005737	WP_250125541.1
GO:0070677	WP_250125541.1
GO:0005886	WP_250125082.1
GO:0015920	WP_250125082.1
GO:0003676	WP_250124042.1
GO:0006259	WP_250124042.1
GO:0043169	WP_250124042.1
GO:0005886	WP_250125835.1
GO:0055085	WP_250125835.1
GO:0009523	WP_250122200.1
GO:0015979	WP_250122200.1
GO:0016787	WP_250121758.1
GO:0004222	WP_250124163.1
GO:0006508	WP_250124163.1
GO:0046872	WP_250124163.1
GO:0016787	WP_250126740.1
GO:0016614	WP_250121627.1
GO:0000166	WP_250124019.1
GO:0004775	WP_250124019.1
GO:0004776	WP_250124019.1
GO:0006099	WP_250124019.1
GO:0009361	WP_250124019.1
GO:0008879	WP_250124077.1
GO:0046872	WP_250124077.1
GO:0005524	WP_250122846.1
GO:0005886	WP_250122846.1
GO:0015112	WP_250122846.1
GO:0016887	WP_250122846.1
GO:0004222	WP_250122315.1
GO:0005886	WP_250122315.1
GO:0006508	WP_250122315.1
GO:0008270	WP_250122315.1
GO:0004180	WP_250123881.1
GO:0006508	WP_250123881.1
GO:0008236	WP_250123881.1
GO:0008241	WP_250123881.1
GO:0003723	WP_250124495.1
GO:0004386	WP_250125543.1
GO:0006281	WP_250125543.1
GO:0005886	WP_250123997.1
GO:0008381	WP_250123997.1
GO:0050580	WP_250124823.1
GO:0008233	WP_250125957.1
GO:0019538	WP_250125957.1
GO:0046914	WP_250125957.1
GO:0008152	WP_250125048.1
GO:0008168	WP_250125048.1
GO:0016691	WP_250126402.1
GO:0016787	WP_250126402.1
GO:0000428	WP_250122689.1
GO:0003677	WP_250122689.1
GO:0006352	WP_250122689.1
GO:0016987	WP_250122689.1
GO:0003824	WP_346016772.1
GO:0030151	WP_346016772.1
GO:0030170	WP_346016772.1
GO:0016020	WP_250123422.1
GO:0016616	WP_250123422.1
GO:0006020	WP_250125488.1
GO:0007165	WP_250125488.1
GO:0008934	WP_250125488.1
GO:0046872	WP_250125488.1
GO:0008152	WP_250125029.1
GO:0008757	WP_250125029.1
GO:0003735	WP_250125990.1
GO:0006412	WP_250125990.1
GO:0015934	WP_250125990.1
GO:0016740	WP_250125990.1
GO:0019843	WP_250125990.1
GO:0016746	WP_275983381.1
GO:0031470	WP_275983381.1
GO:0043886	WP_275983381.1
GO:0008152	WP_250126447.1
GO:0016741	WP_250126447.1
GO:0008168	WP_250123501.1
GO:0032259	WP_250123501.1
GO:0016020	WP_250121342.1
GO:0047295	WP_250121342.1
GO:0003729	WP_250124638.1
GO:0003735	WP_250124638.1
GO:0005840	WP_250124638.1
GO:0006412	WP_250124638.1
GO:1990904	WP_250124638.1
GO:0005886	WP_250125032.1
GO:0015920	WP_250125032.1
GO:0140359	WP_250125032.1
GO:0005829	WP_346016818.1
GO:0008483	WP_346016818.1
GO:0016829	WP_346016818.1
GO:0046394	WP_346016818.1
GO:0047244	WP_250122042.1
GO:0006020	WP_250122992.1
GO:0007165	WP_250122992.1
GO:0008934	WP_250122992.1
GO:0046854	WP_250122992.1
GO:0046872	WP_250122992.1
GO:0004514	WP_346016644.1
GO:0005737	WP_346016644.1
GO:0009435	WP_346016644.1
GO:0034213	WP_346016644.1
GO:0000105	WP_250121960.1
GO:0004477	WP_250121960.1
GO:0004488	WP_250121960.1
GO:0005829	WP_250121960.1
GO:0006164	WP_250121960.1
GO:0009086	WP_250121960.1
GO:0035999	WP_250121960.1
GO:0008324	WP_250125605.1
GO:0016020	WP_250125605.1
GO:0110165	WP_250126433.1
GO:0016020	WP_250123269.1
GO:0016787	WP_250123269.1
GO:0005737	WP_250122647.1
GO:0008676	WP_250122647.1
GO:0019294	WP_250122647.1
GO:0000210	WP_346016682.1
GO:0000287	WP_346016682.1
GO:0005829	WP_346016682.1
GO:0006742	WP_346016682.1
GO:0008270	WP_346016682.1
GO:0019677	WP_346016682.1
GO:0030145	WP_346016682.1
GO:0035529	WP_346016682.1
GO:0110153	WP_346016682.1
GO:0000287	WP_250124117.1
GO:0005829	WP_250124117.1
GO:0016791	WP_250124117.1
GO:0016772	WP_250122346.1
GO:0004177	WP_250121476.1
GO:0005829	WP_250121476.1
GO:0008237	WP_250121476.1
GO:0012505	WP_250125851.1
GO:0015979	WP_250125851.1
GO:0030089	WP_250125851.1
GO:0006810	WP_250124167.1
GO:0003857	WP_250126457.1
GO:0006631	WP_250126457.1
GO:0070403	WP_250126457.1
GO:0008168	WP_250122869.1
GO:0032259	WP_250122869.1
GO:0000162	WP_250124542.1
GO:0004425	WP_250124542.1
GO:0004640	WP_250124542.1
GO:0016020	WP_250123602.1
GO:0016787	WP_250123602.1
GO:0019538	WP_250123602.1
GO:0071944	WP_250123602.1
GO:0140096	WP_250123602.1
GO:0004664	WP_250121292.1
GO:0005737	WP_250121292.1
GO:0009094	WP_250121292.1
GO:0003676	WP_250126275.1
GO:0006259	WP_250126275.1
GO:0004674	WP_250122969.1
GO:0005524	WP_250122969.1
GO:0008152	WP_250124482.1
GO:0016741	WP_250124482.1
GO:0016020	WP_250122870.1
GO:0005524	WP_250126190.1
GO:0016887	WP_250126190.1
GO:0008270	WP_250126009.1
GO:0016020	WP_250122738.1
GO:0051213	WP_250122738.1
GO:0006631	WP_346016710.1
GO:0008691	WP_346016710.1
GO:0070403	WP_346016710.1
GO:0009243	WP_250124072.1
GO:0047343	WP_250124072.1
GO:0005886	WP_250122998.1
GO:0015920	WP_250122998.1
GO:0140359	WP_250122998.1
GO:0008168	WP_250123447.1
GO:0032259	WP_250123447.1
GO:0016020	WP_250125321.1
GO:0009243	WP_250122664.1
GO:0047343	WP_250122664.1
GO:0022402	WP_250124801.1
GO:0008757	WP_250124772.1
GO:0032259	WP_250124772.1
GO:0005524	WP_250123889.1
GO:0005886	WP_250123889.1
GO:0015112	WP_250123889.1
GO:0016887	WP_250123889.1
GO:0004222	WP_250123768.1
GO:0015562	WP_346016647.1
GO:0030313	WP_346016647.1
GO:1990281	WP_346016647.1
GO:0003676	WP_250126650.1
GO:0006259	WP_250126650.1
GO:0004222	WP_250122879.1
GO:0016020	WP_250122879.1
GO:0046872	WP_250122879.1
GO:0051603	WP_250122879.1
GO:0005315	WP_250123093.1
GO:0005524	WP_250123093.1
GO:0016020	WP_250123093.1
GO:0016887	WP_250123093.1
GO:0035435	WP_250123093.1
GO:0005886	WP_250124787.1
GO:0015419	WP_250124787.1
GO:0005886	WP_250124786.1
GO:0015419	WP_250124786.1
GO:0008202	WP_250125607.1
GO:0016491	WP_250125607.1
GO:0005886	WP_250123887.1
GO:0006811	WP_250123887.1
GO:0015112	WP_250123887.1
GO:0042918	WP_250123887.1
GO:0005886	WP_250125060.1
GO:0015920	WP_250125060.1
GO:0140359	WP_250125060.1
GO:0005886	WP_250125307.1
GO:0006811	WP_250125307.1
GO:0042918	WP_250125307.1
GO:0016758	WP_250122779.1
GO:0003824	WP_250126470.1
GO:0008610	WP_250126470.1
GO:0016787	WP_250121193.1
GO:0004239	WP_250125760.1
GO:0005829	WP_250125760.1
GO:0006508	WP_250125760.1
GO:0046872	WP_250125760.1
GO:0070006	WP_250125760.1
GO:0008152	WP_250124320.1
GO:0008168	WP_250124320.1
GO:0016614	WP_250122456.1
GO:0008168	WP_250123878.1
GO:0032259	WP_250123878.1
GO:0005507	WP_346016879.1
GO:0016787	WP_346016879.1
GO:0017061	WP_346016879.1
GO:0005886	WP_250121844.1
GO:0006811	WP_250121844.1
GO:0015112	WP_250121844.1
GO:0042918	WP_250121844.1
GO:0005886	WP_250124695.1
GO:0055085	WP_250124695.1
GO:0006203	WP_250123341.1
GO:0006950	WP_250123341.1
GO:0046047	WP_250123341.1
GO:0046052	WP_250123341.1
GO:0046061	WP_250123341.1
GO:0046076	WP_250123341.1
GO:0046081	WP_250123341.1
GO:0047429	WP_250123341.1
GO:0005315	WP_250123397.1
GO:0005886	WP_250123397.1
GO:0035435	WP_250123397.1
GO:0005315	WP_250123092.1
GO:0005886	WP_250123092.1
GO:0035435	WP_250123092.1
GO:0005886	WP_250126134.1
GO:0055085	WP_250126134.1
GO:0006281	WP_250126015.1
GO:0008311	WP_250126015.1
GO:0046872	WP_250126015.1
GO:0030288	WP_250122208.1
GO:1901678	WP_250122208.1
GO:0016020	WP_250124253.1
GO:0016758	WP_250123796.1
GO:0004605	WP_250123258.1
GO:0008654	WP_250123258.1
GO:0016787	WP_250124887.1
GO:0004659	WP_346016614.1
GO:0005886	WP_346016614.1
GO:0009234	WP_346016614.1
GO:0042372	WP_346016614.1
GO:0000155	WP_346016542.1
GO:0005524	WP_346016542.1
GO:0005886	WP_346016542.1
GO:0007165	WP_346016542.1
GO:0009055	WP_346016542.1
GO:0020037	WP_346016542.1
GO:0046872	WP_346016542.1
GO:0016706	WP_250121369.1
GO:0003852	WP_250123830.1
GO:0005829	WP_250123830.1
GO:0009098	WP_250123830.1
GO:0004175	WP_250125771.1
GO:0008236	WP_250125771.1
GO:0019538	WP_250125771.1
GO:0005886	WP_250122848.1
GO:0006811	WP_250122848.1
GO:0015112	WP_250122848.1
GO:0042918	WP_250122848.1
GO:0003723	WP_250121246.1
GO:0005829	WP_250121246.1
GO:0052908	WP_250121246.1
GO:0005524	WP_250124961.1
GO:0006091	WP_250122412.1
GO:0015979	WP_250122412.1
GO:0030076	WP_250122412.1
GO:0031410	WP_250122412.1
GO:0042716	WP_250122412.1
GO:0009987	WP_250123216.1
GO:0016020	WP_250123216.1
GO:0071944	WP_250123216.1
GO:0006163	WP_346016695.1
GO:0016783	WP_346016695.1
GO:0006826	WP_250123543.1
GO:0030313	WP_250123543.1
GO:0042597	WP_250123543.1
GO:0009654	WP_250122189.1
GO:0010207	WP_250122189.1
GO:0010242	WP_250122189.1
GO:0031676	WP_250122189.1
GO:0042549	WP_250122189.1
GO:0008757	WP_250125943.1
GO:0032259	WP_250125943.1
GO:0015093	WP_250125247.1
GO:0033573	WP_250125247.1
GO:0019684	WP_250121759.1
GO:0030077	WP_250121759.1
GO:0008198	WP_250121354.1
GO:0008270	WP_250121354.1
GO:0016702	WP_250121354.1
GO:0004359	WP_346016577.1
GO:0008360	WP_346016577.1
GO:0009236	WP_346016577.1
GO:0009252	WP_346016577.1
GO:0016740	WP_346016577.1
GO:0071555	WP_346016577.1
GO:0140282	WP_346016577.1
GO:0043190	WP_250125290.1
GO:0140359	WP_250125290.1
GO:0000156	WP_250124677.1
GO:0000976	WP_250124677.1
GO:0005829	WP_250124677.1
GO:0006351	WP_250124677.1
GO:0006355	WP_250124677.1
GO:0032993	WP_250124677.1
GO:0051723	WP_250124677.1
GO:0016758	WP_250125241.1
GO:0016787	WP_250124251.1
GO:0005829	WP_250125670.1
GO:0008839	WP_250125670.1
GO:0009089	WP_250125670.1
GO:0019877	WP_250125670.1
GO:0050661	WP_250125670.1
GO:0051287	WP_250125670.1
GO:0004665	WP_250125331.1
GO:0006571	WP_250125331.1
GO:0008977	WP_250125331.1
GO:0070403	WP_250125331.1
GO:0016020	WP_250126729.1
GO:0016787	WP_250126729.1
GO:0016020	WP_250126542.1
GO:0016491	WP_250126542.1
GO:0016740	WP_250121764.1
GO:0052699	WP_250121764.1
GO:0003723	WP_250121800.1
GO:0008168	WP_250121800.1
GO:0032259	WP_250121800.1
GO:0003677	WP_250126370.1
GO:0006310	WP_250126370.1
GO:0015074	WP_250126370.1
GO:0004239	WP_250122615.1
GO:0005829	WP_250122615.1
GO:0006508	WP_250122615.1
GO:0046872	WP_250122615.1
GO:0070006	WP_250122615.1
GO:0005886	WP_346016568.1
GO:0008658	WP_346016568.1
GO:0008800	WP_346016568.1
GO:0017001	WP_346016568.1
GO:0046677	WP_346016568.1
GO:0071555	WP_346016568.1
GO:0016746	WP_250121191.1
GO:0016811	WP_250121191.1
GO:0019684	WP_250122410.1
GO:0030077	WP_250122410.1
GO:0005886	WP_250125300.1
GO:0015920	WP_250125300.1
GO:0140359	WP_250125300.1
GO:0030247	WP_250123001.1
GO:0016853	WP_250123013.1
GO:0016020	WP_250122431.1
GO:0016491	WP_250122431.1
GO:0004180	WP_250125817.1
GO:0006508	WP_250125817.1
GO:0000160	WP_250123575.1
GO:0003700	WP_250123575.1
GO:0006351	WP_250123575.1
GO:0043565	WP_250123575.1
GO:0006629	WP_250122240.1
GO:0016491	WP_250122240.1
GO:0016787	WP_250121578.1
GO:0016787	WP_250122111.1
GO:0003677	WP_250121394.1
GO:0004803	WP_250121394.1
GO:0006313	WP_250121394.1
GO:0004386	WP_250121319.1
GO:0006281	WP_250121319.1
GO:0005304	WP_250125405.1
GO:0005886	WP_250125405.1
GO:0015188	WP_250125405.1
GO:0015190	WP_250125405.1
GO:0015192	WP_250125405.1
GO:0015808	WP_250125405.1
GO:0042941	WP_250125405.1
GO:1903806	WP_250125405.1
GO:0008168	WP_250125051.1
GO:0000166	WP_250123148.1
GO:0004309	WP_250123148.1
GO:0005737	WP_250123148.1
GO:0008253	WP_250123148.1
GO:0008254	WP_250123148.1
GO:0046872	WP_250123148.1
GO:0004784	WP_346016524.1
GO:0005737	WP_346016524.1
GO:0046872	WP_346016524.1
GO:0004342	WP_250123306.1
GO:0005737	WP_250123306.1
GO:0005975	WP_250123306.1
GO:0006043	WP_250123306.1
GO:0006046	WP_250123306.1
GO:0019262	WP_250123306.1
GO:0042802	WP_250123306.1
GO:0006508	WP_250122750.1
GO:0008236	WP_250122750.1
GO:0004180	WP_250125337.1
GO:0006508	WP_250125337.1
GO:0008236	WP_250125337.1
GO:0008241	WP_250125337.1
GO:0004834	WP_250123598.1
GO:0005829	WP_250123598.1
GO:0016746	WP_250125614.1
GO:0016787	WP_250125614.1
GO:0000455	WP_346016783.1
GO:0003723	WP_346016783.1
GO:0120159	WP_346016783.1
GO:0016020	WP_250122616.1
GO:0046464	WP_250122616.1
GO:0047372	WP_250122616.1
GO:0000287	WP_250121798.1
GO:0008616	WP_250121798.1
GO:0016840	WP_250121798.1
GO:0051539	WP_250121798.1
GO:1904047	WP_250121798.1
GO:0015689	WP_250122860.1
GO:0030973	WP_250122860.1
GO:0046872	WP_250122860.1
GO:1901359	WP_250122860.1
GO:0016020	WP_250121628.1
GO:0016491	WP_250121628.1
GO:0016853	WP_250121854.1
GO:0018773	WP_250121854.1
GO:0019752	WP_250121854.1
GO:0046872	WP_250121854.1
GO:0005886	WP_250125919.1
GO:0055085	WP_250125919.1
GO:0009523	WP_250122887.1
GO:0015979	WP_250122887.1
GO:0031979	WP_250122887.1
GO:0009236	WP_346016741.1
GO:0032259	WP_346016741.1
GO:0046026	WP_346016741.1
GO:0004519	WP_250125842.1
GO:0016020	WP_250123521.1
GO:0016491	WP_250123521.1
GO:0003674	WP_250125269.1
GO:0006508	WP_250125899.1
GO:0008233	WP_250125899.1
GO:0016020	WP_250125899.1
GO:0016811	WP_250124486.1
GO:0005829	WP_250121487.1
GO:0006281	WP_250121487.1
GO:0008967	WP_250121487.1
GO:0017111	WP_250125526.1
GO:0032559	WP_250125526.1
GO:0035639	WP_250125526.1
GO:0140657	WP_250125526.1
GO:0016747	WP_250123395.1
GO:0016020	WP_250123487.1
GO:0003676	WP_250121684.1
GO:0006310	WP_250121684.1
GO:0032196	WP_250121684.1
GO:0140097	WP_250121684.1
GO:0016491	WP_250124579.1
GO:0009273	WP_250121265.1
GO:0016020	WP_250121265.1
GO:0030203	WP_250121265.1
GO:0071944	WP_250121265.1
GO:0010043	WP_250121422.1
GO:0043190	WP_250121422.1
GO:0055085	WP_250121422.1
GO:0071281	WP_250121422.1
GO:0004851	WP_250125841.1
GO:0019354	WP_250125841.1
GO:0032259	WP_250125841.1
GO:0003676	WP_250125356.1
GO:0006310	WP_250125356.1
GO:0032196	WP_250125356.1
GO:0140097	WP_250125356.1
GO:0008610	WP_250125643.1
GO:0016297	WP_250125643.1
GO:0006508	WP_250125897.1
GO:0008233	WP_250125897.1
GO:0016020	WP_250125897.1
GO:0004364	WP_250122618.1
GO:0006559	WP_250122618.1
GO:0006749	WP_250122618.1
GO:0016034	WP_250122618.1
GO:0008152	WP_250125377.1
GO:0016741	WP_250125377.1
GO:0005524	WP_250125261.1
GO:0005886	WP_250125261.1
GO:0006826	WP_250125261.1
GO:0016887	WP_250125261.1
GO:0005886	WP_250121904.1
GO:0055085	WP_250121904.1
GO:0006666	WP_346016761.1
GO:0016020	WP_346016761.1
GO:0030148	WP_346016761.1
GO:0047560	WP_346016761.1
GO:0005524	WP_250122139.1
GO:0015418	WP_250122139.1
GO:0016887	WP_250122139.1
GO:0005524	WP_250124272.1
GO:0016887	WP_250124272.1
GO:0004416	WP_250122067.1
GO:0019243	WP_250122067.1
GO:0046872	WP_250122067.1
GO:0008757	WP_250122376.1
GO:0032259	WP_250122376.1
GO:0006865	WP_250122607.1
GO:0015276	WP_250122607.1
GO:0016020	WP_250122607.1
GO:0030288	WP_250122607.1
GO:0008643	WP_256478912.1
GO:0015288	WP_256478912.1
GO:0016020	WP_256478912.1
GO:0003677	WP_250123646.1
GO:0005737	WP_250123646.1
GO:0009249	WP_250123646.1
GO:0016874	WP_250123646.1
GO:0033819	WP_250123646.1
GO:0005886	WP_250124276.1
GO:0055085	WP_250124276.1
GO:0004536	WP_250123320.1
GO:0005829	WP_250123320.1
GO:0019478	WP_250123320.1
GO:0046872	WP_250123320.1
GO:0051500	WP_250123320.1
GO:0005622	WP_346016878.1
GO:0016879	WP_346016878.1
GO:0140096	WP_346016878.1
GO:0016787	WP_250123386.1
GO:0008757	WP_250123943.1
GO:0032259	WP_250123943.1
GO:0006259	WP_250126305.1
GO:0032559	WP_250126305.1
GO:0035639	WP_250126305.1
GO:0005524	WP_250124133.1
GO:0005886	WP_250124133.1
GO:0016887	WP_250124133.1
GO:0003824	WP_250122638.1
GO:0005198	WP_250122638.1
GO:0031469	WP_250122638.1
GO:0003755	WP_250123370.1
GO:0008757	WP_250125037.1
GO:0032259	WP_250125037.1
GO:0003677	WP_250126346.1
GO:0004803	WP_250126346.1
GO:0006313	WP_250126346.1
GO:0016020	WP_250122377.1
GO:0016491	WP_250122377.1
GO:0008757	WP_250124552.1
GO:0032259	WP_250124552.1
GO:0004850	WP_250125855.1
GO:0005829	WP_250125855.1
GO:0009164	WP_250125855.1
GO:0052689	WP_250121435.1
GO:0005315	WP_346016866.1
GO:0005524	WP_346016866.1
GO:0016020	WP_346016866.1
GO:0016887	WP_346016866.1
GO:0035435	WP_346016866.1
GO:0005737	WP_250121332.1
GO:0008170	WP_250121332.1
GO:0016435	WP_250121332.1
GO:0003824	WP_250125840.1
GO:0043169	WP_250125840.1
GO:0016020	WP_250125956.1
GO:0005886	WP_250124520.1
GO:0098552	WP_250124520.1
GO:0008757	WP_250122625.1
GO:0032259	WP_250122625.1
GO:0000156	WP_250123710.1
GO:0000976	WP_250123710.1
GO:0005829	WP_250123710.1
GO:0006355	WP_250123710.1
GO:0032993	WP_250123710.1
GO:0003677	WP_346016532.1
GO:0006285	WP_346016532.1
GO:0019104	WP_346016532.1
GO:0046872	WP_346016532.1
GO:0051539	WP_346016532.1
GO:0140078	WP_346016532.1
GO:0004834	WP_250126161.1
GO:0005829	WP_250126161.1
GO:0008168	WP_250125057.1
GO:0032259	WP_250125057.1
GO:0046872	WP_250125057.1
GO:0051536	WP_250125057.1
GO:0003700	WP_250124840.1
GO:0006351	WP_250124840.1
GO:0043565	WP_250124840.1
GO:0005524	WP_250121987.1
GO:0005886	WP_250121987.1
GO:0016887	WP_250121987.1
GO:0016020	WP_250123918.1
GO:0016787	WP_250123918.1
GO:0004519	WP_250124612.1
GO:0009236	WP_250121167.1
GO:0016994	WP_250121167.1
GO:0004190	WP_250121202.1
GO:0005886	WP_250121202.1
GO:0006465	WP_250121202.1
GO:0008168	WP_250121202.1
GO:0032259	WP_250121202.1
GO:0043190	WP_250123152.1
GO:0140359	WP_250123152.1
GO:0005524	WP_250125306.1
GO:0005886	WP_250125306.1
GO:0016887	WP_250125306.1
GO:0016616	WP_250123991.1
GO:0005524	WP_250122239.1
GO:0005829	WP_250122239.1
GO:0008902	WP_250122239.1
GO:0008972	WP_250122239.1
GO:0009228	WP_250122239.1
GO:0005737	WP_250125864.1
GO:0046872	WP_250125864.1
GO:0003723	WP_250123643.1
GO:0005737	WP_250123643.1
GO:0006396	WP_250123643.1
GO:0008173	WP_250123643.1
GO:0032259	WP_250123643.1
GO:0004175	WP_346016544.1
GO:0006508	WP_346016544.1
GO:0008237	WP_346016544.1
GO:0080120	WP_346016544.1
GO:0005524	WP_250124734.1
GO:0016887	WP_250124734.1
GO:0012505	WP_250125853.1
GO:0015979	WP_250125853.1
GO:0030089	WP_250125853.1
GO:0016020	WP_250124399.1
GO:0000287	WP_250123054.1
GO:0005986	WP_250123054.1
GO:0050307	WP_250123054.1
GO:0000902	WP_250123757.1
GO:0000917	WP_250123757.1
GO:1901891	WP_250123757.1
GO:0016787	WP_250124637.1
GO:0003735	WP_250124818.1
GO:0006412	WP_250124818.1
GO:0022627	WP_250124818.1
GO:0010043	WP_250125947.1
GO:0043190	WP_250125947.1
GO:0055085	WP_250125947.1
GO:0071281	WP_250125947.1
GO:0008152	WP_250125003.1
GO:0008168	WP_250125003.1
GO:0003677	WP_250125022.1
GO:0006352	WP_250125022.1
GO:0016987	WP_250125022.1
GO:0005694	WP_250124941.1
GO:0007059	WP_250124941.1
GO:0045881	WP_250124941.1
GO:0043190	WP_250123151.1
GO:0140359	WP_250123151.1
GO:0010024	WP_250125461.1
GO:0050620	WP_250125461.1
GO:0050897	WP_250125461.1
GO:0004519	WP_250122905.1
GO:0003841	WP_250123268.1
GO:0006654	WP_250123268.1
GO:0000287	WP_250125455.1
GO:0016094	WP_250125455.1
GO:0045547	WP_250125455.1
GO:0005737	WP_250124868.1
GO:0016491	WP_250124868.1
GO:0016491	WP_250126745.1
GO:0005737	WP_250122880.1
GO:0008803	WP_250122880.1
GO:0016791	WP_250122880.1
GO:0110154	WP_250122880.1
GO:0003677	WP_250123380.1
GO:0006352	WP_250123380.1
GO:0016987	WP_250123380.1
GO:0016787	WP_250126406.1
GO:0003755	WP_250122282.1
GO:0005524	WP_250122133.1
GO:0016887	WP_250122133.1
GO:0016020	WP_250122597.1
GO:0016491	WP_250122597.1
GO:0004604	WP_250123702.1
GO:0005737	WP_250123702.1
GO:0019379	WP_250123702.1
GO:0070814	WP_250123702.1
GO:0015031	WP_250124367.1
GO:0000270	WP_250124525.1
GO:0005886	WP_250124525.1
GO:0043164	WP_250124525.1
GO:0000105	WP_250126230.1
GO:0000107	WP_250126230.1
GO:0005737	WP_250126230.1
GO:0016829	WP_250126230.1
GO:0003677	WP_346016820.1
GO:0003917	WP_346016820.1
GO:0006265	WP_346016820.1
GO:0005975	WP_250125362.1
GO:0006098	WP_250125362.1
GO:0017057	WP_250125362.1
GO:0000156	WP_250121829.1
GO:0000976	WP_250121829.1
GO:0005829	WP_250121829.1
GO:0006351	WP_250121829.1
GO:0006355	WP_250121829.1
GO:0032993	WP_250121829.1
GO:0097167	WP_250121829.1
GO:0016787	WP_250126669.1
GO:0000287	WP_250123780.1
GO:0003864	WP_250123780.1
GO:0005737	WP_250123780.1
GO:0008168	WP_250123780.1
GO:0015940	WP_250123780.1
GO:0032259	WP_250123780.1
GO:0003677	WP_250122188.1
GO:0006352	WP_250122188.1
GO:0016987	WP_250122188.1
GO:0030435	WP_250122188.1
GO:0030288	WP_250123679.1
GO:0046906	WP_250123679.1
GO:0004519	WP_250122229.1
GO:0016616	WP_250124031.1
GO:0008168	WP_250126379.1
GO:0032259	WP_250126379.1
GO:0004318	WP_250126067.1
GO:0006633	WP_250126067.1
GO:0047244	WP_250121512.1
GO:0004519	WP_250123516.1
GO:0016020	WP_250124745.1
GO:0140359	WP_250124745.1
GO:0005829	WP_250126748.1
GO:0003677	WP_250123952.1
GO:0016787	WP_250123952.1
GO:0005737	WP_250125777.1
GO:0009916	WP_250126387.1
GO:0010230	WP_250126387.1
GO:0016020	WP_250126387.1
GO:0022904	WP_250126387.1
GO:0046872	WP_250126387.1
GO:0008168	WP_250123468.1
GO:0032259	WP_250123468.1
GO:0005737	WP_250125889.1
GO:0008379	WP_250125889.1
GO:0034599	WP_250125889.1
GO:0042744	WP_250125889.1
GO:0045454	WP_250125889.1
GO:0009231	WP_250123985.1
GO:0016811	WP_250123985.1
GO:0046872	WP_250123985.1
GO:0005524	WP_275983358.1
GO:0005886	WP_275983358.1
GO:0016887	WP_275983358.1
GO:0022857	WP_275983358.1
GO:0098796	WP_275983358.1
GO:0004604	WP_250121230.1
GO:0005737	WP_250121230.1
GO:0019379	WP_250121230.1
GO:0070814	WP_250121230.1
GO:0003677	WP_250123921.1
GO:0016020	WP_250124653.1
GO:0016117	WP_250124653.1
GO:0016872	WP_250124653.1
GO:0045436	WP_250124653.1
GO:0006189	WP_250122503.1
GO:0016787	WP_250122503.1
GO:0006508	WP_346016763.1
GO:0008237	WP_346016763.1
GO:0008270	WP_346016763.1
GO:0071555	WP_346016763.1
GO:0160237	WP_346016763.1
GO:0001508	WP_250122094.1
GO:0005249	WP_250122094.1
GO:0008076	WP_250122094.1
GO:0016787	WP_250124892.1
GO:0004518	WP_250123529.1
GO:0005829	WP_250124991.1
GO:0008690	WP_250124991.1
GO:0009103	WP_250124991.1
GO:0016020	WP_250124991.1
GO:0033468	WP_250124991.1
GO:0003824	WP_250126750.1
GO:0030151	WP_250126750.1
GO:0030170	WP_250126750.1
GO:0008168	WP_250126285.1
GO:0032259	WP_250126285.1
GO:0016787	WP_250126741.1
GO:0000105	WP_250122393.1
GO:0000162	WP_250122393.1
GO:0003949	WP_250122393.1
GO:0005737	WP_250122393.1
GO:0005829	WP_250122648.1
GO:0008690	WP_250122648.1
GO:0009103	WP_250122648.1
GO:0016020	WP_250122648.1
GO:0033468	WP_250122648.1
GO:0008168	WP_250126001.1
GO:0032259	WP_250126001.1
GO:0045151	WP_250123471.1
GO:0047605	WP_250123471.1
GO:0016788	WP_250121186.1
GO:0005524	WP_250125255.1
GO:0016887	WP_250125255.1
GO:0042626	WP_250125255.1
GO:0043190	WP_250125255.1
GO:0005737	WP_250123923.1
GO:0008701	WP_250123923.1
GO:0016832	WP_250123923.1
GO:0046872	WP_250123923.1
GO:0004519	WP_250124303.1
GO:0016491	WP_250124353.1
GO:0005548	WP_250126101.1
GO:0043190	WP_250126101.1
GO:0016831	WP_250123453.1
GO:0019852	WP_250123453.1
GO:0019856	WP_250123453.1
GO:0042365	WP_250123453.1
GO:0046365	WP_250123453.1
GO:0046395	WP_250123453.1
GO:1901335	WP_250123453.1
GO:0016491	WP_250125905.1
GO:0016829	WP_250125905.1
GO:0030089	WP_250125905.1
GO:0003755	WP_250123360.1
GO:0000917	WP_250123756.1
GO:0005524	WP_250123756.1
GO:0005829	WP_250123756.1
GO:0009898	WP_250123756.1
GO:0016887	WP_250123756.1
GO:0051782	WP_250123756.1
GO:0003677	WP_346016719.1
GO:0004803	WP_346016719.1
GO:0006313	WP_346016719.1
GO:0004519	WP_250121160.1
GO:0016491	WP_250125849.1
GO:0016829	WP_250125849.1
GO:0030089	WP_250125849.1
GO:0005886	WP_346016745.1
GO:0047360	WP_346016745.1
GO:0004807	WP_250122894.1
GO:0005829	WP_250122894.1
GO:0006094	WP_250122894.1
GO:0006096	WP_250122894.1
GO:0019563	WP_250122894.1
GO:0046166	WP_250122894.1
GO:0012505	WP_250125852.1
GO:0015979	WP_250125852.1
GO:0030089	WP_250125852.1
GO:0003677	WP_250121641.1
GO:0006310	WP_250121641.1
GO:0015074	WP_250121641.1
GO:0032196	WP_250121641.1
GO:0003677	WP_346016610.1
GO:0004803	WP_346016610.1
GO:0006313	WP_346016610.1
GO:0004175	WP_250121929.1
GO:0006508	WP_250121929.1
GO:0008237	WP_250121929.1
GO:0080120	WP_250121929.1
GO:0016874	WP_250121913.1
GO:0004519	WP_346016880.1
GO:0031676	WP_250125934.1
GO:0045259	WP_250125934.1
GO:0046933	WP_250125934.1
GO:0003723	WP_250122598.1
GO:0004316	WP_250124913.1
GO:0003755	WP_250126118.1
GO:0004519	WP_250123406.1
GO:0004735	WP_250125574.1
GO:0005737	WP_250125574.1
GO:0055129	WP_250125574.1
GO:0005829	WP_250122712.1
GO:0006598	WP_250122712.1
GO:0033969	WP_250122712.1
GO:0005886	WP_250121787.1
GO:0008818	WP_250121787.1
GO:0009236	WP_250121787.1
GO:0051073	WP_250121787.1
GO:0002128	WP_250123025.1
GO:0003723	WP_250123025.1
GO:0005829	WP_250123025.1
GO:0106339	WP_250123025.1
GO:0160206	WP_250123025.1
GO:0001508	WP_250126051.1
GO:0005249	WP_250126051.1
GO:0008076	WP_250126051.1
GO:0005506	WP_250122884.1
GO:0008137	WP_250122884.1
GO:0009060	WP_250122884.1
GO:0015990	WP_250122884.1
GO:0019684	WP_250122884.1
GO:0031676	WP_250122884.1
GO:0045271	WP_250122884.1
GO:0048038	WP_250122884.1
GO:0051539	WP_250122884.1
GO:0004519	WP_250121276.1
GO:0009977	WP_250121784.1
GO:0033281	WP_250121784.1
GO:0043953	WP_250121784.1
GO:0065002	WP_250121784.1
GO:0005886	WP_346016855.1
GO:0016757	WP_346016855.1
GO:0016020	WP_250124110.1
GO:0090471	WP_250124110.1
GO:0006508	WP_250122913.1
GO:0008234	WP_250122913.1
GO:0016787	WP_250121690.1
GO:0005524	WP_250124275.1
GO:0015424	WP_250124275.1
GO:0015716	WP_250124275.1
GO:0016887	WP_250124275.1
GO:0005539	WP_250121597.1
GO:0016787	WP_250123844.1
GO:0003676	WP_250126155.1
GO:0006310	WP_250126155.1
GO:0032196	WP_250126155.1
GO:0140097	WP_250126155.1
GO:0005524	WP_250125389.1
GO:0005886	WP_250125389.1
GO:0016887	WP_250125389.1
GO:0003676	WP_250124660.1
GO:0008168	WP_250124660.1
GO:0032259	WP_250124660.1
GO:0003677	WP_346016639.1
GO:0003700	WP_346016639.1
GO:0005886	WP_250122520.1
GO:0008360	WP_250122520.1
GO:0005524	WP_346016732.1
GO:0016887	WP_346016732.1
GO:0003841	WP_250123715.1
GO:0006654	WP_250123715.1
GO:0003677	WP_250125918.1
GO:0005829	WP_250125918.1
GO:0006351	WP_250125918.1
GO:0006355	WP_250125918.1
GO:0000287	WP_250123264.1
GO:0050532	WP_250123264.1
GO:0050545	WP_250123264.1
GO:0016740	WP_250122232.1
GO:0005524	WP_250123105.1
GO:0005886	WP_250123105.1
GO:0016887	WP_250123105.1
GO:0022857	WP_250123105.1
GO:0006508	WP_250122147.1
GO:0008236	WP_250122147.1
GO:0003676	WP_346016579.1
GO:0016209	WP_346016579.1
GO:0016491	WP_346016579.1
GO:0016491	WP_250124889.1
GO:0008152	WP_250126638.1
GO:0016706	WP_250126638.1
GO:0032451	WP_250126638.1
GO:0140640	WP_250126638.1
GO:0004639	WP_346016635.1
GO:0005524	WP_346016635.1
GO:0006189	WP_346016635.1
GO:0009236	WP_346016635.1
GO:0003677	WP_250124681.1
GO:0006351	WP_250124681.1
GO:0006355	WP_250124681.1
GO:0004844	WP_250122964.1
GO:0006281	WP_250122964.1
GO:0046872	WP_250122964.1
GO:0051539	WP_250122964.1
GO:0003677	WP_250126378.1
GO:0004803	WP_250126378.1
GO:0006313	WP_250126378.1
GO:0016491	WP_346016671.1
GO:0000156	WP_250121485.1
GO:0000976	WP_250121485.1
GO:0005829	WP_250121485.1
GO:0006351	WP_250121485.1
GO:0006355	WP_250121485.1
GO:0032993	WP_250121485.1
GO:0005737	WP_250125136.1
GO:0046872	WP_250125136.1
GO:0005622	WP_250126350.1
GO:0042802	WP_250126350.1
GO:0046983	WP_250126350.1
GO:0051604	WP_250126350.1
GO:0060590	WP_250126350.1
GO:0016787	WP_250122945.1
GO:0046872	WP_250122945.1
GO:0016787	WP_250126672.1
GO:0006824	WP_250125254.1
GO:0043190	WP_250125254.1
GO:0000156	WP_250123683.1
GO:0000976	WP_250123683.1
GO:0005829	WP_250123683.1
GO:0006351	WP_250123683.1
GO:0006355	WP_250123683.1
GO:0032993	WP_250123683.1
GO:0047936	WP_250126768.1
GO:0003677	WP_250122594.1
GO:0006281	WP_250122594.1
GO:0006508	WP_250122594.1
GO:0008237	WP_250122594.1
GO:0046872	WP_250122594.1
GO:0004252	WP_250122080.1
GO:0006508	WP_250122080.1
GO:0016020	WP_250122080.1
GO:0005524	WP_250122291.1
GO:0016887	WP_250122291.1
GO:0043190	WP_250122291.1
GO:0055085	WP_250122291.1
GO:0003677	WP_250125745.1
GO:0006351	WP_250125745.1
GO:0006355	WP_250125745.1
GO:0004534	WP_250121311.1
GO:0016740	WP_250121311.1
GO:0035312	WP_250121311.1
GO:0005975	WP_346016843.1
GO:0016810	WP_346016843.1
GO:0000287	WP_346016731.1
GO:0050532	WP_346016731.1
GO:0050545	WP_346016731.1
GO:0046872	WP_250124035.1
GO:0051213	WP_250124035.1
GO:0016491	WP_250124905.1
GO:0016787	WP_250123185.1
GO:0002939	WP_250123880.1
GO:0005829	WP_250123880.1
GO:0052906	WP_250123880.1
GO:0005829	WP_250123546.1
GO:0006281	WP_250123546.1
GO:0008967	WP_250123546.1
GO:0016787	WP_250121666.1
GO:0008168	WP_250123661.1
GO:0032259	WP_250123661.1
GO:0032259	WP_250122953.1
GO:0042372	WP_250122953.1
GO:0052624	WP_250122953.1
GO:0004222	WP_256478618.1
GO:0005737	WP_250121236.1
GO:0016740	WP_250121236.1
GO:0019172	WP_250121236.1
GO:0019243	WP_250121236.1
GO:0000156	WP_250124410.1
GO:0000976	WP_250124410.1
GO:0005829	WP_250124410.1
GO:0006351	WP_250124410.1
GO:0006355	WP_250124410.1
GO:0032993	WP_250124410.1
GO:0005524	WP_250125484.1
GO:0015658	WP_250125484.1
GO:0015807	WP_250125484.1
GO:0016887	WP_250125484.1
GO:0000156	WP_250126182.1
GO:0000976	WP_250126182.1
GO:0005829	WP_250126182.1
GO:0006351	WP_250126182.1
GO:0006355	WP_250126182.1
GO:0032993	WP_250126182.1
GO:0005886	WP_250121617.1
GO:0051213	WP_250124103.1
GO:0004316	WP_250122603.1
GO:0006633	WP_250122603.1
GO:0051287	WP_250122603.1
GO:0047936	WP_250126671.1
GO:0003677	WP_250126738.1
GO:0006310	WP_250126738.1
GO:0015074	WP_250126738.1
GO:0032196	WP_250126738.1
GO:0005886	WP_250125204.1
GO:0009055	WP_250125204.1
GO:0022904	WP_250125204.1
GO:0000105	WP_250124324.1
GO:0000107	WP_250124324.1
GO:0004359	WP_250124324.1
GO:0005737	WP_250124324.1
GO:0016829	WP_250124324.1
GO:0008253	WP_250123720.1
GO:0046872	WP_250123720.1
GO:0003924	WP_250125309.1
GO:0005525	WP_250125309.1
GO:0008270	WP_250125309.1
GO:0016151	WP_250125309.1
GO:0051604	WP_250125309.1
GO:0005524	WP_250121414.1
GO:0005886	WP_250121414.1
GO:0016887	WP_250121414.1
GO:0022857	WP_250121414.1
GO:0098796	WP_250121414.1
GO:0008152	WP_250125074.1
GO:0008757	WP_250125074.1
GO:0004750	WP_250123866.1
GO:0005737	WP_250123866.1
GO:0006098	WP_250123866.1
GO:0019323	WP_250123866.1
GO:0046872	WP_250123866.1
GO:0004519	WP_250122999.1
GO:0003677	WP_250126726.1
GO:0003700	WP_250126726.1
GO:0006351	WP_250126726.1
GO:0005737	WP_250121439.1
GO:0008113	WP_250121439.1
GO:0033744	WP_250121439.1
GO:0034599	WP_250121439.1
GO:0010043	WP_250125475.1
GO:0043190	WP_250125475.1
GO:0055085	WP_250125475.1
GO:0000156	WP_250122128.1
GO:0000976	WP_250122128.1
GO:0005829	WP_250122128.1
GO:0006351	WP_250122128.1
GO:0006355	WP_250122128.1
GO:0032993	WP_250122128.1
GO:0004252	WP_250122081.1
GO:0006508	WP_250122081.1
GO:0016020	WP_250122081.1
GO:0008168	WP_250126786.1
GO:0032259	WP_250126786.1
GO:0008757	WP_250126291.1
GO:0032259	WP_250126291.1
GO:0016616	WP_250126408.1
GO:0016020	WP_250123307.1
GO:0140359	WP_250123307.1
GO:0004096	WP_250125839.1
GO:0046872	WP_250125839.1
GO:0016020	WP_250123892.1
GO:0016020	WP_250122635.1
GO:0016780	WP_250122635.1
GO:0051213	WP_250123926.1
GO:0000156	WP_250126837.1
GO:0000976	WP_250126837.1
GO:0005829	WP_250126837.1
GO:0006351	WP_250126837.1
GO:0006355	WP_250126837.1
GO:0032993	WP_250126837.1
GO:0005524	WP_346016712.1
GO:0005886	WP_346016712.1
GO:0006865	WP_346016712.1
GO:0015716	WP_346016712.1
GO:0016887	WP_346016712.1
GO:0022857	WP_346016712.1
GO:0003700	WP_250122131.1
GO:0006351	WP_250122131.1
GO:0009916	WP_250126834.1
GO:0010230	WP_250126834.1
GO:0016020	WP_250126834.1
GO:0016117	WP_250126834.1
GO:0022904	WP_250126834.1
GO:0046872	WP_250126834.1
GO:0005524	WP_346016543.1
GO:0015424	WP_346016543.1
GO:0015716	WP_346016543.1
GO:0016887	WP_346016543.1
GO:0000156	WP_346016595.1
GO:0000976	WP_346016595.1
GO:0005829	WP_346016595.1
GO:0006351	WP_346016595.1
GO:0006355	WP_346016595.1
GO:0032993	WP_346016595.1
GO:0004392	WP_250125646.1
GO:0006788	WP_250125646.1
GO:0006979	WP_250125646.1
GO:0015979	WP_250125646.1
GO:0020037	WP_250125646.1
GO:0042167	WP_250125646.1
GO:0046872	WP_250125646.1
GO:0003677	WP_250126757.1
GO:0003700	WP_250126757.1
GO:0006351	WP_250126757.1
GO:0006950	WP_250126757.1
GO:0008757	WP_250123553.1
GO:0032259	WP_250123553.1
GO:0004316	WP_250121757.1
GO:0032787	WP_250121757.1
GO:0006355	WP_250123455.1
GO:0016829	WP_250123455.1
GO:0016787	WP_250124247.1
GO:0008757	WP_346016643.1
GO:0032259	WP_346016643.1
GO:0005886	WP_346016633.1
GO:0008757	WP_250126540.1
GO:0032259	WP_250126540.1
GO:0004519	WP_250121324.1
GO:0000156	WP_250122174.1
GO:0000976	WP_250122174.1
GO:0005829	WP_250122174.1
GO:0006351	WP_250122174.1
GO:0006355	WP_250122174.1
GO:0032993	WP_250122174.1
GO:0006974	WP_250122516.1
GO:0003677	WP_250126480.1
GO:0005737	WP_250126480.1
GO:0006310	WP_250126480.1
GO:0015074	WP_250126480.1
GO:0004359	WP_250124517.1
GO:0004642	WP_250124517.1
GO:0005524	WP_250124517.1
GO:0005737	WP_250124517.1
GO:0006189	WP_250124517.1
GO:0004364	WP_256478909.1
GO:0005737	WP_256478909.1
GO:0000156	WP_250124536.1
GO:0000976	WP_250124536.1
GO:0005829	WP_250124536.1
GO:0006351	WP_250124536.1
GO:0006355	WP_250124536.1
GO:0032993	WP_250124536.1
GO:0004089	WP_250125354.1
GO:0008270	WP_250125354.1
GO:0015976	WP_250125354.1
GO:0009236	WP_250121187.1
GO:0030788	WP_250121187.1
GO:0032259	WP_250121187.1
GO:0005524	WP_250124776.1
GO:0008270	WP_250124776.1
GO:0008616	WP_250124776.1
GO:0016879	WP_250124776.1
GO:0005829	WP_250124355.1
GO:0006281	WP_250124355.1
GO:0008967	WP_250124355.1
GO:0005524	WP_250123876.1
GO:0005737	WP_250123876.1
GO:0006225	WP_250123876.1
GO:0033862	WP_250123876.1
GO:0044210	WP_250123876.1
GO:0005829	WP_250121955.1
GO:0008615	WP_250121955.1
GO:0033856	WP_250121955.1
GO:0003725	WP_250122345.1
GO:0004525	WP_250122345.1
GO:0005737	WP_250122345.1
GO:0006364	WP_250122345.1
GO:0006397	WP_250122345.1
GO:0008033	WP_250122345.1
GO:0010468	WP_250122345.1
GO:0019843	WP_250122345.1
GO:0046872	WP_250122345.1
GO:0003729	WP_250125987.1
GO:0003735	WP_250125987.1
GO:0006412	WP_250125987.1
GO:0019843	WP_250125987.1
GO:0022627	WP_250125987.1
GO:0016301	WP_250122087.1
GO:0004519	WP_250123925.1
GO:0005524	WP_250121421.1
GO:0016887	WP_250121421.1
GO:0016787	WP_250124507.1
GO:0004252	WP_250121576.1
GO:0006508	WP_250121576.1
GO:0016020	WP_250121576.1
GO:0016746	WP_275983364.1
GO:0031470	WP_275983364.1
GO:0043886	WP_275983364.1
GO:0000049	WP_250125619.1
GO:0000175	WP_250125619.1
GO:0008033	WP_250125619.1
GO:0009022	WP_250125619.1
GO:0016075	WP_250125619.1
GO:0031125	WP_250125619.1
GO:0008703	WP_250122341.1
GO:0009231	WP_250122341.1
GO:0016020	WP_250124805.1
GO:0006355	WP_250125744.1
GO:0016740	WP_250125744.1
GO:0003955	WP_190736661.1
GO:0005829	WP_190736661.1
GO:0005886	WP_346016607.1
GO:0017038	WP_346016607.1
GO:0004143	WP_250121522.1
GO:0016779	WP_250121522.1
GO:0005524	WP_346016527.1
GO:0005886	WP_346016527.1
GO:0016887	WP_346016527.1
GO:0022857	WP_346016527.1
GO:0098796	WP_346016527.1
GO:0005829	WP_250122478.1
GO:0005975	WP_250122478.1
GO:0006053	WP_250122478.1
GO:0019262	WP_250122478.1
GO:0047465	WP_250122478.1
GO:0000156	WP_346016522.1
GO:0000976	WP_346016522.1
GO:0005829	WP_346016522.1
GO:0006351	WP_346016522.1
GO:0006355	WP_346016522.1
GO:0032993	WP_346016522.1
GO:0016616	WP_250124566.1
GO:0016616	WP_250124914.1
GO:0005737	WP_250121726.1
GO:0070042	WP_250121726.1
GO:0070475	WP_250121726.1
GO:0046914	WP_250121905.1
GO:0071771	WP_250121905.1
GO:0003697	WP_256478610.1
GO:0006508	WP_256478610.1
GO:0008233	WP_256478610.1
GO:0016829	WP_256478610.1
GO:0106300	WP_256478610.1
GO:0005737	WP_250124891.1
GO:0019172	WP_250124891.1
GO:0019243	WP_250124891.1
GO:0016829	WP_250122390.1
GO:0000287	WP_250121325.1
GO:0004141	WP_250121325.1
GO:0005524	WP_250121325.1
GO:0005829	WP_250121325.1
GO:0009102	WP_250121325.1
GO:0010207	WP_346016681.1
GO:0030096	WP_346016681.1
GO:0004590	WP_250124731.1
GO:0005829	WP_250124731.1
GO:0006207	WP_250124731.1
GO:0044205	WP_250124731.1
GO:0016020	WP_250125212.1
GO:0017004	WP_250125212.1
GO:0000049	WP_250125426.1
GO:0003735	WP_250125426.1
GO:0006412	WP_250125426.1
GO:0006417	WP_250125426.1
GO:0015934	WP_250125426.1
GO:0019843	WP_250125426.1
GO:0005737	WP_250126403.1
GO:0019172	WP_250126403.1
GO:0019243	WP_250126403.1
GO:0000287	WP_250125190.1
GO:0005829	WP_250125190.1
GO:0016791	WP_250125190.1
GO:0006813	WP_250125421.1
GO:0008324	WP_250125421.1
GO:0009055	WP_250121514.1
GO:0015979	WP_250121514.1
GO:0016491	WP_250121514.1
GO:0022904	WP_250121514.1
GO:0031676	WP_250121514.1
GO:0046872	WP_250121514.1
GO:0019288	WP_250123816.1
GO:0050518	WP_250123816.1
GO:0005524	WP_250121449.1
GO:0015658	WP_250121449.1
GO:0015807	WP_250121449.1
GO:0016887	WP_250121449.1
GO:0004519	WP_250121595.1
GO:0004139	WP_250125951.1
GO:0005737	WP_250125951.1
GO:0006018	WP_250125951.1
GO:0009264	WP_250125951.1
GO:0016052	WP_250125951.1
GO:0000156	WP_250124096.1
GO:0000976	WP_250124096.1
GO:0005829	WP_250124096.1
GO:0006351	WP_250124096.1
GO:0006355	WP_250124096.1
GO:0032993	WP_250124096.1
GO:0003725	WP_250121310.1
GO:0061710	WP_250121310.1
GO:0004322	WP_250121996.1
GO:0005829	WP_250121996.1
GO:0008199	WP_250121996.1
GO:0020037	WP_250121996.1
GO:0016757	WP_250122965.1
GO:0008757	WP_250125047.1
GO:0032259	WP_250125047.1
GO:0000160	WP_250122586.1
GO:0000976	WP_250122586.1
GO:0006355	WP_250122586.1
GO:0008168	WP_250122966.1
GO:0032259	WP_250122966.1
GO:0005525	WP_250122199.1
GO:0005737	WP_250122199.1
GO:0006777	WP_250122199.1
GO:0046872	WP_250122199.1
GO:0061603	WP_250122199.1
GO:0005385	WP_250123070.1
GO:0005886	WP_250123070.1
GO:0016020	WP_250123381.1
GO:0004674	WP_250122968.1
GO:0005524	WP_250122968.1
GO:0016491	WP_250124453.1
GO:0004751	WP_250121334.1
GO:0005829	WP_250121334.1
GO:0006014	WP_250121334.1
GO:0009052	WP_250121334.1
GO:0016020	WP_250121908.1
GO:0016616	WP_250121908.1
GO:0016746	WP_346016823.1
GO:0004364	WP_250123658.1
GO:0005737	WP_250123658.1
GO:0045174	WP_250123658.1
GO:0005829	WP_250126246.1
GO:0006281	WP_250126246.1
GO:0008967	WP_250126246.1
GO:0006813	WP_250124061.1
GO:0008324	WP_250124061.1
GO:0047360	WP_250126124.1
GO:0016020	WP_250123656.1
GO:0140359	WP_250123656.1
GO:0016757	WP_250124463.1
GO:0016020	WP_250124170.1
GO:0071944	WP_250124170.1
GO:0015995	WP_250123194.1
GO:0032259	WP_250123194.1
GO:0046406	WP_250123194.1
GO:0005524	WP_250125391.1
GO:0015658	WP_250125391.1
GO:0015807	WP_250125391.1
GO:0016887	WP_250125391.1
GO:0008168	WP_250126002.1
GO:0032259	WP_250126002.1
GO:0016491	WP_250124635.1
GO:0004746	WP_250123730.1
GO:0009231	WP_250123730.1
GO:0004316	WP_250122558.1
GO:0016787	WP_250126109.1
GO:0046872	WP_250126109.1
GO:0000976	WP_250123524.1
GO:0003700	WP_250123524.1
GO:0006351	WP_250123524.1
GO:0045892	WP_250123524.1
GO:0006164	WP_250123669.1
GO:0019359	WP_250123669.1
GO:0019674	WP_250123669.1
GO:0032559	WP_250123669.1
GO:0035639	WP_250123669.1
GO:0070566	WP_250123669.1
GO:0016740	WP_250125363.1
GO:0000774	WP_250122004.1
GO:0005737	WP_250122004.1
GO:0006457	WP_250122004.1
GO:0042803	WP_250122004.1
GO:0051082	WP_250122004.1
GO:0051087	WP_250122004.1
GO:0016747	WP_250121318.1
GO:0008757	WP_250126192.1
GO:0032259	WP_250126192.1
GO:0005385	WP_250124030.1
GO:0005886	WP_250124030.1
GO:0016020	WP_250124296.1
GO:0071944	WP_250124296.1
GO:0016787	WP_250126779.1
GO:0005524	WP_250123528.1
GO:0005886	WP_250123528.1
GO:0016887	WP_250123528.1
GO:0022857	WP_250123528.1
GO:0098796	WP_250123528.1
GO:0000156	WP_250121312.1
GO:0000976	WP_250121312.1
GO:0005829	WP_250121312.1
GO:0006351	WP_250121312.1
GO:0006355	WP_250121312.1
GO:0032993	WP_250121312.1
GO:0000105	WP_250123127.1
GO:0004635	WP_250123127.1
GO:0004636	WP_250123127.1
GO:0005524	WP_250123127.1
GO:0005737	WP_250123127.1
GO:0004733	WP_250121936.1
GO:0008615	WP_250121936.1
GO:0010181	WP_250121936.1
GO:0004798	WP_250122065.1
GO:0005524	WP_250122065.1
GO:0005829	WP_250122065.1
GO:0006227	WP_250122065.1
GO:0006233	WP_250122065.1
GO:0006235	WP_250122065.1
GO:0003677	WP_250126385.1
GO:0003700	WP_250126385.1
GO:0005829	WP_250126385.1
GO:0006351	WP_250126385.1
GO:0050099	WP_250124834.1
GO:0005737	WP_250121986.1
GO:0016151	WP_250121986.1
GO:0000166	WP_275983360.1
GO:0016655	WP_275983360.1
GO:0000156	WP_346016677.1
GO:0000976	WP_346016677.1
GO:0005829	WP_346016677.1
GO:0006351	WP_346016677.1
GO:0006355	WP_346016677.1
GO:0032993	WP_346016677.1
GO:0016491	WP_256478980.1
GO:0016853	WP_256478980.1
GO:0005524	WP_275983395.1
GO:0005886	WP_275983395.1
GO:0016887	WP_275983395.1
GO:0022857	WP_275983395.1
GO:0055085	WP_275983395.1
GO:0098796	WP_275983395.1
GO:0005524	WP_250121331.1
GO:0016887	WP_250121331.1
GO:0042626	WP_250121331.1
GO:0043190	WP_250121331.1
GO:0016787	WP_250125131.1
GO:0005524	WP_250121604.1
GO:0005886	WP_250121604.1
GO:0016887	WP_250121604.1
GO:0022857	WP_250121604.1
GO:0098796	WP_250121604.1
GO:0000156	WP_250121511.1
GO:0000976	WP_250121511.1
GO:0005829	WP_250121511.1
GO:0006351	WP_250121511.1
GO:0006355	WP_250121511.1
GO:0032993	WP_250121511.1
GO:0009245	WP_250122403.1
GO:0016020	WP_250122403.1
GO:0016410	WP_250122403.1
GO:0031470	WP_250122403.1
GO:0043886	WP_250122403.1
GO:0103118	WP_250122403.1
GO:0003700	WP_346016796.1
GO:0006352	WP_346016796.1
GO:0009055	WP_250121697.1
GO:0015979	WP_250121697.1
GO:0016491	WP_250121697.1
GO:0022904	WP_250121697.1
GO:0031676	WP_250121697.1
GO:0046872	WP_250121697.1
GO:0030170	WP_250125576.1
GO:0005886	WP_250125058.1
GO:0008168	WP_250125058.1
GO:0008610	WP_250125058.1
GO:0032259	WP_250125058.1
GO:0071770	WP_250125058.1
GO:0004519	WP_250125220.1
GO:0010190	WP_250124409.1
GO:0005829	WP_250122557.1
GO:0000049	WP_250122332.1
GO:0004045	WP_250122332.1
GO:0005737	WP_250122332.1
GO:0006515	WP_250122332.1
GO:0072344	WP_250122332.1
GO:0000156	WP_346016578.1
GO:0000976	WP_346016578.1
GO:0005829	WP_346016578.1
GO:0006351	WP_346016578.1
GO:0006355	WP_346016578.1
GO:0032993	WP_346016578.1
GO:0006743	WP_250123458.1
GO:1901663	WP_250123458.1
GO:0110165	WP_250126731.1
GO:0005829	WP_250123442.1
GO:0045454	WP_250123442.1
GO:0140824	WP_250123442.1
GO:0000287	WP_250125900.1
GO:0003727	WP_250125900.1
GO:0005737	WP_250125900.1
GO:0006281	WP_250125900.1
GO:0016891	WP_250125900.1
GO:0043737	WP_250125900.1
GO:0004176	WP_250124749.1
GO:0004222	WP_250124749.1
GO:0005524	WP_250124749.1
GO:0006508	WP_250124749.1
GO:0004644	WP_250121877.1
GO:0005829	WP_250121877.1
GO:0006189	WP_250121877.1
GO:0004519	WP_346016726.1
GO:0005829	WP_250122264.1
GO:0045454	WP_250122264.1
GO:0140824	WP_250122264.1
GO:0015297	WP_250124584.1
GO:0016020	WP_250124584.1
GO:1902600	WP_250124584.1
GO:0016747	WP_250121412.1
GO:0003677	WP_250121350.1
GO:0004386	WP_250121350.1
GO:0005524	WP_250121350.1
GO:0005737	WP_250121350.1
GO:0008186	WP_250121350.1
GO:0016787	WP_250121350.1
GO:0140098	WP_250121350.1
GO:0004176	WP_250122361.1
GO:0004252	WP_250122361.1
GO:0005737	WP_250122361.1
GO:0006515	WP_250122361.1
GO:0009368	WP_250122361.1
GO:0051117	WP_250122361.1
GO:0004519	WP_250123681.1
GO:0005886	WP_346016690.1
GO:0016757	WP_346016690.1
GO:0005524	WP_250123834.1
GO:0008817	WP_250123834.1
GO:0009236	WP_250123834.1
GO:0000162	WP_250126799.1
GO:0004640	WP_250126799.1
GO:0016787	WP_250124090.1
GO:0003677	WP_250123770.1
GO:0006352	WP_250123770.1
GO:0016987	WP_250123770.1
GO:0004622	WP_250123198.1
GO:0004619	WP_250123062.1
GO:0005737	WP_250123062.1
GO:0006096	WP_250123062.1
GO:0016791	WP_250123062.1
GO:0004784	WP_250121708.1
GO:0005737	WP_250121708.1
GO:0046872	WP_250121708.1
GO:0000156	WP_250123674.1
GO:0000160	WP_250123674.1
GO:0000976	WP_250123674.1
GO:0005829	WP_250123674.1
GO:0006351	WP_250123674.1
GO:0006355	WP_250123674.1
GO:0032993	WP_250123674.1
GO:0016831	WP_346016593.1
GO:0106141	WP_346016593.1
GO:0004519	WP_250122136.1
GO:0005737	WP_250121262.1
GO:0006817	WP_250121262.1
GO:0030643	WP_250121262.1
GO:0045936	WP_250121262.1
GO:0008168	WP_250125043.1
GO:0032259	WP_250125043.1
GO:0004622	WP_250123776.1
GO:0004497	WP_250125737.1
GO:0008171	WP_250122322.1
GO:0008757	WP_250122322.1
GO:0032259	WP_250122322.1
GO:0016853	WP_250122566.1
GO:0005524	WP_346016736.1
GO:0016020	WP_346016736.1
GO:0016887	WP_346016736.1
GO:0022857	WP_346016736.1
GO:0016787	WP_250121738.1
GO:0005829	WP_250123296.1
GO:0006281	WP_250123296.1
GO:0008967	WP_250123296.1
GO:0008168	WP_250121415.1
GO:0032259	WP_250121415.1
GO:0004519	WP_346016720.1
GO:0008813	WP_250124797.1
GO:0001067	WP_250123352.1
GO:0005737	WP_250123352.1
GO:0010467	WP_250123352.1
GO:0010468	WP_250123352.1
GO:0032774	WP_250123352.1
GO:0032991	WP_250123352.1
GO:0060089	WP_250123352.1
GO:1990837	WP_250123352.1
GO:2001141	WP_250123352.1
GO:0000156	WP_250124784.1
GO:0000976	WP_250124784.1
GO:0005829	WP_250124784.1
GO:0006351	WP_250124784.1
GO:0006355	WP_250124784.1
GO:0032993	WP_250124784.1
GO:0000162	WP_250121909.1
GO:0004640	WP_250121909.1
GO:0003677	WP_250126066.1
GO:0003700	WP_250126066.1
GO:0005829	WP_250126066.1
GO:0006351	WP_250126066.1
GO:0003677	WP_250125868.1
GO:0003905	WP_250125868.1
GO:0006284	WP_250125868.1
GO:0022627	WP_250123645.1
GO:0043024	WP_250123645.1
GO:0045900	WP_250123645.1
GO:0009055	WP_250126399.1
GO:0010181	WP_250126399.1
GO:0016652	WP_250126399.1
GO:0016655	WP_250126399.1
GO:0004527	WP_250122804.1
GO:0046872	WP_250122804.1
GO:0051536	WP_250122804.1
GO:0051607	WP_250122804.1
GO:0005829	WP_250125428.1
GO:0006353	WP_250125428.1
GO:0006354	WP_250125428.1
GO:0031564	WP_250125428.1
GO:0032784	WP_250125428.1
GO:0003677	WP_250124830.1
GO:0003700	WP_250124830.1
GO:0005829	WP_250124830.1
GO:0008176	WP_346016585.1
GO:0043527	WP_346016585.1
GO:0003841	WP_250123251.1
GO:0006654	WP_250123251.1
GO:0016020	WP_250123251.1
GO:0042619	WP_250121753.1
GO:0004519	WP_250122148.1
GO:0004129	WP_275983383.1
GO:0005886	WP_275983383.1
GO:0019646	WP_275983383.1
GO:0003735	WP_250125993.1
GO:0006412	WP_250125993.1
GO:0019843	WP_250125993.1
GO:0022625	WP_250125993.1
GO:0005886	WP_250126104.1
GO:0008654	WP_250126104.1
GO:0043772	WP_250126104.1
GO:0004074	WP_346016830.1
GO:0042602	WP_346016830.1
GO:0005886	WP_250125875.1
GO:0009055	WP_250125875.1
GO:0020037	WP_250125875.1
GO:0022904	WP_250125875.1
GO:0004845	WP_250124546.1
GO:0005525	WP_250124546.1
GO:0005737	WP_250124546.1
GO:0006223	WP_250124546.1
GO:0044206	WP_250124546.1
GO:0004519	WP_250124279.1
GO:0008675	WP_250122409.1
GO:0008700	WP_250122409.1
GO:0005694	WP_250126294.1
GO:0007059	WP_250126294.1
GO:0003934	WP_250126505.1
GO:0005525	WP_250126505.1
GO:0005737	WP_250126505.1
GO:0006729	WP_250126505.1
GO:0006730	WP_250126505.1
GO:0008270	WP_250126505.1
GO:0046654	WP_250126505.1
GO:0003677	WP_250125608.1
GO:0033013	WP_250122217.1
GO:0004540	WP_250123266.1
GO:0000105	WP_250126068.1
GO:0004424	WP_250126068.1
GO:0005737	WP_250126068.1
GO:0030638	WP_250124432.1
GO:0006396	WP_250124492.1
GO:0016072	WP_250124492.1
GO:0042254	WP_250124492.1
GO:0043021	WP_250124492.1
GO:0043232	WP_250124492.1
GO:0000976	WP_250121695.1
GO:0003700	WP_250121695.1
GO:0004519	WP_250121477.1
GO:0006508	WP_250121291.1
GO:0008233	WP_250121291.1
GO:0000041	WP_250125253.1
GO:0005886	WP_250125253.1
GO:0016740	WP_250121404.1
GO:0002949	WP_250122796.1
GO:0006508	WP_250122796.1
GO:0008233	WP_250122796.1
GO:0004519	WP_250125814.1
GO:0000105	WP_250125104.1
GO:0003879	WP_250125104.1
GO:0005524	WP_250125104.1
GO:0005737	WP_250125104.1
GO:0000160	WP_256478772.1
GO:0000976	WP_256478772.1
GO:0006355	WP_256478772.1
GO:0001522	WP_250123123.1
GO:0003723	WP_250123123.1
GO:0006364	WP_250123123.1
GO:0009982	WP_250123123.1
GO:0140098	WP_250123123.1
GO:0004519	WP_250123261.1
GO:0008168	WP_250124515.1
GO:0032259	WP_250124515.1
GO:0003746	WP_250124817.1
GO:0005737	WP_250124817.1
GO:0003677	WP_250125784.1
GO:0006310	WP_250125784.1
GO:0032196	WP_250125784.1
GO:0046872	WP_250125784.1
GO:0000160	WP_250122092.1
GO:0000976	WP_250122092.1
GO:0006351	WP_250122092.1
GO:0006355	WP_250122092.1
GO:0003677	WP_250126749.1
GO:0003700	WP_250126749.1
GO:0005829	WP_250126749.1
GO:0003677	WP_250122027.1
GO:0004519	WP_250122027.1
GO:0006304	WP_250122027.1
GO:0000976	WP_250125177.1
GO:0003700	WP_250125177.1
GO:0006351	WP_250125177.1
GO:0004519	WP_250122098.1
GO:0008152	WP_250126289.1
GO:0008168	WP_250126289.1
GO:0016829	WP_250125825.1
GO:0017006	WP_250125825.1
GO:0005886	WP_250121833.1
GO:0003677	WP_250125416.1
GO:0003677	WP_250122720.1
GO:0004519	WP_250122720.1
GO:0006304	WP_250122720.1
GO:0005829	WP_250124230.1
GO:0006281	WP_250124230.1
GO:0008967	WP_250124230.1
GO:0003934	WP_346016540.1
GO:0005525	WP_346016540.1
GO:0005737	WP_346016540.1
GO:0006729	WP_346016540.1
GO:0006730	WP_346016540.1
GO:0008270	WP_346016540.1
GO:0046654	WP_346016540.1
GO:0004371	WP_250125160.1
GO:0005829	WP_250125160.1
GO:0019563	WP_250125160.1
GO:0047324	WP_250125160.1
GO:0003824	WP_250126707.1
GO:0009055	WP_250121185.1
GO:0015979	WP_250121185.1
GO:0016020	WP_250121185.1
GO:0016491	WP_250121185.1
GO:0022904	WP_250121185.1
GO:0005886	WP_250122949.1
GO:0003700	WP_250125921.1
GO:0006979	WP_250122746.1
GO:0008379	WP_250122746.1
GO:0033554	WP_250122746.1
GO:0042744	WP_250122746.1
GO:0045454	WP_250122746.1
GO:0004176	WP_256478940.1
GO:0004252	WP_256478940.1
GO:0005737	WP_256478940.1
GO:0006515	WP_256478940.1
GO:0009368	WP_256478940.1
GO:0051117	WP_256478940.1
GO:0003677	WP_250124938.1
GO:0004176	WP_250126723.1
GO:0004252	WP_250126723.1
GO:0005737	WP_250126723.1
GO:0006515	WP_250126723.1
GO:0009368	WP_250126723.1
GO:0051117	WP_250126723.1
GO:0003677	WP_250125187.1
GO:0004519	WP_250125187.1
GO:0006304	WP_250125187.1
GO:0015977	WP_250124402.1
GO:0031470	WP_250124402.1
GO:0003677	WP_346016649.1
GO:0004519	WP_346016649.1
GO:0006304	WP_346016649.1
GO:0003677	WP_250125370.1
GO:0004519	WP_250125370.1
GO:0006304	WP_250125370.1
GO:0003676	WP_250123841.1
GO:0006139	WP_250123841.1
GO:0008408	WP_250123841.1
GO:0000166	WP_250122237.1
GO:0005829	WP_250122237.1
GO:0009117	WP_250122237.1
GO:0009146	WP_250122237.1
GO:0017111	WP_250122237.1
GO:0035870	WP_250122237.1
GO:0036220	WP_250122237.1
GO:0036222	WP_250122237.1
GO:0046872	WP_250122237.1
GO:0004519	WP_250122263.1
GO:0000160	WP_250126684.1
GO:0000976	WP_250126684.1
GO:0006355	WP_250126684.1
GO:0016491	WP_250122309.1
GO:0016829	WP_250122309.1
GO:0030089	WP_250122309.1
GO:0005737	WP_250125463.1
GO:0009117	WP_250125463.1
GO:0047429	WP_250125463.1
GO:0030638	WP_250126377.1
GO:0005737	WP_250125171.1
GO:0016279	WP_250125171.1
GO:0032259	WP_250125171.1
GO:0005829	WP_250122777.1
GO:0008830	WP_250122777.1
GO:0009103	WP_250122777.1
GO:0019305	WP_250122777.1
GO:0009236	WP_250125672.1
GO:0016993	WP_250125672.1
GO:0008176	WP_250123897.1
GO:0008276	WP_250123897.1
GO:0009236	WP_250123897.1
GO:0005737	WP_250122621.1
GO:0008999	WP_250122621.1
GO:0016279	WP_346016771.1
GO:0032259	WP_346016771.1
GO:0010181	WP_250124761.1
GO:0030638	WP_250126683.1
GO:0016279	WP_250122177.1
GO:0032259	WP_250122177.1
GO:0004519	WP_250125823.1
GO:0000400	WP_250123053.1
GO:0005524	WP_250123053.1
GO:0005737	WP_250123053.1
GO:0006281	WP_250123053.1
GO:0006310	WP_250123053.1
GO:0009378	WP_250123053.1
GO:0009379	WP_250123053.1
GO:0048476	WP_250123053.1
GO:0016747	WP_250125906.1
GO:0004515	WP_250123953.1
GO:0005524	WP_250123953.1
GO:0009435	WP_250123953.1
GO:0005886	WP_250124168.1
GO:0017038	WP_250124168.1
GO:0016491	WP_250125174.1
GO:0046872	WP_250125174.1
GO:0005886	WP_250121531.1
GO:0030638	WP_250126736.1
GO:0000160	WP_250124919.1
GO:0000976	WP_250124919.1
GO:0006355	WP_250124919.1
GO:0016279	WP_346016529.1
GO:0032259	WP_346016529.1
GO:0000976	WP_250123375.1
GO:0003700	WP_250123375.1
GO:0003677	WP_250121220.1
GO:0004252	WP_250121220.1
GO:0006260	WP_250121220.1
GO:0006281	WP_250121220.1
GO:0006351	WP_250121220.1
GO:0006508	WP_250121220.1
GO:0009432	WP_250121220.1
GO:0045892	WP_250121220.1
GO:0019825	WP_250126751.1
GO:0020037	WP_250126751.1
GO:0000160	WP_250123507.1
GO:0000976	WP_250123507.1
GO:0006355	WP_250123507.1
GO:0000162	WP_250123385.1
GO:0004049	WP_250123385.1
GO:0005829	WP_250123385.1
GO:0046820	WP_250123385.1
GO:0016020	WP_250124029.1
GO:0016616	WP_250124029.1
GO:0046914	WP_250125595.1
GO:0072593	WP_250125595.1
GO:0006744	WP_250121441.1
GO:0001067	WP_250124652.1
GO:0140110	WP_250124652.1
GO:1990837	WP_250124652.1
GO:0003677	WP_250126200.1
GO:0006281	WP_250126200.1
GO:0006310	WP_250126200.1
GO:0008270	WP_250126200.1
GO:0003735	WP_250125992.1
GO:0005840	WP_250125992.1
GO:0006412	WP_250125992.1
GO:0019843	WP_250125992.1
GO:1990904	WP_250125992.1
GO:0004252	WP_250122056.1
GO:0005886	WP_250122056.1
GO:0006465	WP_250122056.1
GO:0009003	WP_250122056.1
GO:0004519	WP_250122184.1
GO:0004519	WP_250123542.1
GO:0003677	WP_256478983.1
GO:0003700	WP_256478983.1
GO:0006351	WP_256478983.1
GO:0032993	WP_256478983.1
GO:0009236	WP_250121981.1
GO:0016993	WP_250121981.1
GO:0004519	WP_250123201.1
GO:0000166	WP_346016788.1
GO:0008803	WP_346016788.1
GO:0046872	WP_346016788.1
GO:0004519	WP_250124430.1
GO:0016209	WP_250122435.1
GO:0016491	WP_250122435.1
GO:0016747	WP_250125105.1
GO:0003735	WP_250124527.1
GO:0006412	WP_250124527.1
GO:0008097	WP_250124527.1
GO:0022625	WP_250124527.1
GO:0003677	WP_250123735.1
GO:0003700	WP_250123735.1
GO:0005737	WP_250123735.1
GO:0006351	WP_250123735.1
GO:0005829	WP_250124069.1
GO:0006935	WP_250124069.1
GO:0007165	WP_250124069.1
GO:0004519	WP_250121225.1
GO:0000160	WP_250126412.1
GO:0000976	WP_250126412.1
GO:0006355	WP_250126412.1
GO:0004252	WP_250122180.1
GO:0006508	WP_250122180.1
GO:0016020	WP_250122180.1
GO:0016491	WP_250125850.1
GO:0016829	WP_250125850.1
GO:0030089	WP_250125850.1
GO:0005829	WP_250125067.1
GO:0008830	WP_250125067.1
GO:0009103	WP_250125067.1
GO:0019305	WP_250125067.1
GO:0000160	WP_250126674.1
GO:0000976	WP_250126674.1
GO:0006355	WP_250126674.1
GO:0004519	WP_250124199.1
GO:0004519	WP_250122097.1
GO:0047936	WP_250123466.1
GO:0003677	WP_250121424.1
GO:0006351	WP_250121424.1
GO:0005886	WP_346016856.1
GO:0015225	WP_346016856.1
GO:0003735	WP_250124119.1
GO:0006412	WP_250124119.1
GO:0015935	WP_250124119.1
GO:0019843	WP_250124119.1
GO:0042274	WP_250124119.1
GO:0005886	WP_250122140.1
GO:0031460	WP_250122140.1
GO:0055085	WP_250122140.1
GO:0005886	WP_250125230.1
GO:0015031	WP_250125230.1
GO:0022857	WP_250125230.1
GO:0030638	WP_250124906.1
GO:0005886	WP_250122859.1
GO:0015098	WP_250122859.1
GO:0004176	WP_346016600.1
GO:0004252	WP_346016600.1
GO:0005737	WP_346016600.1
GO:0006515	WP_346016600.1
GO:0009368	WP_346016600.1
GO:0051117	WP_346016600.1
GO:0004519	WP_250122531.1
GO:0004385	WP_250124374.1
GO:0005524	WP_250124374.1
GO:0005829	WP_250124374.1
GO:0005525	WP_250126839.1
GO:0006614	WP_250126839.1
GO:0005737	WP_250124723.1
GO:0005975	WP_250124723.1
GO:0016832	WP_250124723.1
GO:0004252	WP_250124735.1
GO:0005886	WP_250124735.1
GO:0006465	WP_250124735.1
GO:0009003	WP_250124735.1
GO:0004519	WP_250126699.1
GO:0005829	WP_250122684.1
GO:0010181	WP_250122684.1
GO:0016491	WP_250122684.1
GO:0003723	WP_250125440.1
GO:0005829	WP_250125440.1
GO:0006353	WP_250125440.1
GO:0031564	WP_250125440.1
GO:0000976	WP_250126600.1
GO:0003700	WP_250126600.1
GO:0006351	WP_250126600.1
GO:0003677	WP_250126717.1
GO:0006351	WP_250126717.1
GO:0045892	WP_250126717.1
GO:0000150	WP_250126656.1
GO:0003677	WP_250126656.1
GO:0003824	WP_250123452.1
GO:0005488	WP_250123452.1
GO:0008152	WP_250123452.1
GO:0003677	WP_250123708.1
GO:0003700	WP_250123708.1
GO:0006351	WP_250123708.1
GO:0005506	WP_250121279.1
GO:0008137	WP_250121279.1
GO:0009060	WP_250121279.1
GO:0015990	WP_250121279.1
GO:0019684	WP_250121279.1
GO:0031676	WP_250121279.1
GO:0045271	WP_250121279.1
GO:0048038	WP_250121279.1
GO:0051539	WP_250121279.1
GO:0004519	WP_250121437.1
GO:0004671	WP_250125375.1
GO:0016020	WP_250125375.1
GO:0032259	WP_250125375.1
GO:0008703	WP_250121644.1
GO:0009231	WP_250121644.1
GO:0005615	WP_250122620.1
GO:0001067	WP_250126473.1
GO:0010467	WP_250126473.1
GO:0032774	WP_250126473.1
GO:0140110	WP_250126473.1
GO:1990837	WP_250126473.1
GO:0001067	WP_250125772.1
GO:0010467	WP_250125772.1
GO:0010468	WP_250125772.1
GO:0032774	WP_250125772.1
GO:0035556	WP_250125772.1
GO:1990837	WP_250125772.1
GO:2001141	WP_250125772.1
GO:0004252	WP_250121549.1
GO:0005886	WP_250121549.1
GO:0006465	WP_250121549.1
GO:0009003	WP_250121549.1
GO:0003924	WP_346016550.1
GO:0005525	WP_346016550.1
GO:0005737	WP_346016550.1
GO:0016151	WP_346016550.1
GO:0043419	WP_346016550.1
GO:0016747	WP_250123828.1
GO:0016747	WP_250122704.1
GO:0005840	WP_250121459.1
GO:0016747	WP_250121459.1
GO:0005886	WP_250125142.1
GO:0008137	WP_250125142.1
GO:0048038	WP_250125142.1
GO:1902495	WP_250125142.1
GO:0004519	WP_250124721.1
GO:0016829	WP_250124742.1
GO:0017006	WP_250124742.1
GO:0004175	WP_250123930.1
GO:0008237	WP_250123930.1
GO:0080120	WP_250123930.1
GO:0016747	WP_250126113.1
GO:0004540	WP_250122971.1
GO:0004140	WP_250123896.1
GO:0005524	WP_250123896.1
GO:0005737	WP_250123896.1
GO:0015937	WP_250123896.1
GO:0009522	WP_250126119.1
GO:0015979	WP_250126119.1
GO:0031676	WP_250126119.1
GO:0016671	WP_250123898.1
GO:0004856	WP_250126178.1
GO:0005524	WP_250126178.1
GO:0005998	WP_250126178.1
GO:0042732	WP_250126178.1
GO:0015977	WP_346016596.1
GO:0031470	WP_346016596.1
GO:0004519	WP_250124841.1
GO:0003676	WP_250124323.1
GO:0031167	WP_250124323.1
GO:0052913	WP_250124323.1
GO:0005737	WP_250123080.1
GO:0003677	WP_250121237.1
GO:0006351	WP_250121237.1
GO:0004176	WP_346016551.1
GO:0004252	WP_346016551.1
GO:0005737	WP_346016551.1
GO:0006515	WP_346016551.1
GO:0009368	WP_346016551.1
GO:0051117	WP_346016551.1
GO:0000049	WP_250124365.1
GO:0003725	WP_250124365.1
GO:0005524	WP_250124365.1
GO:0005737	WP_250124365.1
GO:0006450	WP_250124365.1
GO:0008033	WP_250124365.1
GO:0061710	WP_250124365.1
GO:0016491	WP_250123744.1
GO:0020037	WP_250123744.1
GO:0046872	WP_250123744.1
GO:0003677	WP_250121253.1
GO:0006351	WP_250121253.1
GO:0008137	WP_250122883.1
GO:0019684	WP_250122883.1
GO:0031676	WP_250122883.1
GO:0048038	WP_250122883.1
GO:0051920	WP_250126787.1
GO:0005524	WP_250126133.1
GO:0009396	WP_250126133.1
GO:0030272	WP_250126133.1
GO:0035999	WP_250126133.1
GO:0046872	WP_250126133.1
GO:0005737	WP_250124641.1
GO:0008999	WP_250124641.1
GO:1990189	WP_250124641.1
GO:0003723	WP_346016754.1
GO:0004523	WP_346016754.1
GO:0005737	WP_346016754.1
GO:0006298	WP_346016754.1
GO:0030145	WP_346016754.1
GO:0032299	WP_346016754.1
GO:0043137	WP_346016754.1
GO:0000271	WP_250122657.1
GO:0005829	WP_250122657.1
GO:0008830	WP_250122657.1
GO:0019305	WP_250122657.1
GO:0005737	WP_250122312.1
GO:0005840	WP_250122312.1
GO:0008999	WP_250122312.1
GO:0000906	WP_275983369.1
GO:0005829	WP_275983369.1
GO:0009231	WP_275983369.1
GO:0009349	WP_275983369.1
GO:0000271	WP_250124075.1
GO:0005829	WP_250124075.1
GO:0008830	WP_250124075.1
GO:0019305	WP_250124075.1
GO:0000287	WP_346016664.1
GO:0004588	WP_346016664.1
GO:0019856	WP_346016664.1
GO:0044205	WP_346016664.1
GO:0051920	WP_250126587.1
GO:0008168	WP_346016674.1
GO:0032259	WP_346016674.1
GO:0016874	WP_250123774.1
GO:0004497	WP_250121547.1
GO:0009496	WP_250121547.1
GO:0009579	WP_250121547.1
GO:0015979	WP_250121547.1
GO:0016020	WP_250121547.1
GO:0016705	WP_250121547.1
GO:0046872	WP_250121547.1
GO:0051537	WP_250121547.1
GO:0003677	WP_250121260.1
GO:0006351	WP_250121260.1
GO:0006355	WP_250121260.1
GO:0008800	WP_250124883.1
GO:0030655	WP_250124883.1
GO:0046677	WP_250124883.1
GO:0005385	WP_250121382.1
GO:0005886	WP_250121382.1
GO:0000271	WP_250124996.1
GO:0005829	WP_250124996.1
GO:0008830	WP_250124996.1
GO:0019305	WP_250124996.1
GO:0005524	WP_250125400.1
GO:0005525	WP_250125400.1
GO:0008820	WP_250125400.1
GO:0009236	WP_250125400.1
GO:0043752	WP_250125400.1
GO:0006816	WP_346016727.1
GO:0016020	WP_346016727.1
GO:0046873	WP_346016727.1
GO:0000287	WP_250122854.1
GO:0004427	WP_250122854.1
GO:0005737	WP_250122854.1
GO:0006796	WP_250122854.1
GO:0005524	WP_250123907.1
GO:0005886	WP_250123907.1
GO:0008556	WP_250123907.1
GO:0005829	WP_250123015.1
GO:0008830	WP_250123015.1
GO:0009103	WP_250123015.1
GO:0019305	WP_250123015.1
GO:0005886	WP_250124853.1
GO:0010181	WP_250124853.1
GO:0016679	WP_250124853.1
GO:0020037	WP_250124853.1
GO:0003677	WP_250121926.1
GO:0004803	WP_250121926.1
GO:0006313	WP_250121926.1
GO:0003674	WP_250123638.1
GO:0005829	WP_250122035.1
GO:0006753	WP_250122035.1
GO:0016787	WP_250122035.1
GO:0019693	WP_250122035.1
GO:0004020	WP_250122674.1
GO:0004781	WP_250122674.1
GO:0005524	WP_250122674.1
GO:0005737	WP_250122674.1
GO:0010134	WP_250122674.1
GO:0019379	WP_250122674.1
GO:0070814	WP_250122674.1
GO:0003677	WP_346016658.1
GO:0006351	WP_346016658.1
GO:0004176	WP_346016616.1
GO:0004252	WP_346016616.1
GO:0005737	WP_346016616.1
GO:0006515	WP_346016616.1
GO:0009368	WP_346016616.1
GO:0051117	WP_346016616.1
GO:0005198	WP_250124050.1
GO:0008654	WP_250124050.1
GO:0009247	WP_250124050.1
GO:0016747	WP_250124050.1
GO:0031469	WP_250124050.1
GO:0046493	WP_250124050.1
GO:1901271	WP_250124050.1
GO:0004519	WP_250124737.1
GO:0005488	WP_250123571.1
GO:0009055	WP_250123146.1
GO:0020037	WP_250123146.1
GO:0004519	WP_250121224.1
GO:0006412	WP_250121781.1
GO:0042586	WP_250121781.1
GO:0046872	WP_250121781.1
GO:0008199	WP_250124608.1
GO:0016722	WP_250124608.1
GO:0003676	WP_250123976.1
GO:0006304	WP_250123976.1
GO:0008757	WP_250123976.1
GO:0009008	WP_250123976.1
GO:0044355	WP_250123976.1
GO:0045814	WP_250123976.1
GO:0005737	WP_346016566.1
GO:0006535	WP_346016566.1
GO:0009001	WP_346016566.1
GO:0031470	WP_346016566.1
GO:0043886	WP_346016566.1
GO:0003676	WP_256478992.1
GO:0003964	WP_256478992.1
GO:0004519	WP_256478992.1
GO:0008270	WP_256478992.1
GO:0004364	WP_250123314.1
GO:0005886	WP_250125675.1
GO:0003677	WP_250126847.1
GO:0004803	WP_250126847.1
GO:0006313	WP_250126847.1
GO:0005886	WP_250122057.1
GO:0008781	WP_250122646.1
GO:0009103	WP_250122646.1
GO:0019143	WP_250122646.1
GO:0046872	WP_250122646.1
GO:0003746	WP_250124439.1
GO:0005829	WP_250124439.1
GO:0043043	WP_250124439.1
GO:0015267	WP_250125256.1
GO:0016020	WP_250125256.1
GO:0006816	WP_250121256.1
GO:0016020	WP_250121256.1
GO:0046873	WP_250121256.1
GO:0004020	WP_250123703.1
GO:0004781	WP_250123703.1
GO:0005524	WP_250123703.1
GO:0005737	WP_250123703.1
GO:0010134	WP_250123703.1
GO:0019379	WP_250123703.1
GO:0070814	WP_250123703.1
GO:0016836	WP_250121772.1
GO:0003677	WP_250126639.1
GO:0006351	WP_250126639.1
GO:0006355	WP_250126639.1
GO:0016772	WP_250126639.1
GO:0140110	WP_250126639.1
GO:0005524	WP_250125618.1
GO:0008817	WP_250125618.1
GO:0009236	WP_250125618.1
GO:0000917	WP_250125575.1
GO:0005737	WP_250125575.1
GO:0043093	WP_250125575.1
GO:0005886	WP_250123994.1
GO:0006782	WP_250123994.1
GO:0046872	WP_250123994.1
GO:0070818	WP_250123994.1
GO:0004844	WP_346016683.1
GO:0006285	WP_346016683.1
GO:0008263	WP_346016683.1
GO:0003677	WP_250124308.1
GO:0000976	WP_250121408.1
GO:0003700	WP_250121408.1
GO:0003676	WP_250121630.1
GO:0010467	WP_250121630.1
GO:0010468	WP_250121630.1
GO:0032774	WP_250121630.1
GO:0140110	WP_250121630.1
GO:2001141	WP_250121630.1
GO:0110165	WP_250121864.1
GO:0005622	WP_250125826.1
GO:0004519	WP_250122811.1
GO:0005886	WP_250121834.1
GO:0016831	WP_250124866.1
GO:0005506	WP_250124014.1
GO:0008610	WP_250124014.1
GO:0016491	WP_250124014.1
GO:0016757	WP_250125820.1
GO:0005506	WP_250126184.1
GO:0008137	WP_250126184.1
GO:0019684	WP_250126184.1
GO:0031676	WP_250126184.1
GO:0048038	WP_250126184.1
GO:0051539	WP_250126184.1
GO:0003677	WP_250126568.1
GO:0006310	WP_250126568.1
GO:0015074	WP_250126568.1
GO:0008152	WP_250124291.1
GO:0008168	WP_250124291.1
GO:0004017	WP_250125975.1
GO:0005524	WP_250125975.1
GO:0005737	WP_250125975.1
GO:0044209	WP_250125975.1
GO:0016829	WP_250125431.1
GO:0017006	WP_250125431.1
GO:0003677	WP_250124935.1
GO:0006310	WP_250124935.1
GO:0015074	WP_250124935.1
GO:0004601	WP_250122745.1
GO:0008199	WP_250125417.1
GO:0016722	WP_250125417.1
GO:0005886	WP_250125537.1
GO:0015171	WP_250125537.1
GO:0005737	WP_250124368.1
GO:0008080	WP_250124368.1
GO:0010411	WP_250126533.1
GO:0110165	WP_250124585.1
GO:0016407	WP_346016699.1
GO:0043232	WP_346016699.1
GO:0003839	WP_346016667.1
GO:0016740	WP_346016667.1
GO:0009055	WP_250126545.1
GO:0010181	WP_250126545.1
GO:0016037	WP_250124469.1
GO:0030089	WP_250124469.1
GO:0031404	WP_250124469.1
GO:0016747	WP_250125481.1
GO:0005829	WP_250123045.1
GO:0006935	WP_250123045.1
GO:0007165	WP_250123045.1
GO:0016747	WP_250126287.1
GO:0008870	WP_250126187.1
GO:0031470	WP_250126187.1
GO:0043886	WP_250126187.1
GO:0003676	WP_250125147.1
GO:0004519	WP_250125147.1
GO:0008270	WP_250125147.1
GO:0003677	WP_250126347.1
GO:0004803	WP_250126347.1
GO:0006313	WP_250126347.1
GO:0004519	WP_250122900.1
GO:0006412	WP_250125156.1
GO:0042586	WP_250125156.1
GO:0046872	WP_250125156.1
GO:0005509	WP_250125464.1
GO:0009654	WP_250125464.1
GO:0015979	WP_250125464.1
GO:0019898	WP_250125464.1
GO:0000287	WP_250121455.1
GO:0003677	WP_250121455.1
GO:0005737	WP_250121455.1
GO:0006281	WP_250121455.1
GO:0006310	WP_250121455.1
GO:0008821	WP_250121455.1
GO:0048476	WP_250121455.1
GO:0016020	WP_250121755.1
GO:0016491	WP_250121755.1
GO:0048038	WP_250121755.1
GO:0003674	WP_250124422.1
GO:0009055	WP_250123917.1
GO:0010181	WP_250123917.1
GO:0005737	WP_250124051.1
GO:0006633	WP_250124051.1
GO:0009245	WP_250124051.1
GO:0016020	WP_250124051.1
GO:0019171	WP_250124051.1
GO:0008168	WP_250126442.1
GO:0032259	WP_250126442.1
GO:0000256	WP_250125597.1
GO:0004848	WP_250125597.1
GO:0006144	WP_250125597.1
GO:0050385	WP_250125597.1
GO:0004725	WP_250123673.1
GO:0000049	WP_250125982.1
GO:0003735	WP_250125982.1
GO:0005840	WP_250125982.1
GO:0006412	WP_250125982.1
GO:0019843	WP_250125982.1
GO:1990904	WP_250125982.1
GO:0003677	WP_250123548.1
GO:0005524	WP_250123548.1
GO:0006351	WP_250123548.1
GO:0008270	WP_250123548.1
GO:0045892	WP_250123548.1
GO:0004540	WP_346016619.1
GO:0009538	WP_250124373.1
GO:0015979	WP_250124373.1
GO:0031676	WP_250124373.1
GO:0005975	WP_250123331.1
GO:0005507	WP_250122614.1
GO:0009055	WP_250122614.1
GO:0004222	WP_250123383.1
GO:0004521	WP_250123383.1
GO:0005737	WP_250123383.1
GO:0006364	WP_250123383.1
GO:0008270	WP_250123383.1
GO:0005829	WP_250123115.1
GO:0006935	WP_250123115.1
GO:0007165	WP_250123115.1
GO:0003700	WP_250123753.1
GO:0006351	WP_250123753.1
GO:0043565	WP_250123753.1
GO:0032559	WP_250123509.1
GO:0043168	WP_250123509.1
GO:0006313	WP_250126439.1
GO:0009408	WP_250126072.1
GO:0016758	WP_250122668.1
GO:0005886	WP_250125704.1
GO:0002055	WP_250123100.1
GO:0003999	WP_250123100.1
GO:0005737	WP_250123100.1
GO:0006166	WP_250123100.1
GO:0006168	WP_250123100.1
GO:0016208	WP_250123100.1
GO:0044209	WP_250123100.1
GO:0016747	WP_250123990.1
GO:0005886	WP_250126125.1
GO:0008444	WP_250126125.1
GO:0046474	WP_250126125.1
GO:0005737	WP_346016835.1
GO:0006535	WP_346016835.1
GO:0009001	WP_346016835.1
GO:0031470	WP_346016835.1
GO:0043886	WP_346016835.1
GO:0008781	WP_250124992.1
GO:0009103	WP_250124992.1
GO:0019143	WP_250124992.1
GO:0046872	WP_250124992.1
GO:0008080	WP_250121978.1
GO:0003676	WP_250126183.1
GO:0006310	WP_250126183.1
GO:0032196	WP_250126183.1
GO:0140097	WP_250126183.1
GO:0002181	WP_250125980.1
GO:0003735	WP_250125980.1
GO:0019843	WP_250125980.1
GO:0022625	WP_250125980.1
GO:0003677	WP_250124725.1
GO:0015627	WP_250124725.1
GO:0015628	WP_250124725.1
GO:0005737	WP_250121970.1
GO:0008962	WP_250121970.1
GO:0016020	WP_256478916.1
GO:0016740	WP_256478916.1
GO:0003989	WP_250124440.1
GO:0006633	WP_250124440.1
GO:0009317	WP_250124440.1
GO:0004845	WP_250124184.1
GO:0006351	WP_250124184.1
GO:0006355	WP_250124184.1
GO:0006777	WP_250123857.1
GO:0030366	WP_250123857.1
GO:0008152	WP_250124371.1
GO:0009522	WP_250124371.1
GO:0030075	WP_250124371.1
GO:0042651	WP_250124371.1
GO:0042717	WP_250124371.1
GO:0098590	WP_250124371.1
GO:0016747	WP_250126836.1
GO:0000160	WP_250125402.1
GO:0003677	WP_250123754.1
GO:0010467	WP_250123754.1
GO:0032774	WP_250123754.1
GO:0140110	WP_250123754.1
GO:0005886	WP_250126296.1
GO:0003735	WP_250125425.1
GO:0006412	WP_250125425.1
GO:0015934	WP_250125425.1
GO:0070180	WP_250125425.1
GO:0016747	WP_250123400.1
GO:0000967	WP_346016792.1
GO:0004518	WP_346016792.1
GO:0005829	WP_346016792.1
GO:0016788	WP_346016792.1
GO:0016740	WP_250122610.1
GO:0031470	WP_250122610.1
GO:0043886	WP_250122610.1
GO:0000287	WP_346016791.1
GO:0004765	WP_346016791.1
GO:0005524	WP_346016791.1
GO:0005829	WP_346016791.1
GO:0008652	WP_346016791.1
GO:0009073	WP_346016791.1
GO:0009423	WP_346016791.1
GO:0016787	WP_250121817.1
GO:0016020	WP_250122368.1
GO:0005886	WP_250121848.1
GO:0003848	WP_250122034.1
GO:0005524	WP_250122034.1
GO:0016301	WP_250122034.1
GO:0046654	WP_250122034.1
GO:0046656	WP_250122034.1
GO:0003743	WP_250123559.1
GO:0005829	WP_250123559.1
GO:0016020	WP_250123559.1
GO:0032790	WP_250123559.1
GO:0043022	WP_250123559.1
GO:0008237	WP_250125483.1
GO:0008238	WP_250125483.1
GO:0019538	WP_250125483.1
GO:0046914	WP_250125483.1
GO:0016037	WP_250122589.1
GO:0030089	WP_250122589.1
GO:0031404	WP_250122589.1
GO:0031676	WP_250125930.1
GO:0045259	WP_250125930.1
GO:0046933	WP_250125930.1
GO:0000049	WP_250122392.1
GO:0016301	WP_250122392.1
GO:0003755	WP_250121538.1
GO:0008168	WP_250126290.1
GO:0012505	WP_250126290.1
GO:0032259	WP_250126290.1
GO:0016746	WP_250122764.1
GO:0031470	WP_250122764.1
GO:0043886	WP_250122764.1
GO:0015979	WP_250125844.1
GO:0030089	WP_250125844.1
GO:0031676	WP_250125844.1
GO:0046872	WP_250125536.1
GO:0008233	WP_250124325.1
GO:0019538	WP_250124325.1
GO:0046677	WP_250122678.1
GO:0047663	WP_250122678.1
GO:0006189	WP_250123196.1
GO:0016829	WP_250123196.1
GO:0034023	WP_250123196.1
GO:0016655	WP_250125994.1
GO:0031676	WP_250125994.1
GO:0048038	WP_250125994.1
GO:0005737	WP_250123877.1
GO:0006415	WP_250123877.1
GO:0043023	WP_250123877.1
GO:0006777	WP_250122910.1
GO:0061799	WP_250122910.1
GO:0004497	WP_250121159.1
GO:0008080	WP_250123764.1
GO:0005886	WP_346016570.1
GO:0005886	WP_250125084.1
GO:0016757	WP_250125084.1
GO:0005829	WP_250121271.1
GO:0006777	WP_250121271.1
GO:0010181	WP_250125798.1
GO:0042602	WP_250125798.1
GO:0005506	WP_250121206.1
GO:0009055	WP_250121206.1
GO:0009523	WP_250121206.1
GO:0015979	WP_250121206.1
GO:0020037	WP_250121206.1
GO:0022904	WP_250121206.1
GO:0003676	WP_250124312.1
GO:0004519	WP_250124312.1
GO:0008270	WP_250124312.1
GO:0004518	WP_250123729.1
GO:0003697	WP_250121164.1
GO:0015979	WP_250121917.1
GO:0030089	WP_250121917.1
GO:0031676	WP_250121917.1
GO:0009055	WP_250121698.1
GO:0009767	WP_250121698.1
GO:0016491	WP_250121698.1
GO:0031676	WP_250121698.1
GO:0016747	WP_250125685.1
GO:0016747	WP_250125725.1
GO:0003735	WP_250125978.1
GO:0005737	WP_250125978.1
GO:0006412	WP_250125978.1
GO:0015935	WP_250125978.1
GO:0019843	WP_250125978.1
GO:0042254	WP_250125978.1
GO:0007154	WP_250124066.1
GO:0023052	WP_250124066.1
GO:0042221	WP_250124066.1
GO:0042330	WP_250124066.1
GO:0050794	WP_250124066.1
GO:0051716	WP_250124066.1
GO:0004674	WP_250124792.1
GO:0005524	WP_250124792.1
GO:0008199	WP_250125415.1
GO:0016722	WP_250125415.1
GO:0004595	WP_250121250.1
GO:0005524	WP_250121250.1
GO:0005737	WP_250121250.1
GO:0015937	WP_250121250.1
GO:0016829	WP_250126591.1
GO:0051213	WP_250126591.1
GO:0000160	WP_250125611.1
GO:0005506	WP_250121205.1
GO:0009055	WP_250121205.1
GO:0009523	WP_250121205.1
GO:0019684	WP_250121205.1
GO:0020037	WP_250121205.1
GO:0022904	WP_250121205.1
GO:0031676	WP_250121205.1
GO:0003824	WP_250124658.1
GO:0003677	WP_346016869.1
GO:0006310	WP_346016869.1
GO:0006351	WP_346016869.1
GO:0015074	WP_346016869.1
GO:0016020	WP_346016559.1
GO:0003824	WP_250125700.1
GO:0046914	WP_250125700.1
GO:0047617	WP_250122351.1
GO:0004860	WP_250122314.1
GO:0015979	WP_250125845.1
GO:0030089	WP_250125845.1
GO:0031676	WP_250125845.1
GO:0046872	WP_250125845.1
GO:0008080	WP_250122881.1
GO:0051920	WP_250122691.1
GO:0003723	WP_346016857.1
GO:0005737	WP_250125145.1
GO:0101006	WP_250125145.1
GO:0005524	WP_250124574.1
GO:0015423	WP_250124574.1
GO:0016887	WP_250124574.1
GO:0055052	WP_250124574.1
GO:1990060	WP_250124574.1
GO:0016020	WP_250122521.1
GO:0022604	WP_250122521.1
GO:0065008	WP_250122521.1
GO:0071944	WP_250122521.1
GO:0015979	WP_250124794.1
GO:0030089	WP_250124794.1
GO:0031676	WP_250124794.1
GO:0016020	WP_250123688.1
GO:0030416	WP_250123688.1
GO:0005829	WP_250121856.1
GO:0003677	WP_250126554.1
GO:0004803	WP_250126554.1
GO:0006313	WP_250126554.1
GO:0003677	WP_250126417.1
GO:0004803	WP_250126417.1
GO:0006313	WP_250126417.1
GO:0016853	WP_250123691.1
GO:0016037	WP_250121891.1
GO:0030089	WP_250121891.1
GO:0031404	WP_250121891.1
GO:0005737	WP_346016646.1
GO:0008080	WP_346016646.1
GO:0008685	WP_250123879.1
GO:0016114	WP_250123879.1
GO:0019288	WP_250123879.1
GO:0046872	WP_250123879.1
GO:0016020	WP_250122040.1
GO:0016779	WP_250122040.1
GO:0035556	WP_250122040.1
GO:0043708	WP_250122040.1
GO:0071944	WP_250122040.1
GO:0090609	WP_250122040.1
GO:1902021	WP_250122040.1
GO:2000146	WP_250122040.1
GO:0003984	WP_250123562.1
GO:0005829	WP_250123562.1
GO:0009097	WP_250123562.1
GO:0009099	WP_250123562.1
GO:1990610	WP_250123562.1
GO:0005622	WP_250126462.1
GO:0006631	WP_250126462.1
GO:0008610	WP_250126462.1
GO:0016780	WP_250126462.1
GO:0046872	WP_250126462.1
GO:0072330	WP_250126462.1
GO:0016772	WP_250121728.1
GO:0016747	WP_250122835.1
GO:0002130	WP_250124000.1
GO:0003723	WP_250124000.1
GO:0005737	WP_250124000.1
GO:0042802	WP_250124000.1
GO:0141098	WP_250124000.1
GO:0141102	WP_250124000.1
GO:0016020	WP_250125100.1
GO:0033013	WP_250125100.1
GO:0046872	WP_250125658.1
GO:0010275	WP_346016808.1
GO:0005506	WP_250122540.1
GO:0016226	WP_250122540.1
GO:0051536	WP_250122540.1
GO:0004462	WP_250122095.1
GO:0046872	WP_250122095.1
GO:0003677	WP_346016686.1
GO:0003700	WP_346016686.1
GO:0006351	WP_346016686.1
GO:0003677	WP_250126153.1
GO:0006310	WP_250126153.1
GO:0032196	WP_250126153.1
GO:0016747	WP_250122243.1
GO:0016020	WP_250126303.1
GO:0022857	WP_250126303.1
GO:0015979	WP_250125939.1
GO:0030089	WP_250125939.1
GO:0031676	WP_250125939.1
GO:0003824	WP_256478616.1
GO:0051301	WP_250124437.1
GO:0051304	WP_250124437.1
GO:0003677	WP_250121660.1
GO:0004803	WP_250121660.1
GO:0006313	WP_250121660.1
GO:0003677	WP_250126703.1
GO:0004803	WP_250126703.1
GO:0006313	WP_250126703.1
GO:0003677	WP_250126646.1
GO:0004803	WP_250126646.1
GO:0006313	WP_250126646.1
GO:0016747	WP_250124665.1
GO:0003824	WP_346016623.1
GO:0030151	WP_346016623.1
GO:0030170	WP_346016623.1
GO:0016787	WP_250125435.1
GO:0015979	WP_250125940.1
GO:0030089	WP_250125940.1
GO:0031676	WP_250125940.1
GO:0005622	WP_250124759.1
GO:0019954	WP_250124759.1
GO:0022413	WP_250124759.1
GO:0090529	WP_250124759.1
GO:0016020	WP_250122137.1
GO:0033013	WP_250122137.1
GO:0006631	WP_250126465.1
GO:0008610	WP_250126465.1
GO:0016780	WP_250126465.1
GO:0046872	WP_250126465.1
GO:0072330	WP_250126465.1
GO:0009538	WP_250125720.1
GO:0015979	WP_250125720.1
GO:0031676	WP_250125720.1
GO:0016747	WP_346016758.1
GO:0006488	WP_250124986.1
GO:0016758	WP_250124986.1
GO:0009055	WP_250121376.1
GO:0046872	WP_250121376.1
GO:0051537	WP_250121376.1
GO:0140647	WP_250121376.1
GO:0000976	WP_250123132.1
GO:0003700	WP_250123132.1
GO:0005737	WP_250123132.1
GO:0006351	WP_250123132.1
GO:0008270	WP_250123132.1
GO:0045892	WP_250123132.1
GO:1900376	WP_250123132.1
GO:0004493	WP_250124912.1
GO:0046491	WP_250124912.1
GO:0046872	WP_250124912.1
GO:0051213	WP_250124912.1
GO:0016747	WP_250124005.1
GO:0004190	WP_250123095.1
GO:0005886	WP_250123095.1
GO:0006508	WP_250123095.1
GO:0005509	WP_346016854.1
GO:0009654	WP_346016854.1
GO:0015979	WP_346016854.1
GO:0019898	WP_346016854.1
GO:0047617	WP_250126601.1
GO:0004519	WP_250122359.1
GO:0004540	WP_250122359.1
GO:0110001	WP_250122359.1
GO:0004525	WP_250125113.1
GO:0005737	WP_250125113.1
GO:0006364	WP_250125113.1
GO:0019843	WP_250125113.1
GO:0046872	WP_250123088.1
GO:0003677	WP_250126175.1
GO:0003677	WP_250124055.1
GO:0003700	WP_250124055.1
GO:0006351	WP_250124055.1
GO:0006950	WP_250124055.1
GO:0005575	WP_275983375.1
GO:0015979	WP_250121377.1
GO:0030089	WP_250121377.1
GO:0003824	WP_250121457.1
GO:0005622	WP_250121457.1
GO:0006400	WP_250121457.1
GO:0032559	WP_250121457.1
GO:0035639	WP_250121457.1
GO:0043169	WP_250121457.1
GO:0016020	WP_250122138.1
GO:0033013	WP_250122138.1
GO:0003674	WP_250125091.1
GO:0003676	WP_250125066.1
GO:0006310	WP_250125066.1
GO:0032196	WP_250125066.1
GO:0140097	WP_250125066.1
GO:0016787	WP_250121874.1
GO:0004577	WP_250122669.1
GO:0006488	WP_250122669.1
GO:0016787	WP_250121328.1
GO:0019062	WP_250122339.1
GO:0019867	WP_250122339.1
GO:0030312	WP_250122339.1
GO:0030313	WP_250122339.1
GO:0016740	WP_250122810.1
GO:0003677	WP_250123675.1
GO:0003723	WP_250123675.1
GO:0005829	WP_250123675.1
GO:0070929	WP_250123675.1
GO:0070930	WP_250123675.1
GO:0004577	WP_346016604.1
GO:0006488	WP_346016604.1
GO:0005886	WP_250121370.1
GO:0008381	WP_250121370.1
GO:0003729	WP_250125968.1
GO:0003735	WP_250125968.1
GO:0006412	WP_250125968.1
GO:0017148	WP_250125968.1
GO:0022625	WP_250125968.1
GO:0004550	WP_250124804.1
GO:0005524	WP_250124804.1
GO:0005737	WP_250124804.1
GO:0006183	WP_250124804.1
GO:0006228	WP_250124804.1
GO:0006241	WP_250124804.1
GO:0046872	WP_250124804.1
GO:0000028	WP_250121823.1
GO:0005829	WP_250121823.1
GO:0006412	WP_250121823.1
GO:0003677	WP_250125118.1
GO:0003700	WP_250125118.1
GO:0006351	WP_250125118.1
GO:0016846	WP_250126588.1
GO:0046872	WP_250126588.1
GO:0003677	WP_250126535.1
GO:0003700	WP_250126535.1
GO:0006351	WP_250126535.1
GO:0000160	WP_250121884.1
GO:0003676	WP_250126621.1
GO:0000049	WP_250121275.1
GO:0005737	WP_250121275.1
GO:0019478	WP_250121275.1
GO:0043908	WP_250121275.1
GO:0051500	WP_250121275.1
GO:0106026	WP_250121275.1
GO:0003855	WP_250126137.1
GO:0008652	WP_250126137.1
GO:0009073	WP_250126137.1
GO:0009423	WP_250126137.1
GO:0019631	WP_250126137.1
GO:0016037	WP_250121763.1
GO:0030089	WP_250121763.1
GO:0031404	WP_250121763.1
GO:0000166	WP_275983390.1
GO:0005829	WP_275983390.1
GO:0003676	WP_250126795.1
GO:0016787	WP_250121962.1
GO:0000049	WP_250121287.1
GO:0003735	WP_250121287.1
GO:0006412	WP_250121287.1
GO:0015935	WP_250121287.1
GO:0019843	WP_250121287.1
GO:0016020	WP_250123698.1
GO:0071944	WP_250123698.1
GO:0015035	WP_250123048.1
GO:0003677	WP_250122473.1
GO:0002100	WP_346016876.1
GO:0008270	WP_346016876.1
GO:0052717	WP_346016876.1
GO:0051213	WP_250122612.1
GO:0003677	WP_346016891.1
GO:0004803	WP_346016891.1
GO:0006313	WP_346016891.1
GO:0000160	WP_250123864.1
GO:0051920	WP_250122318.1
GO:0016020	WP_250121853.1
GO:0006313	WP_250123240.1
GO:0016747	WP_250123657.1
GO:0016846	WP_250126419.1
GO:0046872	WP_250126419.1
GO:0005737	WP_250121919.1
GO:0017148	WP_250121919.1
GO:0042256	WP_250121919.1
GO:0043023	WP_250121919.1
GO:0090071	WP_250121919.1
GO:0000287	WP_250124201.1
GO:0004540	WP_250124201.1
GO:0016787	WP_250124201.1
GO:0090729	WP_250124201.1
GO:0003700	WP_250124186.1
GO:0005829	WP_250124186.1
GO:0008835	WP_250121722.1
GO:0003700	WP_346016884.1
GO:0046677	WP_250126721.1
GO:0047663	WP_250126721.1
GO:0003700	WP_250126727.1
GO:0006950	WP_250126727.1
GO:0003700	WP_250122695.1
GO:0006950	WP_250122695.1
GO:0005737	WP_250125292.1
GO:0008379	WP_250125292.1
GO:0034599	WP_250125292.1
GO:0045454	WP_250125292.1
GO:0004518	WP_250125521.1
GO:0004462	WP_250125715.1
GO:0005737	WP_250125715.1
GO:0019243	WP_250125715.1
GO:0046872	WP_250125715.1
GO:0005886	WP_250122071.1
GO:0008381	WP_250122071.1
GO:0016020	WP_250124679.1
GO:0004322	WP_250125248.1
GO:0005829	WP_250125248.1
GO:0008199	WP_250125248.1
GO:0020037	WP_250125248.1
GO:0005886	WP_250121881.1
GO:0005344	WP_250126754.1
GO:0008941	WP_250126754.1
GO:0019825	WP_250126754.1
GO:0020037	WP_250126754.1
GO:0046210	WP_250126754.1
GO:0046872	WP_250126754.1
GO:0071500	WP_250126754.1
GO:0071949	WP_250126754.1
GO:0005344	WP_250121663.1
GO:0008941	WP_250121663.1
GO:0019825	WP_250121663.1
GO:0020037	WP_250121663.1
GO:0046210	WP_250121663.1
GO:0046872	WP_250121663.1
GO:0071500	WP_250121663.1
GO:0071949	WP_250121663.1
GO:0000976	WP_250122266.1
GO:0003700	WP_250122266.1
GO:0006351	WP_250122266.1
GO:0008270	WP_250122266.1
GO:0045892	WP_250122266.1
GO:1900376	WP_250122266.1
GO:0003676	WP_250121398.1
GO:0010467	WP_250121398.1
GO:0032774	WP_250121398.1
GO:0050896	WP_250121398.1
GO:0140110	WP_250121398.1
GO:0004601	WP_250122343.1
GO:0006979	WP_250122343.1
GO:0004462	WP_250122115.1
GO:0046872	WP_250122115.1
GO:0006139	WP_250126064.1
GO:0003677	WP_256478933.1
GO:0003700	WP_256478933.1
GO:0006351	WP_256478933.1
GO:0032993	WP_256478933.1
GO:0050896	WP_250124271.1
GO:0140110	WP_250124271.1
GO:0003677	WP_250122074.1
GO:0008824	WP_250122074.1
GO:0009440	WP_250122074.1
GO:0015979	WP_250122475.1
GO:0031676	WP_250122475.1
GO:0005737	WP_250125480.1
GO:0006979	WP_250125480.1
GO:0008270	WP_250125480.1
GO:0030091	WP_250125480.1
GO:0033743	WP_250125480.1
GO:0005737	WP_250122595.1
GO:0005886	WP_250121840.1
GO:0003676	WP_250126626.1
GO:0004803	WP_250121795.1
GO:0006313	WP_250121795.1
GO:0043565	WP_250121795.1
GO:0003824	WP_256478656.1
GO:0004475	WP_250125065.1
GO:0005976	WP_250125065.1
GO:0009298	WP_250125065.1
GO:0016853	WP_250125065.1
GO:0005737	WP_346016793.1
GO:0006457	WP_346016793.1
GO:0016151	WP_346016793.1
GO:0019627	WP_346016793.1
GO:0051082	WP_346016793.1
GO:0065003	WP_346016793.1
GO:0004364	WP_250124774.1
GO:0016020	WP_250124774.1
GO:0004475	WP_250121284.1
GO:0005976	WP_250121284.1
GO:0009298	WP_250121284.1
GO:0016853	WP_250121284.1
GO:0000160	WP_250124391.1
GO:0003677	WP_250123183.1
GO:0006355	WP_250123183.1
GO:0003677	WP_250126537.1
GO:0003700	WP_250126537.1
GO:0006351	WP_250126537.1
GO:0006826	WP_250122163.1
GO:0030288	WP_250122163.1
GO:0046872	WP_250122163.1
GO:0004856	WP_250124569.1
GO:0005524	WP_250124569.1
GO:0005998	WP_250124569.1
GO:0042732	WP_250124569.1
GO:0009306	WP_275983376.1
GO:0032991	WP_275983376.1
GO:0098776	WP_275983376.1
GO:0110165	WP_275983376.1
GO:0004462	WP_250121515.1
GO:0016740	WP_250121515.1
GO:0046872	WP_250121515.1
GO:0009654	WP_346016849.1
GO:0015979	WP_346016849.1
GO:0019898	WP_346016849.1
GO:0031676	WP_346016849.1
GO:0042549	WP_346016849.1
GO:0016747	WP_250126112.1
GO:0015979	WP_250121374.1
GO:0030075	WP_250121374.1
GO:0030089	WP_250121374.1
GO:0042717	WP_250121374.1
GO:0098590	WP_250121374.1
GO:0000160	WP_250122795.1
GO:0003676	WP_250124980.1
GO:0009408	WP_250126071.1
GO:0005886	WP_250121635.1
GO:0003677	WP_250122078.1
GO:0003700	WP_250122078.1
GO:0005829	WP_250122078.1
GO:0009579	WP_250124346.1
GO:0016020	WP_250124346.1
GO:0003677	WP_256478934.1
GO:0003700	WP_256478934.1
GO:0006351	WP_256478934.1
GO:0032993	WP_256478934.1
GO:0005507	WP_346016749.1
GO:0009055	WP_346016749.1
GO:0031676	WP_346016749.1
GO:0016853	WP_250122736.1
GO:0000160	WP_346016824.1
GO:0003676	WP_346016902.1
GO:0006259	WP_346016902.1
GO:0004106	WP_346016833.1
GO:0008652	WP_346016833.1
GO:0009073	WP_346016833.1
GO:0046417	WP_346016833.1
GO:0016020	WP_346016618.1
GO:0000049	WP_250125986.1
GO:0003735	WP_250125986.1
GO:0006412	WP_250125986.1
GO:0019843	WP_250125986.1
GO:0022625	WP_250125986.1
GO:0003824	WP_250125083.1
GO:0003723	WP_250125967.1
GO:0003735	WP_250125967.1
GO:0006412	WP_250125967.1
GO:0022627	WP_250125967.1
GO:0003677	WP_250124162.1
GO:0006351	WP_250124162.1
GO:0045892	WP_250124162.1
GO:0016020	WP_346016706.1
GO:0030638	WP_250124907.1
GO:0042372	WP_250125790.1
GO:0047617	WP_250125790.1
GO:0061522	WP_250125790.1
GO:0003677	WP_250126191.1
GO:0003700	WP_250126191.1
GO:0006351	WP_250126191.1
GO:0000976	WP_250121930.1
GO:0001217	WP_250121930.1
GO:0032993	WP_250121930.1
GO:0000910	WP_250123172.1
GO:0016747	WP_250125382.1
GO:0005886	WP_250124595.1
GO:0005840	WP_250123534.1
GO:0000160	WP_250124393.1
GO:0000976	WP_250124519.1
GO:0003700	WP_250124519.1
GO:0006351	WP_250124519.1
GO:0008270	WP_250124519.1
GO:0045892	WP_250124519.1
GO:1900376	WP_250124519.1
GO:0008033	WP_250125098.1
GO:0046872	WP_250125098.1
GO:0000160	WP_346016743.1
GO:0003756	WP_250124109.1
GO:0005829	WP_250124109.1
GO:0015035	WP_250124109.1
GO:0045454	WP_250124109.1
GO:0008150	WP_250122267.1
GO:0003677	WP_250126547.1
GO:0003700	WP_250126547.1
GO:0006351	WP_250126547.1
GO:0003735	WP_250121540.1
GO:0005840	WP_250121540.1
GO:0006412	WP_250121540.1
GO:0019843	WP_250121540.1
GO:1990904	WP_250121540.1
GO:0003677	WP_250122702.1
GO:0004803	WP_250122702.1
GO:0006313	WP_250122702.1
GO:0016747	WP_250124845.1
GO:0003677	WP_250123238.1
GO:0004803	WP_250123238.1
GO:0006313	WP_250123238.1
GO:0005886	WP_346016759.1
GO:0016491	WP_346016759.1
GO:0003735	WP_250125427.1
GO:0006412	WP_250125427.1
GO:0022625	WP_250125427.1
GO:0070180	WP_250125427.1
GO:0006367	WP_250125653.1
GO:0005886	WP_346016653.1
GO:0006508	WP_346016653.1
GO:0008233	WP_346016653.1
GO:0004143	WP_250123384.1
GO:0005524	WP_250123384.1
GO:0005886	WP_250123384.1
GO:0008654	WP_250123384.1
GO:0046872	WP_250123384.1
GO:0008270	WP_250125310.1
GO:0016151	WP_250125310.1
GO:0051604	WP_250125310.1
GO:0003677	WP_250125476.1
GO:0009583	WP_250121924.1
GO:0010468	WP_250121924.1
GO:0016020	WP_250121924.1
GO:0016779	WP_250121924.1
GO:0038023	WP_250121924.1
GO:0043708	WP_250121924.1
GO:0071944	WP_250121924.1
GO:0090609	WP_250121924.1
GO:1902021	WP_250121924.1
GO:2000146	WP_250121924.1
GO:2001141	WP_250121924.1
GO:0005829	WP_250126759.1
GO:0019239	WP_250126759.1
GO:0004519	WP_250122026.1
GO:0004540	WP_250122026.1
GO:0006401	WP_250122026.1
GO:0016072	WP_250122026.1
GO:0016730	WP_250122288.1
GO:0046872	WP_250122288.1
GO:0051539	WP_250122288.1
GO:0103012	WP_250122288.1
GO:0046872	WP_346016666.1
GO:0003677	WP_346016899.1
GO:0004803	WP_346016899.1
GO:0006313	WP_346016899.1
GO:0016853	WP_346016825.1
GO:0003676	WP_250126841.1
GO:0008324	WP_250125164.1
GO:0110165	WP_250125164.1
GO:0016020	WP_250124727.1
GO:0005829	WP_250123178.1
GO:0030490	WP_250123178.1
GO:0043024	WP_250123178.1
GO:0004190	WP_346016767.1
GO:0006508	WP_346016767.1
GO:0015689	WP_250122861.1
GO:0000049	WP_250123139.1
GO:0001682	WP_250123139.1
GO:0004526	WP_250123139.1
GO:0030677	WP_250123139.1
GO:0042781	WP_250123139.1
GO:0004493	WP_250121161.1
GO:0046491	WP_250121161.1
GO:0046872	WP_250121161.1
GO:0051213	WP_250121161.1
GO:0003677	WP_250126701.1
GO:0004803	WP_250126701.1
GO:0006313	WP_250126701.1
GO:0005737	WP_250123778.1
GO:0015977	WP_250123778.1
GO:0015979	WP_250123778.1
GO:0031470	WP_250123778.1
GO:0044183	WP_250123778.1
GO:0110102	WP_250123778.1
GO:0003677	WP_250123317.1
GO:0045892	WP_250123317.1
GO:0046872	WP_250123317.1
GO:0003677	WP_250126151.1
GO:0006310	WP_250126151.1
GO:0032196	WP_250126151.1
GO:0000156	WP_250124174.1
GO:0000976	WP_250124174.1
GO:0005829	WP_250124174.1
GO:0006351	WP_250124174.1
GO:0006355	WP_250124174.1
GO:0008984	WP_250124174.1
GO:0032993	WP_250124174.1
GO:0008794	WP_250122422.1
GO:0046685	WP_250122422.1
GO:0000160	WP_250126099.1
GO:0003677	WP_250126301.1
GO:0004803	WP_250126301.1
GO:0006313	WP_250126301.1
GO:0004497	WP_250121997.1
GO:0016705	WP_250121997.1
GO:0046872	WP_250121997.1
GO:0051537	WP_250121997.1
GO:0003677	WP_250121357.1
GO:0003700	WP_250121357.1
GO:0006351	WP_250121357.1
GO:0005829	WP_250126685.1
GO:0019239	WP_250126685.1
GO:0043232	WP_250122428.1
GO:0000160	WP_250122378.1
GO:0003735	WP_250125981.1
GO:0005737	WP_250125981.1
GO:0005840	WP_250125981.1
GO:0006412	WP_250125981.1
GO:0019843	WP_250125981.1
GO:1990904	WP_250125981.1
GO:0008757	WP_250125050.1
GO:0032259	WP_250125050.1
GO:0005615	WP_250122202.1
GO:0005524	WP_250121195.1
GO:0012505	WP_250121195.1
GO:0031676	WP_250121195.1
GO:0045259	WP_250121195.1
GO:0046933	WP_250121195.1
GO:0009055	WP_250125522.1
GO:0022900	WP_250125522.1
GO:0046872	WP_250125522.1
GO:0051537	WP_250125522.1
GO:0003677	WP_346016858.1
GO:0003700	WP_346016858.1
GO:0006351	WP_346016858.1
GO:0000160	WP_250123129.1
GO:0005737	WP_346016692.1
GO:0008616	WP_346016692.1
GO:0033739	WP_346016692.1
GO:0003677	WP_250123157.1
GO:0006351	WP_250123157.1
GO:0003735	WP_250125977.1
GO:0006412	WP_250125977.1
GO:0019843	WP_250125977.1
GO:0022625	WP_250125977.1
GO:0012505	WP_346016730.1
GO:0031676	WP_346016730.1
GO:0045259	WP_346016730.1
GO:0046933	WP_346016730.1
GO:0005829	WP_250125194.1
GO:0005960	WP_250125194.1
GO:0009249	WP_250125194.1
GO:0019464	WP_250125194.1
GO:0016491	WP_250121462.1
GO:0016787	WP_250122790.1
GO:0019538	WP_250122790.1
GO:0140096	WP_250122790.1
GO:0003677	WP_250122757.1
GO:0006351	WP_250122757.1
GO:0006355	WP_250122757.1
GO:0000976	WP_250124187.1
GO:0001217	WP_250124187.1
GO:0032993	WP_250124187.1
GO:0004462	WP_250123061.1
GO:0046872	WP_250123061.1
GO:0051213	WP_250123061.1
GO:0003735	WP_250125972.1
GO:0005840	WP_250125972.1
GO:0006412	WP_250125972.1
GO:0019843	WP_250125972.1
GO:1990904	WP_250125972.1
GO:0016853	WP_250122995.1
GO:0000160	WP_250122493.1
GO:0003677	WP_250123872.1
GO:0005829	WP_346016539.1
GO:0019239	WP_346016539.1
GO:0016740	WP_250124707.1
GO:0003697	WP_250122517.1
GO:0006260	WP_250122517.1
GO:0009295	WP_250122517.1
GO:0004150	WP_250125443.1
GO:0005737	WP_250125443.1
GO:0046654	WP_250125443.1
GO:0046656	WP_250125443.1
GO:0001046	WP_250124952.1
GO:0006355	WP_250124952.1
GO:0005615	WP_346016806.1
GO:0003824	WP_250126659.1
GO:0003729	WP_250125769.1
GO:0004674	WP_250121384.1
GO:0005524	WP_250121384.1
GO:0000049	WP_250121286.1
GO:0003735	WP_250121286.1
GO:0006412	WP_250121286.1
GO:0015935	WP_250121286.1
GO:0019843	WP_250121286.1
GO:0009523	WP_250125681.1
GO:0010206	WP_250125681.1
GO:0010207	WP_250125681.1
GO:0031676	WP_250125681.1
GO:0031977	WP_250125681.1
GO:0008800	WP_250124884.1
GO:0030655	WP_250124884.1
GO:0046677	WP_250124884.1
GO:0003677	WP_250123512.1
GO:0006351	WP_250123512.1
GO:0000105	WP_250126504.1
GO:0000287	WP_250126504.1
GO:0004635	WP_250126504.1
GO:0004636	WP_250126504.1
GO:0005737	WP_250126504.1
GO:0008270	WP_250126504.1
GO:0005344	WP_250126381.1
GO:0019825	WP_250126381.1
GO:0020037	WP_250126381.1
GO:0046872	WP_250126381.1
GO:0009055	WP_250124321.1
GO:0020037	WP_250124321.1
GO:0046872	WP_250124321.1
GO:0003677	WP_250121383.1
GO:0003700	WP_250121383.1
GO:0006351	WP_250121383.1
GO:0000160	WP_250123044.1
GO:0016226	WP_250123419.1
GO:0030674	WP_250123419.1
GO:0051537	WP_250123419.1
GO:0004068	WP_250122853.1
GO:0005829	WP_250122853.1
GO:0006523	WP_250122853.1
GO:0015940	WP_250122853.1
GO:0003677	WP_250121211.1
GO:0003700	WP_250121211.1
GO:0006351	WP_250121211.1
GO:0003677	WP_250122234.1
GO:0003700	WP_250122234.1
GO:0006351	WP_250122234.1
GO:0003677	WP_346016896.1
GO:0006310	WP_346016896.1
GO:0015074	WP_346016896.1
GO:0003735	WP_250125983.1
GO:0006412	WP_250125983.1
GO:0022625	WP_250125983.1
GO:0070180	WP_250125983.1
GO:0005886	WP_250124169.1
GO:0015031	WP_250124169.1
GO:0022857	WP_250124169.1
GO:0003677	WP_250124235.1
GO:0004803	WP_250124235.1
GO:0006313	WP_250124235.1
GO:0004167	WP_250125799.1
GO:0005125	WP_250125799.1
GO:0005615	WP_250125799.1
GO:0050178	WP_250125799.1
GO:0004497	WP_250122685.1
GO:0000049	WP_250125973.1
GO:0003735	WP_250125973.1
GO:0005829	WP_250125973.1
GO:0006412	WP_250125973.1
GO:0015935	WP_250125973.1
GO:0019843	WP_250125973.1
GO:0003824	WP_250124508.1
GO:0004518	WP_250124192.1
GO:0016787	WP_250124192.1
GO:0046872	WP_250124192.1
GO:0003824	WP_346016885.1
GO:0003824	WP_250126477.1
GO:0006313	WP_250126553.1
GO:0000160	WP_250125157.1
GO:0008152	WP_250126147.1
GO:0009522	WP_250126147.1
GO:0030075	WP_250126147.1
GO:0042651	WP_250126147.1
GO:0042717	WP_250126147.1
GO:0098590	WP_250126147.1
GO:0006729	WP_250125535.1
GO:0008124	WP_250125535.1
GO:0000160	WP_250124070.1
GO:0003735	WP_250125988.1
GO:0006412	WP_250125988.1
GO:0019843	WP_250125988.1
GO:0022625	WP_250125988.1
GO:0016655	WP_275983357.1
GO:0031676	WP_275983357.1
GO:0048038	WP_275983357.1
GO:0012505	WP_250123531.1
GO:0003677	WP_250125548.1
GO:0004521	WP_250125548.1
GO:0006402	WP_250125548.1
GO:0016075	WP_250125548.1
GO:0016787	WP_250125548.1
GO:0008137	WP_250122885.1
GO:0019684	WP_250122885.1
GO:0030964	WP_250122885.1
GO:0031676	WP_250122885.1
GO:0048038	WP_250122885.1
GO:0009055	WP_250121379.1
GO:0022900	WP_250121379.1
GO:0046872	WP_250121379.1
GO:0051537	WP_250121379.1
GO:0005506	WP_250122886.1
GO:0009055	WP_250122886.1
GO:0043448	WP_250122886.1
GO:0016740	WP_250126503.1
GO:0031470	WP_250126503.1
GO:0043886	WP_250126503.1
GO:0006259	WP_250126046.1
GO:0001731	WP_250122109.1
GO:0002188	WP_250122109.1
GO:0003729	WP_250122109.1
GO:0003743	WP_250122109.1
GO:0006417	WP_250122109.1
GO:0003735	WP_250125430.1
GO:0006412	WP_250125430.1
GO:0022625	WP_250125430.1
GO:0009853	WP_250123777.1
GO:0016984	WP_250123777.1
GO:0019253	WP_250123777.1
GO:0031470	WP_250123777.1
GO:0005506	WP_250121285.1
GO:0016226	WP_250121285.1
GO:0051537	WP_250121285.1
GO:0051539	WP_250121285.1
GO:0046872	WP_250123257.1
GO:0051539	WP_250123257.1
GO:0000160	WP_250123114.1
GO:0005886	WP_250123020.1
GO:0022857	WP_250123020.1
GO:0003677	WP_250123413.1
GO:0007623	WP_250123413.1
GO:0005524	WP_250121470.1
GO:0016779	WP_250121470.1
GO:0046872	WP_250121470.1
GO:0016020	WP_250125469.1
GO:0009654	WP_346016753.1
GO:0015979	WP_346016753.1
GO:0031676	WP_346016753.1
GO:0005886	WP_250121762.1
GO:0003700	WP_250124917.1
GO:0006351	WP_250124917.1
GO:0043565	WP_250124917.1
GO:0005886	WP_346016552.1
GO:0005737	WP_250123717.1
GO:0015038	WP_250123717.1
GO:0034599	WP_250123717.1
GO:0045454	WP_250123717.1
GO:0009279	WP_250122500.1
GO:0046813	WP_250122500.1
GO:0005524	WP_250124972.1
GO:0016779	WP_250124972.1
GO:0046872	WP_250124972.1
GO:0003700	WP_250126423.1
GO:0016740	WP_250126344.1
GO:0006310	WP_250126647.1
GO:0032196	WP_250126647.1
GO:0003735	WP_250125970.1
GO:0006412	WP_250125970.1
GO:0022625	WP_250125970.1
GO:0003677	WP_250124190.1
GO:0003700	WP_250124686.1
GO:0003700	WP_250126679.1
GO:0006351	WP_250126679.1
GO:0043565	WP_250126679.1
GO:0006313	WP_250126800.1
GO:0005886	WP_250124333.1
GO:0003735	WP_250125979.1
GO:0006412	WP_250125979.1
GO:0008097	WP_250125979.1
GO:0022625	WP_250125979.1
GO:0006313	WP_250126414.1
GO:0043856	WP_250122950.1
GO:0004519	WP_250126274.1
GO:0003700	WP_250126725.1
GO:0005829	WP_250122602.1
GO:0015035	WP_250122602.1
GO:0045454	WP_250122602.1
GO:0003700	WP_250125869.1
GO:0004519	WP_250122467.1
GO:0006401	WP_250122467.1
GO:0016787	WP_250122467.1
GO:0045892	WP_250122467.1
GO:0003677	WP_250122420.1
GO:0003700	WP_250122420.1
GO:0006351	WP_250122420.1
GO:0005737	WP_250123286.1
GO:0015035	WP_250123286.1
GO:0009039	WP_250124617.1
GO:0035550	WP_250124617.1
GO:0043419	WP_250124617.1
GO:0005488	WP_250123573.1
GO:0000049	WP_250122119.1
GO:0003677	WP_250126563.1
GO:0004803	WP_250126563.1
GO:0006313	WP_250126563.1
GO:0005507	WP_250121951.1
GO:0010038	WP_250121951.1
GO:0008643	WP_250124699.1
GO:0015288	WP_250124699.1
GO:0016020	WP_250124699.1
GO:0005506	WP_250121567.1
GO:0009055	WP_250121567.1
GO:0020037	WP_250121567.1
GO:0031979	WP_250121567.1
GO:0000166	WP_250124971.1
GO:0004540	WP_250124971.1
GO:0016787	WP_250124971.1
GO:0110001	WP_250124971.1
GO:0006355	WP_250124416.1
GO:0015036	WP_250123712.1
GO:0046872	WP_250123712.1
GO:0051537	WP_250123712.1
GO:0006313	WP_250122937.1
GO:0000027	WP_250122606.1
GO:0003735	WP_250122606.1
GO:0005840	WP_250122606.1
GO:0006412	WP_250122606.1
GO:0019843	WP_250122606.1
GO:1990904	WP_250122606.1
GO:0005488	WP_250123223.1
GO:0009055	WP_250123121.1
GO:0022900	WP_250123121.1
GO:0046872	WP_250123121.1
GO:0051537	WP_250123121.1
GO:0005829	WP_250126087.1
GO:0015035	WP_250126087.1
GO:0045454	WP_250126087.1
GO:0000155	WP_250122713.1
GO:0009267	WP_250122713.1
GO:0016020	WP_250122713.1
GO:0016791	WP_250122713.1
GO:0071944	WP_250122713.1
GO:0005737	WP_250122233.1
GO:0015035	WP_250122233.1
GO:0006313	WP_250126562.1
GO:0006313	WP_250126807.1
GO:0006310	WP_250121467.1
GO:0032196	WP_250121467.1
GO:0008168	WP_250126443.1
GO:0032259	WP_250126443.1
GO:0003676	WP_250126689.1
GO:0043856	WP_250122162.1
GO:0015977	WP_250123085.1
GO:0015979	WP_250123085.1
GO:0031470	WP_250123085.1
GO:0043886	WP_250123085.1
GO:0004493	WP_250126404.1
GO:0046491	WP_250126404.1
GO:0046872	WP_250126404.1
GO:0051213	WP_250126404.1
GO:0003677	WP_250123672.1
GO:0005829	WP_250123672.1
GO:0043590	WP_250123672.1
GO:0043856	WP_250125112.1
GO:0015977	WP_073591590.1
GO:0015979	WP_073591590.1
GO:0031470	WP_073591590.1
GO:0042802	WP_073591590.1
GO:0043886	WP_073591590.1
GO:0004497	WP_346016715.1
GO:0003677	WP_250126706.1
GO:0004803	WP_250126706.1
GO:0006313	WP_250126706.1
GO:0003735	WP_250122951.1
GO:0005737	WP_250122951.1
GO:0005840	WP_250122951.1
GO:0006412	WP_250122951.1
GO:0070181	WP_250122951.1
GO:1990904	WP_250122951.1
GO:0009030	WP_250125810.1
GO:0009228	WP_250125810.1
GO:0005524	WP_009632395.1
GO:0005829	WP_009632395.1
GO:0006351	WP_009632395.1
GO:0006808	WP_009632395.1
GO:0030234	WP_009632395.1
GO:0030089	WP_250125848.1
GO:0031676	WP_250125848.1
GO:0016491	WP_250124741.1
GO:0016829	WP_250124741.1
GO:0030089	WP_250124741.1
GO:0003677	WP_250124161.1
GO:0006508	WP_275983372.1
GO:0008233	WP_275983372.1
GO:0030163	WP_275983372.1
GO:0000049	WP_250121290.1
GO:0003735	WP_250121290.1
GO:0005840	WP_250121290.1
GO:0006412	WP_250121290.1
GO:1990904	WP_250121290.1
GO:0006808	WP_250125353.1
GO:0030234	WP_250125353.1
GO:0003723	WP_250124953.1
GO:0004519	WP_250124953.1
GO:0110001	WP_250124953.1
GO:0003677	WP_250126559.1
GO:0004803	WP_250126559.1
GO:0006313	WP_250126559.1
GO:0004106	WP_250123951.1
GO:0009697	WP_250123951.1
GO:0016835	WP_250123951.1
GO:0046417	WP_250123951.1
GO:0003677	WP_275983396.1
GO:0009055	WP_250124258.1
GO:0022900	WP_250124258.1
GO:0046872	WP_250124258.1
GO:0051537	WP_250124258.1
GO:0005886	WP_250121839.1
GO:0004497	WP_250126827.1
GO:0005506	WP_250126827.1
GO:0016705	WP_250126827.1
GO:0020037	WP_250126827.1
GO:0008643	WP_256478911.1
GO:0015288	WP_256478911.1
GO:0016020	WP_256478911.1
GO:0003735	WP_250121194.1
GO:0005840	WP_250121194.1
GO:0006412	WP_250121194.1
GO:1990904	WP_250121194.1
GO:0009055	WP_250124385.1
GO:0046872	WP_250124385.1
GO:0051537	WP_250124385.1
GO:0140647	WP_250124385.1
GO:0005506	WP_250124156.1
GO:0009055	WP_250124156.1
GO:0015979	WP_250124156.1
GO:0020037	WP_250124156.1
GO:0031979	WP_250124156.1
GO:0003723	WP_250124420.1
GO:0003735	WP_346016620.1
GO:0005840	WP_346016620.1
GO:0006412	WP_346016620.1
GO:0019843	WP_346016620.1
GO:1990904	WP_346016620.1
GO:0009055	WP_250125412.1
GO:0022900	WP_250125412.1
GO:0046872	WP_250125412.1
GO:0051537	WP_250125412.1
GO:0003735	WP_250125991.1
GO:0005840	WP_250125991.1
GO:0006412	WP_250125991.1
GO:0019843	WP_250125991.1
GO:1990904	WP_250125991.1
GO:0043169	WP_346016803.1
GO:0003677	WP_250126469.1
GO:0004803	WP_250126469.1
GO:0006313	WP_250126469.1
GO:0004252	WP_346016901.1
GO:0016020	WP_346016901.1
GO:0016485	WP_346016901.1
GO:0007623	WP_346016868.1
GO:0042802	WP_346016868.1
GO:0003998	WP_250121171.1
GO:0003677	WP_250124350.1
GO:0003700	WP_250124350.1
GO:0006351	WP_250124350.1
GO:0010027	WP_250123901.1
GO:0016491	WP_250121397.1
GO:0003723	WP_250122016.1
GO:0140110	WP_250121744.1
GO:0006313	WP_250124843.1
GO:0005737	WP_250124616.1
GO:0009039	WP_250124616.1
GO:0016151	WP_250124616.1
GO:0043419	WP_250124616.1
GO:0003735	WP_250125553.1
GO:0006412	WP_250125553.1
GO:0022625	WP_250125553.1
GO:0003676	WP_250126658.1
GO:0006808	WP_250125583.1
GO:0030234	WP_250125583.1
GO:0003723	WP_250122275.1
GO:0006310	WP_250124852.1
GO:0032196	WP_250124852.1
GO:0005524	WP_250124782.1
GO:0005737	WP_250124782.1
GO:0044183	WP_250124782.1
GO:0046872	WP_250124782.1
GO:0051082	WP_250124782.1
GO:0051087	WP_250124782.1
GO:0003677	WP_250126661.1
GO:0003729	WP_250125424.1
GO:0003735	WP_250125424.1
GO:0006412	WP_250125424.1
GO:0022625	WP_250125424.1
GO:0012505	WP_250125932.1
GO:0031676	WP_250125932.1
GO:0045259	WP_250125932.1
GO:0046933	WP_250125932.1
GO:0046961	WP_250125932.1
GO:0003723	WP_250125615.1
GO:0003723	WP_250124105.1
GO:0003735	WP_250121552.1
GO:0005737	WP_250121552.1
GO:0006412	WP_250121552.1
GO:0015935	WP_250121552.1
GO:0019843	WP_250121552.1
GO:0015977	WP_250124424.1
GO:0015979	WP_250124424.1
GO:0031470	WP_250124424.1
GO:0043886	WP_250124424.1
GO:0005975	WP_250123333.1
GO:0031177	WP_250121611.1
GO:0003677	WP_250126152.1
GO:0006310	WP_250126152.1
GO:0032196	WP_250126152.1
GO:0016746	WP_346016805.1
GO:0008115	WP_250124832.1
GO:0046653	WP_250124832.1
GO:0050099	WP_250124832.1
GO:0015977	WP_250124425.1
GO:0015979	WP_250124425.1
GO:0031470	WP_250124425.1
GO:0043886	WP_250124425.1
GO:0005737	WP_250123213.1
GO:0015038	WP_250123213.1
GO:0034599	WP_250123213.1
GO:0045454	WP_250123213.1
GO:0003677	WP_250122286.1
GO:0006310	WP_250122286.1
GO:0032196	WP_250122286.1
GO:0046872	WP_250122286.1
GO:0031470	WP_250126502.1
GO:0043886	WP_250126502.1
GO:0015977	WP_250123086.1
GO:0015979	WP_250123086.1
GO:0031470	WP_250123086.1
GO:0043886	WP_250123086.1
GO:0010468	WP_250124928.1
GO:2001141	WP_250124928.1
GO:0004521	WP_250122802.1
GO:0016787	WP_250122802.1
GO:0043571	WP_250122802.1
GO:0046872	WP_250122802.1
GO:0051607	WP_250122802.1
GO:0003677	WP_346016528.1
GO:0004803	WP_346016528.1
GO:0006313	WP_346016528.1
GO:0003676	WP_346016711.1
GO:0004519	WP_346016711.1
GO:0008270	WP_346016711.1
GO:0006808	WP_250124183.1
GO:0030234	WP_250124183.1
GO:0003676	WP_250126840.1
GO:0003676	WP_250124963.1
GO:0003676	WP_250125342.1
GO:0003677	WP_250126145.1
GO:0006351	WP_250126145.1
GO:0006355	WP_250126145.1
GO:0016787	WP_250121661.1
GO:0046872	WP_250121661.1
GO:0003677	WP_250121434.1
GO:0004803	WP_250121434.1
GO:0006313	WP_250121434.1
GO:0006508	WP_250122160.1
GO:0008233	WP_250122160.1
GO:0030163	WP_250122160.1
GO:0016020	WP_250125163.1
GO:0046873	WP_250125163.1
GO:0006313	WP_346016892.1
GO:0003824	WP_256478615.1
GO:0008202	WP_256478615.1
GO:0032787	WP_256478615.1
GO:0003723	WP_250124755.1
GO:0016020	WP_250124799.1
GO:0004252	WP_250121360.1
GO:0006508	WP_250121360.1
GO:0007165	WP_250121360.1
GO:0030288	WP_250121360.1
GO:0031979	WP_250121360.1
GO:0032955	WP_250123755.1
GO:0051301	WP_250123755.1
GO:0005886	WP_250122014.1
GO:0006974	WP_250122014.1
GO:0003677	WP_346016770.1
GO:0004803	WP_346016770.1
GO:0006313	WP_346016770.1
GO:0006313	WP_250126813.1
GO:0000028	WP_250125989.1
GO:0003735	WP_250125989.1
GO:0005737	WP_250125989.1
GO:0006412	WP_250125989.1
GO:0015935	WP_250125989.1
GO:0019843	WP_250125989.1
GO:0009522	WP_346016787.1
GO:0015979	WP_346016787.1
GO:0042651	WP_346016787.1
GO:0005524	WP_250122471.1
GO:0016779	WP_250122471.1
GO:0046872	WP_250122471.1
GO:0003674	WP_250126471.1
GO:0008150	WP_250124854.1
GO:0003700	WP_250126261.1
GO:0006351	WP_250126261.1
GO:0043565	WP_250126261.1
GO:0003735	WP_250123321.1
GO:0005829	WP_250123321.1
GO:0006412	WP_250123321.1
GO:0015935	WP_250123321.1
GO:0070181	WP_250123321.1
GO:0016655	WP_250125141.1
GO:0019684	WP_250125141.1
GO:0030964	WP_250125141.1
GO:0031676	WP_250125141.1
GO:0042773	WP_250125141.1
GO:0048038	WP_250125141.1
GO:0004642	WP_346016652.1
GO:0005524	WP_346016652.1
GO:0005737	WP_346016652.1
GO:0006189	WP_346016652.1
GO:0015297	WP_250121835.1
GO:0005524	WP_250122464.1
GO:0006412	WP_250122464.1
GO:0006450	WP_250122464.1
GO:0016740	WP_250122464.1
GO:0050566	WP_250122464.1
GO:0050567	WP_250122464.1
GO:0070681	WP_250122464.1
GO:0003677	WP_250121974.1
GO:0030288	WP_250126444.1
GO:1901678	WP_250126444.1
GO:0003677	WP_250126362.1
GO:0012505	WP_250125232.1
GO:0015245	WP_250124611.1
GO:0016020	WP_250124611.1
GO:0004020	WP_250122553.1
GO:0004781	WP_250122553.1
GO:0005524	WP_250122553.1
GO:0005737	WP_250122553.1
GO:0010134	WP_250122553.1
GO:0019379	WP_250122553.1
GO:0070814	WP_250122553.1
GO:0005886	WP_250123143.1
GO:0006740	WP_250123143.1
GO:0008750	WP_250123143.1
GO:0050661	WP_250123143.1
GO:0003735	WP_250125966.1
GO:0005840	WP_250125966.1
GO:0006412	WP_250125966.1
GO:0019843	WP_250125966.1
GO:1990904	WP_250125966.1
GO:0005506	WP_250122888.1
GO:0009055	WP_250122888.1
GO:0009539	WP_250122888.1
GO:0009767	WP_250122888.1
GO:0020037	WP_250122888.1
GO:0031676	WP_250122888.1
GO:0003824	WP_250123446.1
GO:0010468	WP_250126264.1
GO:2001141	WP_250126264.1
GO:0015079	WP_250123908.1
GO:0015662	WP_250123908.1
GO:0016020	WP_250123908.1
GO:0019829	WP_250123908.1
GO:0071944	WP_250123908.1
GO:0004519	WP_250121491.1
GO:0006401	WP_250121491.1
GO:0016787	WP_250121491.1
GO:0045892	WP_250121491.1
GO:0003677	WP_250122253.1
GO:0005829	WP_250122253.1
GO:0030261	WP_250122253.1
GO:0030527	WP_250122253.1
GO:0006313	WP_250126708.1
GO:0003677	WP_250121925.1
GO:0004803	WP_250121925.1
GO:0006313	WP_250121925.1
GO:0003729	WP_250122822.1
GO:0004519	WP_250122822.1
GO:0016787	WP_250122822.1
GO:0000166	WP_250122363.1
GO:0006777	WP_250122363.1
GO:1990133	WP_250122363.1
GO:0005524	WP_250125414.1
GO:0005737	WP_250125414.1
GO:0032542	WP_250125414.1
GO:0034599	WP_250125414.1
GO:0003677	WP_250126273.1
GO:0005829	WP_250126273.1
GO:0006270	WP_250126273.1
GO:0010467	WP_250126273.1
GO:0030261	WP_250126273.1
GO:0030527	WP_250126273.1
GO:0042802	WP_250126273.1
GO:1990103	WP_250126273.1
GO:1990178	WP_250126273.1
GO:0003677	WP_250126649.1
GO:0005829	WP_250126649.1
GO:0006270	WP_250126649.1
GO:0010467	WP_250126649.1
GO:0030261	WP_250126649.1
GO:0030527	WP_250126649.1
GO:0042802	WP_250126649.1
GO:1990103	WP_250126649.1
GO:1990178	WP_250126649.1
GO:0009055	WP_250125485.1
GO:0046872	WP_250125485.1
GO:0051539	WP_250125485.1
GO:0003700	WP_256478965.1
GO:0006351	WP_256478965.1
GO:0043565	WP_256478965.1
GO:0006355	WP_250123792.1
GO:0005886	WP_250122619.1
GO:0016020	WP_250125466.1
GO:0003677	WP_250125582.1
GO:0006355	WP_250125582.1
GO:0008152	WP_250125847.1
GO:0030075	WP_250125847.1
GO:0030076	WP_250125847.1
GO:0042651	WP_250125847.1
GO:0042717	WP_250125847.1
GO:0098590	WP_250125847.1
GO:0098796	WP_250125847.1
GO:0005886	WP_250121521.1
GO:0051536	WP_346016786.1
GO:0016747	WP_250125724.1
GO:0006355	WP_250122836.1
GO:0003677	WP_250125753.1
GO:0003677	WP_250122219.1
GO:0005829	WP_250121489.1
GO:0006308	WP_250121489.1
GO:0008855	WP_250121489.1
GO:0009318	WP_250121489.1
GO:0003700	WP_250125776.1
GO:0006351	WP_250125776.1
GO:0043565	WP_250125776.1
GO:0003735	WP_250124981.1
GO:0005737	WP_250124981.1
GO:0006412	WP_250124981.1
GO:0015935	WP_250124981.1
GO:0003735	WP_250125336.1
GO:0006412	WP_250125336.1
GO:0019843	WP_250125336.1
GO:0022627	WP_250125336.1
GO:0080153	WP_250123220.1
GO:0003677	WP_250126266.1
GO:0006355	WP_250126266.1
GO:0016020	WP_250124548.1
GO:0003676	WP_250125279.1
GO:0004519	WP_250125279.1
GO:0006355	WP_250124221.1
GO:0005886	WP_250125545.1
GO:0016874	WP_250126456.1
GO:0003676	WP_250124974.1
GO:0008152	WP_256478609.1
GO:0003674	WP_256478996.1
GO:0004519	WP_250125891.1
GO:0006401	WP_250125891.1
GO:0006886	WP_250122331.1
GO:0008320	WP_250122331.1
GO:0033281	WP_250122331.1
GO:0043953	WP_250122331.1
GO:0006355	WP_250124282.1
GO:0003735	WP_250125984.1
GO:0006412	WP_250125984.1
GO:0019843	WP_250125984.1
GO:0022627	WP_250125984.1
GO:0010411	WP_250126532.1
GO:0003735	WP_250122722.1
GO:0005840	WP_250122722.1
GO:0006412	WP_250122722.1
GO:1990904	WP_250122722.1
GO:0006355	WP_250123791.1
GO:0003677	WP_256478845.1
GO:0003676	WP_250124839.1
GO:0015979	WP_346016654.1
GO:0016491	WP_346016654.1
GO:0005829	WP_250125641.1
GO:0019290	WP_250125641.1
GO:0005886	WP_275983378.1
GO:0042910	WP_275983378.1
GO:0003677	WP_250126468.1
GO:0004803	WP_250126468.1
GO:0006313	WP_250126468.1
GO:0005488	WP_250122447.1
GO:0003729	WP_250121174.1
GO:0004519	WP_250121174.1
GO:0016787	WP_250121174.1
GO:0005198	WP_250122715.1
GO:0005506	WP_250122715.1
GO:0016226	WP_250122715.1
GO:0051536	WP_250122715.1
GO:0005198	WP_250124445.1
GO:0032991	WP_250124445.1
GO:0043232	WP_250124445.1
GO:0160307	WP_250124445.1
GO:0000030	WP_250123947.1
GO:0035269	WP_250123947.1
GO:0005216	WP_250121371.1
GO:0016020	WP_250121371.1
GO:0022836	WP_250121371.1
GO:0071944	WP_250121371.1
GO:0004518	WP_250125782.1
GO:0000105	WP_250121469.1
GO:0004400	WP_250121469.1
GO:0030170	WP_250121469.1
GO:0003743	WP_041548398.1
GO:0005829	WP_041548398.1
GO:0019843	WP_041548398.1
GO:0043022	WP_041548398.1
GO:0003729	WP_250126628.1
GO:0004519	WP_250126628.1
GO:0016787	WP_250126628.1
GO:0003729	WP_250126156.1
GO:0004519	WP_250126156.1
GO:0016787	WP_250126156.1
GO:0006355	WP_250126817.1
GO:0000035	WP_250122401.1
GO:0000036	WP_250122401.1
GO:0005829	WP_250122401.1
GO:0009245	WP_250122401.1
GO:0016020	WP_250122401.1
GO:0003677	WP_250122086.1
GO:0016020	WP_250125729.1
GO:0006355	WP_250124931.1
GO:0000428	WP_250122201.1
GO:0003677	WP_250122201.1
GO:0003899	WP_250122201.1
GO:0006351	WP_250122201.1
GO:0016655	WP_250126149.1
GO:0031676	WP_250126149.1
GO:0048038	WP_250126149.1
GO:0005886	WP_250125958.1
GO:0009306	WP_250125958.1
GO:0015450	WP_250125958.1
GO:0006355	WP_250123494.1
GO:0003677	WP_250125911.1
GO:0004521	WP_250125911.1
GO:0006402	WP_250125911.1
GO:0016075	WP_250125911.1
GO:0003677	WP_250124249.1
GO:0004803	WP_250124249.1
GO:0006313	WP_250124249.1
GO:0080153	WP_250123819.1
GO:0003729	WP_250124511.1
GO:0004519	WP_250124511.1
GO:0016787	WP_250124511.1
GO:0003677	WP_250126368.1
GO:0003677	WP_250126042.1
GO:0009523	WP_250122330.1
GO:0015979	WP_250122330.1
GO:0031676	WP_250122330.1
GO:0042301	WP_250122330.1
GO:0050821	WP_250122330.1
GO:0003677	WP_250126158.1
GO:0003677	WP_250121466.1
GO:0004803	WP_250121466.1
GO:0006313	WP_250121466.1
GO:0006605	WP_250125429.1
GO:0008320	WP_250125429.1
GO:0009306	WP_250125429.1
GO:0031676	WP_250125429.1
GO:0043952	WP_250125429.1
GO:0065002	WP_250125429.1
GO:0046872	WP_250123301.1
GO:0006355	WP_250126566.1
GO:0003677	WP_256478997.1
GO:0004803	WP_256478997.1
GO:0006313	WP_256478997.1
GO:0003677	WP_250124466.1
GO:0052592	WP_250122024.1
GO:0003729	WP_346016584.1
GO:0004519	WP_346016584.1
GO:0016787	WP_346016584.1
GO:0003735	WP_250121862.1
GO:0006412	WP_250121862.1
GO:0022627	WP_250121862.1
GO:0070181	WP_250121862.1
GO:0003824	WP_250126431.1
GO:0110165	WP_250126431.1
GO:0004519	WP_250124808.1
GO:0005829	WP_256478945.1
GO:0019239	WP_256478945.1
GO:0008289	WP_250125933.1
GO:0016787	WP_250125933.1
GO:0031676	WP_250125933.1
GO:0033177	WP_250125933.1
GO:0045259	WP_250125933.1
GO:0046933	WP_250125933.1
GO:0006355	WP_250123502.1
GO:0003735	WP_250125985.1
GO:0006412	WP_250125985.1
GO:0022625	WP_250125985.1
GO:0016491	WP_250126773.1
GO:0071949	WP_250126773.1
GO:0015979	WP_250125941.1
GO:0030089	WP_250125941.1
GO:0031676	WP_250125941.1
GO:0005737	WP_250121180.1
GO:0009055	WP_250124882.1
GO:0010181	WP_250124882.1
GO:0016652	WP_250124882.1
GO:0016655	WP_250124882.1
GO:0003723	WP_250122276.1
GO:0009055	WP_250125345.1
GO:0009522	WP_250125345.1
GO:0009535	WP_250125345.1
GO:0009773	WP_250125345.1
GO:0012505	WP_250125345.1
GO:0016491	WP_250125345.1
GO:0031676	WP_250125345.1
GO:0046872	WP_250125345.1
GO:0051539	WP_250125345.1
GO:0003677	WP_250125773.1
GO:0008170	WP_250125773.1
GO:0009007	WP_250125773.1
GO:0032259	WP_250125773.1
GO:0009767	WP_275983382.1
GO:0005737	WP_250123831.1
GO:0010992	WP_250123831.1
GO:0043130	WP_250123831.1
GO:0043161	WP_250123831.1
GO:0043531	WP_250123831.1
GO:0003700	WP_250125775.1
GO:0006351	WP_250125775.1
GO:0043565	WP_250125775.1
GO:0004519	WP_250123023.1
GO:0003676	WP_250126609.1
GO:0004866	WP_250123868.1
GO:0005506	WP_250126735.1
GO:0009055	WP_250126735.1
GO:0043448	WP_250126735.1
GO:0000155	WP_346016881.1
GO:0005524	WP_346016881.1
GO:0016020	WP_346016881.1
GO:0046983	WP_346016881.1
GO:0016655	WP_250126159.1
GO:0031676	WP_250126159.1
GO:0048038	WP_250126159.1
GO:0003676	WP_250123572.1
GO:0003735	WP_250121863.1
GO:0005737	WP_250121863.1
GO:0005840	WP_250121863.1
GO:0006412	WP_250121863.1
GO:1990904	WP_250121863.1
GO:0016020	WP_250125604.1
GO:0043169	WP_250125604.1
GO:0046873	WP_250125604.1
GO:0071944	WP_250125604.1
GO:0016491	WP_250123445.1
GO:0003674	WP_250126806.1
GO:0005737	WP_250121356.1
GO:0046872	WP_250121356.1
GO:0051537	WP_250121356.1
GO:0003743	WP_250121204.1
GO:0030313	WP_250124860.1
GO:0003677	WP_250123765.1
GO:0003700	WP_250123765.1
GO:0006351	WP_250123765.1
GO:0032993	WP_250123765.1
GO:0008926	WP_250124572.1
GO:0019594	WP_250124572.1
GO:0046029	WP_250124572.1
GO:0005506	WP_250122405.1
GO:0009055	WP_250122405.1
GO:0043448	WP_250122405.1
GO:0006355	WP_346016871.1
GO:0046872	WP_250123558.1
GO:0016020	WP_346016781.1
GO:0046464	WP_346016781.1
GO:0047372	WP_346016781.1
GO:0003677	WP_250121352.1
GO:0004386	WP_250121352.1
GO:0005524	WP_250121352.1
GO:0016787	WP_250121352.1
GO:0003676	WP_250125726.1
GO:0010467	WP_250125726.1
GO:0032774	WP_250125726.1
GO:0140110	WP_250125726.1
GO:0006355	WP_346016716.1
GO:0016874	WP_250124125.1
GO:0003735	WP_250122605.1
GO:0006412	WP_250122605.1
GO:0022625	WP_250122605.1
GO:0003729	WP_346016592.1
GO:0004519	WP_346016592.1
GO:0016787	WP_346016592.1
GO:0015979	WP_250121995.1
GO:0015995	WP_250121995.1
GO:0016491	WP_250121995.1
GO:0000155	WP_256478704.1
GO:0005524	WP_256478704.1
GO:0016020	WP_256478704.1
GO:0046872	WP_250126549.1
GO:0003677	WP_250122195.1
GO:0004803	WP_250122195.1
GO:0006313	WP_250122195.1
GO:0046872	WP_256478995.1
GO:0003735	WP_250122015.1
GO:0005840	WP_250122015.1
GO:0006412	WP_250122015.1
GO:1990904	WP_250122015.1
GO:0009055	WP_250122919.1
GO:0010181	WP_250122919.1
GO:0016652	WP_250122919.1
GO:0016655	WP_250122919.1
GO:0003735	WP_250122274.1
GO:0005840	WP_250122274.1
GO:0006412	WP_250122274.1
GO:1990904	WP_250122274.1
GO:0005829	WP_250124922.1
GO:0019239	WP_250124922.1
GO:0009539	WP_250123277.1
GO:0015979	WP_250123277.1
GO:0031676	WP_250123277.1
GO:0042549	WP_250123277.1
GO:0006508	WP_250123883.1
GO:0008233	WP_250123883.1
GO:0008320	WP_250123883.1
GO:0033281	WP_250123883.1
GO:0043953	WP_250123883.1
GO:0046872	WP_250123942.1
GO:0005829	WP_250125804.1
GO:0003677	WP_250126798.1
GO:0004803	WP_250126798.1
GO:0006313	WP_250126798.1
GO:0005886	WP_250121945.1
GO:0015105	WP_250121945.1
GO:0046685	WP_250121945.1
GO:0003735	WP_250122333.1
GO:0005840	WP_250122333.1
GO:0006412	WP_250122333.1
GO:1990904	WP_250122333.1
GO:0008703	WP_250126391.1
GO:0009231	WP_250126391.1
GO:0015095	WP_250125161.1
GO:0015662	WP_250125161.1
GO:0016020	WP_250125161.1
GO:0017111	WP_250125161.1
GO:0019829	WP_250125161.1
GO:0032559	WP_250125161.1
GO:0035639	WP_250125161.1
GO:0071944	WP_250125161.1
GO:0016740	WP_250121999.1
GO:0008449	WP_250124894.1
GO:0030203	WP_250124894.1
GO:0016779	WP_250125871.1
GO:0016020	WP_250122110.1
GO:0000166	WP_250121471.1
GO:0004540	WP_250121471.1
GO:0016787	WP_250121471.1
GO:0110001	WP_250121471.1
GO:0004519	WP_346016558.1
GO:0003735	WP_250124624.1
GO:0006412	WP_250124624.1
GO:0015934	WP_250124624.1
GO:0009055	WP_250122692.1
GO:0010181	WP_250122692.1
GO:0016652	WP_250122692.1
GO:0016655	WP_250122692.1
GO:0003677	WP_250122817.1
GO:0006310	WP_250122817.1
GO:0032196	WP_250122817.1
GO:0046872	WP_250122817.1
GO:0046872	WP_250126546.1
GO:0004175	WP_250126730.1
GO:0006508	WP_250126730.1
GO:0008237	WP_250126730.1
GO:0080120	WP_250126730.1
GO:0016747	WP_256478994.1
GO:0009522	WP_250124372.1
GO:0015979	WP_250124372.1
GO:0031676	WP_250124372.1
GO:0000155	WP_250123650.1
GO:0000160	WP_250123650.1
GO:0016020	WP_250123650.1
GO:0046983	WP_250123650.1
GO:0016020	WP_250125313.1
GO:0071944	WP_250125313.1
GO:0006355	WP_250125519.1
GO:0003676	WP_250123224.1
GO:0003677	WP_256478998.1
GO:0004803	WP_256478998.1
GO:0006313	WP_256478998.1
GO:0004519	WP_250125912.1
GO:0003677	WP_346016576.1
GO:0009523	WP_250125166.1
GO:0015979	WP_250125166.1
GO:0031676	WP_250125166.1
GO:0005975	WP_250123332.1
GO:0004497	WP_256479000.1
GO:0005506	WP_250122889.1
GO:0009055	WP_250122889.1
GO:0009539	WP_250122889.1
GO:0009767	WP_250122889.1
GO:0020037	WP_250122889.1
GO:0031676	WP_250122889.1
GO:0015979	WP_250122329.1
GO:0031676	WP_250122329.1
GO:0016491	WP_250123444.1
GO:0000155	WP_256478675.1
GO:0006355	WP_256478675.1
GO:0016020	WP_250125730.1
GO:0009522	WP_250122892.1
GO:0015979	WP_250122892.1
GO:0031676	WP_250122892.1
GO:0003677	WP_256478627.1
GO:0004803	WP_256478627.1
GO:0006313	WP_256478627.1
GO:0009539	WP_250123315.1
GO:0015979	WP_250123315.1
GO:0031676	WP_250123315.1
GO:0003735	WP_250123140.1
GO:0005840	WP_250123140.1
GO:0006412	WP_250123140.1
GO:1990904	WP_250123140.1
GO:0009539	WP_250122890.1
GO:0015979	WP_250122890.1
GO:0031676	WP_250122890.1
GO:0051920	WP_250122319.1
GO:0009539	WP_250122891.1
GO:0015979	WP_250122891.1
GO:0031676	WP_250122891.1
GO:0009523	WP_346016826.1
GO:0015979	WP_346016826.1
GO:0030145	WP_346016826.1
GO:0031676	WP_346016826.1
GO:0003735	WP_250125974.1
GO:0005737	WP_250125974.1
GO:0005840	WP_250125974.1
GO:0006412	WP_250125974.1
GO:1990904	WP_250125974.1
GO:0003677	WP_250126808.1
GO:0004803	WP_250126808.1
GO:0006313	WP_250126808.1
GO:0016746	WP_346016890.1
GO:0009539	WP_250122325.1
GO:0015979	WP_250122325.1
GO:0031676	WP_250122325.1
GO:0003700	WP_346016669.1
GO:0006351	WP_346016669.1
GO:0043565	WP_346016669.1
GO:0009523	WP_256478864.1
GO:0019684	WP_256478864.1
GO:0031676	WP_256478864.1
GO:0009512	WP_250124322.1
GO:0015979	WP_250124322.1
GO:0017004	WP_250124322.1
GO:0031676	WP_250124322.1
GO:0009055	WP_250124533.1
GO:0009512	WP_250124533.1
GO:0015979	WP_250124533.1
GO:0031676	WP_250124533.1
GO:0009523	WP_250121935.1
GO:0015979	WP_250121935.1
GO:0031676	WP_250121935.1
GO:0003700	WP_250126398.1
GO:0006351	WP_250126398.1
GO:0043565	WP_250126398.1
GO:0003677	WP_346016895.1
GO:0006310	WP_346016895.1
GO:0015074	WP_346016895.1
GO:0032196	WP_346016895.1
GO:0009055	WP_250126076.1
GO:0009512	WP_250126076.1
GO:0015979	WP_250126076.1
GO:0017004	WP_250126076.1
GO:0031676	WP_250126076.1
GO:0009539	WP_250123549.1
GO:0015979	WP_250123549.1
GO:0031676	WP_250123549.1
GO:0006313	WP_250126511.1
GO:0005262	WP_346016549.1
GO:0005886	WP_346016549.1
GO:0006874	WP_346016549.1
GO:0008273	WP_346016549.1
GO:0009522	WP_250123310.1
GO:0015979	WP_250123310.1
GO:0031676	WP_250123310.1
